Date,ret,hl_range,oc_change,vol5,target
2010-01-08,0.006478351153559585,0.011450918731308782,0.0062976328458824275,0.005153476762434217,0.006926876198316234
2010-01-11,0.006926876198316234,0.006165813188084247,0.0032070178920182556,0.005953662574205305,-0.0023914361899113113
2010-01-12,-0.0023914361899113113,0.005810676875838078,-0.002229318333725507,0.005629509268367704,0.0032624165675256152
2010-01-13,0.0032624165675256152,0.00815543272129148,0.003166137536164844,0.005666530736932899,-0.0016543361948232623
2010-01-14,-0.0016543361948232623,0.006168671972860211,-0.0016675540535139,0.0043928201785437765,-0.007540404328297255
2010-01-15,-0.007540404328297255,0.011002960232683434,-0.0074545180832103685,0.00555761215596694,0.0010943292439722868
2010-01-18,0.0010943292439722868,0.004845910408744814,0.0023915081182133086,0.004083548605453095,-0.008764058934729351
2010-01-19,-0.008764058934729351,0.010993766250807923,-0.008611494566011211,0.005273542461328696,-0.012023455501879625
2010-01-20,-0.012023455501879625,0.014380549571063952,-0.012163216302101498,0.005368003422111119,-0.0009448887352589319
2010-01-21,-0.0009448887352589319,0.007754895084611695,-0.0010009054443411809,0.005511691040428927,0.0031202553669439537
2010-01-22,0.0031202553669439537,0.006570345436290663,0.0030261441981512694,0.006554078550059096,0.0006365998603516985
2010-01-25,0.0006365998603516985,0.004465227468638437,-0.00028298778503439313,0.006476538699311678,-0.00479955913635074
2010-01-26,-0.00479955913635074,0.009573177596754634,-0.004647183446542814,0.005902783744496693,-0.003654736000310232
2010-01-27,-0.003654736000310232,0.006823015943479948,-0.003549965132759231,0.0032038943602927814,-0.004493678129876433
2010-01-28,-0.004493678129876433,0.007142038447098861,-0.0044138972678750815,0.003529586698365282,-0.007264974338785467
2010-01-29,-0.007264974338785467,0.008810457938868472,-0.007169252324771083,0.002877691765513846,0.004321987427387519
2010-02-01,0.004321987427387519,0.005837465472775813,0.0036767141067625955,0.004402865846825875,0.0035297275541919383
2010-02-02,0.0035297275541919383,0.006236203655370454,0.00391328655017446,0.005148612950432252,-0.005394201396022321
2010-02-03,-0.005394201396022321,0.009918319519823445,-0.00535185202876339,0.005382999140900618,-0.011293223003581414
2010-02-04,-0.011293223003581414,0.013533883233256288,-0.011284636471401759,0.006868520493793388,-0.004730733220285858
2010-02-05,-0.004730733220285858,0.011550948479658691,-0.0047059221470363245,0.006582989633680724,-0.0018587840154328738
2010-02-08,-0.0018587840154328738,0.006500226551089235,0.0007100146310016309,0.0054068866536260115,0.009287239831575736
2010-02-09,0.009287239831575736,0.013680360549404498,0.009178872618941313,0.007575943533723547,-0.002092706982513662
2010-02-10,-0.002092706982513662,0.009424831733794594,-0.00209051879793223,0.007435665595403779,-0.005212626465916843
2010-02-11,-0.005212626465916843,0.014581391421905232,-0.004966457231897951,0.005903232591996511,-0.003428251752621481
2010-02-12,-0.003428251752621481,0.011467487452804579,-0.003981352431981964,0.005718980086567623,-0.0023424364887807947
2010-02-15,-0.0023424364887807947,0.0035936207119868155,-0.0018363290493818073,0.005748318581691464,0.011987830695040481
2010-02-16,0.011987830695040481,0.013493587270777737,0.012486757253308091,0.0069329299148319585,-0.01170218360079305
2010-02-17,-0.01170218360079305,0.014435208283213355,-0.011511495387642576,0.008691555683307975,-0.010745953065451137
2010-02-18,-0.010745953065451137,0.015074236783907779,-0.010957727585088823,0.009495730320016167,0.011344846050983796
2010-02-19,0.011344846050983796,0.011981103132153231,0.010728660975357601,0.011509693103218718,-0.0006941288237528771
2010-02-22,-0.0006941288237528771,0.005572394205425313,-0.0017143616360151465,0.0114597642704781,-0.005792763300923249
2010-02-23,-0.005792763300923249,0.014400865615303862,-0.005816609926340067,0.009397834271145756,0.0011911152884733632
2010-02-24,0.0011911152884733632,0.008787299658088301,0.0012053245788304042,0.008294961915810507,-0.0005280938935947858
2010-02-25,-0.0005280938935947858,0.008711887364231783,-0.0006361523590178943,0.006291757673664566,0.006995482680619629
2010-02-26,0.006995482680619629,0.010459099320208668,0.006910935659022584,0.004593413852941026,-0.005071458325896351
2010-03-01,-0.005071458325896351,0.0141094542546528,-0.005926589351676894,0.005192660395543713,0.004308478211709109
2010-03-02,0.004308478211709109,0.013057618621683333,0.004494890938585414,0.004620807306023725,0.005928833785702982
2010-03-03,0.005928833785702982,0.009895714745466737,0.005987649220785495,0.005039418100982284,-0.008622155066121798
2010-03-04,-0.008622155066121798,0.01137244398639133,-0.008557919259738244,0.007074724715397303,0.0033063934556413514
2010-03-05,0.0033063934556413514,0.0067818746841877475,0.003380019192028422,0.006416834213619153,-0.0008855623903915136
2010-03-08,-0.0008855623903915136,0.00684855174872296,-0.0017701708901794054,0.0058419652333922606,-0.0007350346069989022
2010-03-09,-0.0007350346069989022,0.007149969766032534,-0.0008301092885318132,0.0055124028584083865,0.0026706168401981092
2010-03-10,0.0026706168401981092,0.009385104446214092,0.0024968612951286545,0.00474581858139288,0.003074386641760194
2010-03-11,0.003074386641760194,0.004741692521601172,0.002641260538578893,0.0021093496796507137,0.006163676066468489
2010-03-12,0.006163676066468489,0.008752706246078441,0.006210232196411006,0.0029466302061810223,-0.006738314588262822
2010-03-15,-0.006738314588262822,0.00935836136245637,-0.00700287518249546,0.004913900652182532,0.006655721326007922
2010-03-16,0.006655721326007922,0.008847714072135467,0.006953234017526585,0.005392290716217347,-0.0022143784452942263
2010-03-17,-0.0022143784452942263,0.00622791996983137,-0.002225663991488862,0.0057535638689924775,-0.009094421161701699
2010-03-18,-0.009094421161701699,0.010946023806896727,-0.008808158167562873,0.007242937527060435,-0.005674542232874572
2010-03-19,-0.005674542232874572,0.009095513147302765,-0.005536648661013252,0.006149525985715269,0.002222510096576412
2010-03-22,0.002222510096576412,0.007395483559465823,0.003920904102319463,0.00624323658533074,-0.007326482010404814
2010-03-23,-0.007326482010404814,0.007732664128588546,-0.00729970876554638,0.004496092796122277,-0.010223632308132048
2010-03-24,-0.010223632308132048,0.013313932234939289,-0.010318277957102917,0.004921579947277658,-0.0017980234110052788
2010-03-25,-0.0017980234110052788,0.007559942713210496,-0.0017166014814194769,0.004863211796411311,0.007707804989096178
2010-03-26,0.007707804989096178,0.009042011685143313,0.00773758658571075,0.007211858578345691,0.005284100879331864
2010-03-29,0.005284100879331864,0.006211735951481839,0.002453578009757225,0.007757005343005008,-0.004237636731491626
2010-03-30,-0.004237636731491626,0.010011869352932726,-0.003986994175045633,0.007261369148856739,0.0062348001309614105
2010-03-31,0.0062348001309614105,0.011693650622612654,0.006254276954291713,0.005305526072426975,0.005608017460515234
2010-04-01,0.005608017460515234,0.00945582868688684,0.005596527255029488,0.004763510813777606,-0.005837583715019452
2010-04-02,-0.005837583715019452,0.008437285556886092,-0.005766569727821454,0.005923132074886712,-0.0011742507574594597
2010-04-05,-0.0011742507574594597,0.00564819816981482,-0.0005800194558680887,0.005560260651774972,-0.006480696650848827
2010-04-06,-0.006480696650848827,0.01041328289083478,-0.006459742227165701,0.0060670000641714,-0.003999225824925799
2010-04-07,-0.003999225824925799,0.005999374324681909,-0.003857710238491598,0.004915655900927376,0.0009481548735943754
2010-04-08,0.0009481548735943754,0.006087549181963831,0.0014295768550792373,0.0031468368441070443,0.01040894266375973
2010-04-09,0.01040894266375973,0.011622727220952887,0.01047673736573605,0.006492294189429733,0.0070179832710689045
2010-04-12,0.0070179832710689045,0.008675197660567263,-0.0030047560516248436,0.007141843345634239,0.0009249428923986608
2010-04-13,0.0009249428923986608,0.005316707359120483,0.0009253707839907292,0.0056684128656068564,0.0034762566030123536
2010-04-14,0.0034762566030123536,0.00550444700411534,0.0028814051360850127,0.004113552742556707,-0.006017827303584209
2010-04-15,-0.006017827303584209,0.01052716164905919,-0.0060812275824070235,0.006260175636107279,-0.005171809284392402
2010-04-16,-0.005171809284392402,0.007059677010860792,-0.0051584585045671,0.005593373019866155,-0.0012416783781394466
2010-04-19,-0.0012416783781394466,0.0054374514978866775,-0.00013494803175158392,0.00401705583587795,-0.003876713889154276
2010-04-20,-0.003876713889154276,0.006839563292956353,-0.004003635024519978,0.003830339953783965,-0.0033665699312842
2010-04-21,-0.0033665699312842,0.00628153521019675,-0.0034010557362517176,0.0018336001556255295,-0.008997571964234662
2010-04-22,-0.008997571964234662,0.011445536143883455,-0.008851060935085244,0.0028707371003042323,0.008555801171260513
2010-04-23,0.008555801171260513,0.014256378968276058,0.008605916456393048,0.006444478090360749,0.0012856772942977386
2010-04-26,0.0012856772942977386,0.008810268206009214,0.0027874710539743026,0.006595136441062176,-0.017350595323902363
2010-04-27,-0.017350595323902363,0.02013884363346712,-0.017385282906840504,0.009864059376535202,0.003192375500305
2010-04-28,0.003192375500305,0.011117018670705092,0.0030257118997398438,0.010387386974340945,0.0037860425403388816
2010-04-29,0.0037860425403388816,0.0068767375201896136,0.0038595163130543684,0.010004585312323289,0.002642793494121407
2010-04-30,0.002642793494121407,0.008573570811563241,0.002420230477686622,0.009026372339225515,-0.007406060624911719
2010-05-03,-0.007406060624911719,0.0126488081127067,-0.009239929106291173,0.009241026640156273,-0.018039068609863564
2010-05-04,-0.018039068609863564,0.019319450476402322,-0.017877338558341668,0.009509050858532998,-0.011561530236906613
2010-05-05,-0.011561530236906613,0.015506319105036866,-0.011802453887457383,0.009330655524243527,-0.014301298926443492
2010-05-06,-0.014301298926443492,0.024870117811185043,-0.014275261874363185,0.007933765895201075,0.009698510652536201
2010-05-07,0.009698510652536201,0.015966339749624647,0.010102751202382581,0.010796362156212705,0.0018130244848811644
2010-05-10,0.0018130244848811644,0.025681269165126416,-0.007744228852857232,0.011738027698874966,-0.011751436422303828
2010-05-11,-0.011751436422303828,0.01441420914539403,-0.01168265797213264,0.010456697012911466,0.0007200971762973788
2010-05-12,0.0007200971762973788,0.010280421784304024,0.00031597210199379435,0.010028528528071727,-0.007780520819727087
2010-05-13,-0.007780520819727087,0.013295071754243782,-0.007512093813482848,0.008453409371450452,-0.014541713473336576
2010-05-14,-0.014541713473336576,0.017718170673239164,-0.014275707425147935,0.00733039125409457,0.0026609142594338016
2010-05-17,0.0026609142594338016,0.013281402928924648,0.001673057862037475,0.007571085306322916,-0.017420541411739418
2010-05-18,-0.017420541411739418,0.02248652415765604,-0.017135713837677036,0.0089251977923799,0.017457670512705855
2010-05-19,0.017457670512705855,0.0231631271395127,0.017028489042709743,0.014232903327491594,0.006877180708703355
2010-05-20,0.006877180708703355,0.02395106272917852,0.007175337551731762,0.014740673571318698,0.007037874568230381
2010-05-21,0.007037874568230381,0.015512669858209444,0.00682388307503177,0.012815559597379407,-0.017428508509895628
2010-05-24,-0.017428508509895628,0.01708918088689762,-0.014684029719581543,0.015861973070302435,-0.00032109748809052677
2010-05-25,-0.00032109748809052677,0.016607731407391756,-0.0004814916222484452,0.012926094601360842,-0.01411019910489194
2010-05-26,-0.01411019910489194,0.016622606670645676,-0.014011116816565188,0.011569120698341937,0.01427076073688679
2010-05-27,0.01427076073688679,0.01853831134195289,0.014410128133335918,0.013545059845598992,-0.006007743200723137
2010-05-28,-0.006007743200723137,0.014605899546064564,-0.005498733665658564,0.012563236495203281,0.0011297805807935497
2010-05-31,0.0011297805807935497,0.005198188831567797,0.00087242868999953,0.010430094960425964,-0.004475054329738393
2010-06-01,-0.004475054329738393,0.018305567563416957,-0.004477321771510683,0.010526722871059671,0.0004894631085020045
2010-06-02,0.0004894631085020045,0.007499985389828594,0.00015908136890248564,0.007991278099311014,-0.005699372486833643
2010-06-03,-0.005699372486833643,0.013972218369213153,-0.005561506411143119,0.00345333715455049,-0.016438877880181633
2010-06-04,-0.016438877880181633,0.02161236754169576,-0.016424258659521837,0.007059054914146204,-0.004026206980611523
2010-06-07,-0.004026206980611523,0.00897279436510535,-0.0017765396560579304,0.00627276842792836,0.004109951497747085
2010-06-08,0.004109951497747085,0.008681682495310853,0.004106361676170625,0.007795045816331915,0.0016655661095444536
2010-06-09,0.0016655661095444536,0.01228258351963943,0.0017508415630786928,0.007991463169939818,0.009712600726572622
2010-06-10,0.009712600726572622,0.01510820610504784,0.00975992111026173,0.009943508361000294,0.0004117173657361627
2010-06-11,0.0004117173657361627,0.008113384269631077,0.0005330544987672992,0.005054296852718734,0.008552695671447725
2010-06-14,0.008552695671447725,0.012336891867012223,0.005828140513260851,0.004115011573499732,0.008232084215862382
2010-06-15,0.008232084215862382,0.014534477519793922,0.008463242107276534,0.0043270013505913515,-0.0005788409597696201
2010-06-16,-0.0005788409597696201,0.0069864446165762975,-0.0005786734636606612,0.004926928753264081,0.005679618852154692
2010-06-17,0.005679618852154692,0.01317062594482665,0.0055224796655882315,0.004308269848644108,0.0008794776975884809
2010-06-18,0.0008794776975884809,0.004679219293254643,0.0008179085781146495,0.0042021736610969515,-0.006226657623137047
2010-06-21,-0.006226657623137047,0.01315557937068562,-0.00748814939140011,0.005638059504191575,-0.0033320921830013402
2010-06-22,-0.0033320921830013402,0.007287221427929082,-0.0034002445559018516,0.0044910908330765735,0.0035784942161648527
2010-06-23,0.0035784942161648527,0.010544146592116674,0.0035849046709033427,0.00488989428009133,0.001491632255975468
2010-06-24,0.001491632255975468,0.009778049097697188,0.0014927452927139399,0.003970925134322406,0.0028788196091727477
2010-06-25,0.0028788196091727477,0.010916692094018804,0.0030808812756562927,0.00426245234136542,-0.007789398795184143
2010-06-28,-0.007789398795184143,0.010667647760510565,-0.008323901600303664,0.004823970192337681,-0.007412309622866366
2010-06-29,-0.007412309622866366,0.011129986400791813,-0.007080340535474245,0.005666011498782968,0.003577106199264277
2010-06-30,0.003577106199264277,0.01083038226730571,0.003497814403972328,0.005665703529903744,0.022434959929625495
2010-07-01,0.022434959929625495,0.024666378512121792,0.022525957229167993,0.012273437482453532,0.0050658469285492815
2010-07-02,0.0050658469285492815,0.010030590760412761,0.004952937893724875,0.012318605985393737,-0.0027116938579534516
2010-07-05,-0.0027116938579534516,0.00368458646673736,-0.0014543157153544199,0.011360768824376293,0.006919288695354777
2010-07-06,0.006919288695354777,0.014022543380166112,0.006614979505169762,0.009327410506911429,0.0007197730453446378
2010-07-07,0.0007197730453446378,0.007905690341903828,0.0012758970537018245,0.009674978573717711,0.004812213760014204
2010-07-08,0.004812213760014204,0.006838583656929817,0.004747583418143061,0.00389640783944855,-0.003952752093030131
2010-07-09,-0.003952752093030131,0.008464870077354322,-0.0037805750520367963,0.004685938646611527,-0.004277160303314195
2010-07-12,-0.004277160303314195,0.007389828858699313,-0.004431724408636971,0.005047434958371278,0.01033933500313667
2010-07-13,0.01033933500313667,0.016782531705450156,0.010380246720938305,0.006180967655317816,0.0015403690623002038
2010-07-14,0.0015403690623002038,0.007034769449054717,0.0014778318199089838,0.006165006663013495,0.014656530180525616
2010-07-15,0.014656530180525616,0.01884165103698114,0.014686801573009152,0.00852910498711143,0.0002586043942033506
2010-07-16,0.0002586043942033506,0.008505740090924795,0.0007629280792220089,0.007762735842542907,0.0005821452256836634
2010-07-19,0.0005821452256836634,0.008892704647137201,0.0028596237133958614,0.006606708376077447,-0.003590791079218506
2010-07-20,-0.003590791079218506,0.014171147197396476,-0.0037906717274047035,0.006969981470598184,-0.009750962757509874
2010-07-21,-0.009750962757509874,0.013794158804946301,-0.009716394882705476,0.008975876601564636,0.010524922553194389
2010-07-22,0.010524922553194389,0.014419702526018648,0.010425693572060761,0.0073887387213902546,0.0007744690481291679
2010-07-23,0.0007744690481291679,0.012722279392004824,0.0008910047055175395,0.007403737209188346,0.006633442012646263
2010-07-26,0.006633442012646263,0.009076560356503735,0.008514384231796943,0.008048847783396254,-0.0006237988062238497
2010-07-27,-0.0006237988062238497,0.0069087999679928085,-0.0003897521510209323,0.007736631357025958,0.0001039629092840535
2010-07-28,0.0001039629092840535,0.005570489060881283,-0.0002858243592801189,0.004876827486463021,0.006582753168812028
2010-07-29,0.006582753168812028,0.009562775780937234,0.006159856926674921,0.0036070169311626394,-0.0029904301752239084
2010-07-30,-0.0029904301752239084,0.00852649492507981,-0.002868623393515746,0.004411257930334544,0.010446432862118028
2010-08-02,0.010446432862118028,0.010342749467169456,0.008867413151187704,0.005595778885105735,0.003722536109771636
2010-08-03,0.003722536109771636,0.008399324030276578,0.0037955892120901855,0.0052782072828791516,0.0
2010-08-04,0.0,0.0077725881801925635,-6.61575837591965e-05,0.005295466176105236,-0.0050786815117946455
2010-08-05,-0.0050786815117946455,0.008606162756523317,-0.00022363609832616553,0.006129422105371528,0.0017646474237551716
2010-08-06,0.0017646474237551716,0.012895844304609008,0.00010537152371202984,0.0056640599130212705,0.007887125187317354
2010-08-09,0.007887125187317354,0.005498599441283938,-2.6558675741359413e-05,0.004775131387696978,-0.004202688781353308
2010-08-10,-0.004202688781353308,0.01130319807952678,-7.928657935892836e-05,0.005214136639135823,-0.003407553186880817
2010-08-11,-0.003407553186880817,0.02381381412605122,-5.270805487568493e-05,0.005443870056839172,-0.02619518817946638
2010-08-12,-0.02619518817946638,0.011278051384678411,0.00020552971477878402,0.012885095898393909,-0.001103967401704031
2010-08-13,-0.001103967401704031,0.011723865785346534,0.00010268194078346414,0.012578222673476832,-0.004608142791233524
2010-08-16,-0.004608142791233524,0.01048584851503003,7.664166492954895e-05,0.010314897243375977,0.0032105568602751244
2010-08-17,0.0032105568602751244,0.008337039635411528,-7.69424932547984e-05,0.011450147970838495,0.005292525997281421
2010-08-18,0.005292525997281421,0.007306775737350896,0.00023171658478822742,0.012623476678177379,-0.001827205331509851
2010-08-19,-0.001827205331509851,0.00933538857766806,7.715179318571624e-05,0.003997659959976789,-0.0037726963300603726
2010-08-20,-0.0037726963300603726,0.013071011527474887,-7.678002624853163e-05,0.004374472107679178,-0.007680836874902004
2010-08-23,-0.007680836874902004,0.006245293426183149,-6.349280186700725e-05,0.0052516778282970635,-0.0059180871120244295
2010-08-24,-0.0059180871120244295,0.00997486847154133,-0.00040430717763599415,0.00502306491399263,-0.0001642736980887827
2010-08-25,-0.0001642736980887827,0.008368455500346504,-0.00012633702358841493,0.0030262183362015347,0.002453840014940038
2010-08-26,0.002453840014940038,0.008811359750405819,0.0002406603811245183,0.004147496047539375,0.003348889293448562
2010-08-27,0.003348889293448562,0.007666408230140105,3.809144235386888e-05,0.00496509252118953,0.0037299821012289247
2010-08-30,0.0037299821012289247,0.0065663438890344586,7.646301891328663e-05,0.003994337049363668,-0.006926953201297012
2010-08-31,-0.006926953201297012,0.008994304535759523,0.0003039056393702036,0.004414936408723402,0.0016860217365177637
2010-09-01,0.0016860217365177637,0.014357116850475082,0.0001014866382973925,0.004424099674627868,0.009074472093895964
2010-09-02,0.009074472093895964,0.005450519851548043,-0.00011516479178633906,0.005798341842107079,0.0017940314883815697
2010-09-03,0.0017940314883815697,0.00562496502985637,-1.282609414947939e-05,0.0057617259783283425,0.005298241237920658
2010-09-06,0.005298241237920658,0.0036739804817416083,0.0,0.005928461508538352,-0.00199656779676877
2010-09-07,-0.00199656779676877,0.012767583531268875,2.575389907547208e-05,0.004188707957697653,-0.014905775134682301
2010-09-08,-0.014905775134682301,0.0077125173565255785,-7.61574594021978e-05,0.00921542385617661,0.004256166238409801
2010-09-09,0.004256166238409801,0.0074552381416069236,0.0,0.008206767112023202,-0.003063653161283119
2010-09-10,-0.003063653161283119,0.007669703399003126,0.00025392117039341156,0.008063195114006985,0.0018803207976895843
2010-09-13,0.0018803207976895843,0.013442160734675888,-0.00015258579975438186,0.0073985451141954615,0.012116094124892242
2010-09-14,0.012116094124892242,0.014380036261033135,2.574660762958461e-05,0.01000002952675404,0.009259067637498604
2010-09-15,0.009259067637498604,0.00590351174439915,5.19375981685424e-05,0.006000535398351679,0.001794455693757999
2010-09-16,0.001794455693757999,0.010304334202583974,0.00015609929124142817,0.00616425932607728,0.004670317385591432
2010-09-17,0.004670317385591432,0.010026582326718474,6.546182864261915e-05,0.004594531894699716,-0.0024552993407984166
2010-09-20,-0.0024552993407984166,0.00676290524539156,0.00014341243350151007,0.005803330014479402,0.0017624675229667383
2010-09-21,0.0017624675229667383,0.006846696276779732,-3.922722369324311e-05,0.004321770764188218,0.014438189232468136
2010-09-22,0.014438189232468136,0.013955886987888862,0.00022539520386708376,0.006343070150511244,0.010059428719971675
2010-09-23,0.010059428719971675,0.007373863946726434,-9.373129880352955e-05,0.006678955036009165,-0.005382034059724173
2010-09-24,-0.005382034059724173,0.015278137900362958,7.993197278928239e-05,0.008364731509807866,0.011938324449518322
2010-09-27,0.011938324449518322,0.005328609212742673,-0.00021565907721788648,0.00819857735450235,-0.0029744172808687758
2010-09-28,-0.0029744172808687758,0.014592900019656725,-6.714413806395866e-05,0.00911453359029442,0.009763951553616946
2010-09-29,0.009763951553616946,0.005496609352563297,6.790627984625948e-05,0.008174697523094694,0.004202116302138856
2010-09-30,0.004202116302138856,0.00820929095200536,0.0,0.007611562329456773,-0.000435887455197779
2010-10-01,-0.000435887455197779,0.011377724726340493,-6.807933920720868e-05,0.006390549329677003,0.011301804002874788
2010-10-04,0.011301804002874788,0.008342776429478243,-5.511533944689637e-05,0.006209062187809196,-0.007494084714141646
2010-10-05,-0.007494084714141646,0.015248470031233764,-6.843079214803843e-05,0.00769665601944478,0.011621940993247981
2010-10-06,0.011621940993247981,0.008950560580893429,-0.00015215593588221234,0.008110378216720093,0.0062030022828410275
2010-10-07,0.0062030022828410275,0.008863525733932714,-0.0002922852615114076,0.008181811719564279,0.0005707906624242484
2010-10-08,0.0005707906624242484,0.008908538045090978,0.0003620907043637592,0.008049316184170615,0.003557968270295541
2010-10-11,0.003557968270295541,0.008530040296736954,-0.0006989408417017032,0.007086552194976836,-0.006992247269975627
2010-10-12,-0.006992247269975627,0.007331945614260647,-5.556407671655639e-05,0.00690387907395806,0.0026407171180504964
2010-10-13,0.0026407171180504964,0.006269468420310856,0.0,0.005004359439049705,0.0036109743582841878
2010-10-14,0.0036109743582841878,0.010871339921770575,-0.00012570340141611645,0.004460745472694008,0.00747240431001589
2010-10-15,0.00747240431001589,0.011015746074409466,0.00014072925884975118,0.005390360449041355,-0.0076818729058569
2010-10-18,-0.0076818729058569,0.009748736846337668,-0.0004748415872149607,0.006774428626168278,-0.002036708965121064
2010-10-19,-0.002036708965121064,0.0158226064192199,-0.00013941241004815052,0.005826660177391272,-0.014224451459383529
2010-10-20,-0.014224451459383529,0.02028010302304846,-6.862757601729752e-05,0.008678942799294966,0.016177411923508914
2010-10-21,0.016177411923508914,0.01231837510518091,-5.583155466293363e-05,0.01207293110156724,-0.0033177572614473817
2010-10-22,-0.0033177572614473817,0.007265240777756189,1.3876762188187226e-05,0.011331838854732395,0.0019503246474671958
2010-10-25,0.0019503246474671958,0.010101438419252012,0.00047418651438870397,0.010983874014009852,0.0003486567540382671
2010-10-26,0.0003486567540382671,0.010196197406681939,0.0009346210905298488,0.010940772101374396,-0.0068118389124068365
2010-10-27,-0.0068118389124068365,0.008435018051007305,-0.00023562247000480363,0.008790745736049455,-0.005512598943926412
2010-10-28,-0.005512598943926412,0.011943693226597671,8.263430194002844e-05,0.003745479509958018,0.0
2010-10-29,0.0,0.011918775203002021,8.263430194002844e-05,0.0038927261919599384,0.014195311128468011
2010-11-01,0.014195311128468011,0.010412997817904725,0.0026831703610900185,0.008328160861557103,-0.004601149220226048
2010-11-02,-0.004601149220226048,0.011805228427600886,-8.345975830104231e-05,0.008630997151479776,0.008956863160489622
2010-11-03,0.008956863160489622,0.004695646310004891,0.00036499528675197103,0.008650021182209741,0.006477529785477337
2010-11-04,0.006477529785477337,0.012519970125291678,-0.0003390174785906118,0.007409040261063636,0.007102992808711045
2010-11-05,0.007102992808711045,0.013838609711039437,-1.4159473542395307e-05,0.006870706982836226,-0.010755222451550838
2010-11-08,-0.010755222451550838,0.01330149063012169,-1.3973826937456284e-05,0.008648240978884784,-0.014754701630107765
2010-11-09,-0.014754701630107765,0.010350258730683138,0.000832171255579727,0.011227701567917378,-0.007062371717888688
2010-11-10,-0.007062371717888688,0.010594568973113384,0.00012388135611561394,0.010043984935311672,0.00026172033842768085
2010-11-11,0.00026172033842768085,0.011416142328158168,0.000261754590183545,0.008756278949959678,-0.011287233725628645
2010-11-12,-0.011287233725628645,0.014101187366151093,0.0003268140653839995,0.005713350024135918,0.0052853524569610255
2010-11-15,0.0052853524569610255,0.011325638798535452,-0.0001780005894474287,0.008232605534835812,-0.008684748826313858
2010-11-16,-0.008684748826313858,0.008185747101565473,-9.492085611428282e-05,0.006862331905632183,-0.006224990968142396
2010-11-17,-0.006224990968142396,0.006493419276028463,-0.0002428566014371441,0.006787797655507864,0.004692205558127927
2010-11-18,0.004692205558127927,0.00905591801801842,0.0004608138410633088,0.007728435734931636,0.0075919229732363085
2010-11-19,0.0075919229732363085,0.008880326303853311,-0.00015019703651908723,0.007422088117765873,0.006357057443670333
2010-11-22,0.006357057443670333,0.01283250978804771,-4.119652755770159e-05,0.007606853873042852,-0.010418692601628437
2010-11-23,-0.010418692601628437,0.015638744648063828,0.0,0.008163454104762869,-0.015976469224680656
2010-11-24,-0.015976469224680656,0.009631874818665991,-0.00010720822133903069,0.010860918042313112,-0.002126081609495989
2010-11-25,-0.002126081609495989,0.006440181808300244,0.0,0.010294370443352997,-0.0013616062857695526
2010-11-26,-0.0013616062857695526,0.010955407159597584,-0.00018682532136233632,0.008658673656853914,-0.007654296583068306
2010-11-29,-0.007654296583068306,0.017340341918886656,-0.0003573734974334822,0.00606118191329911,-0.010181003400475444
2010-11-30,-0.010181003400475444,0.01356522628284653,0.00018352457072811303,0.006033509549878474,-0.008572467909573613
2010-12-01,-0.008572467909573613,0.012122355449013272,-0.00022089817859911293,0.003979787425585257,0.010172388768411924
2010-12-02,0.010172388768411924,0.011192126555816856,-5.249510696576126e-05,0.00835357675353198,0.006914477075129106
2010-12-03,0.006914477075129106,0.01374291877841988,0.000224650695235258,0.009613011182212534,0.01501982086632797
2010-12-06,0.01501982086632797,0.01261802771887581,-8.049725625190915e-05,0.011383769908658822,-0.009666231231329044
2010-12-07,-0.009666231231329044,0.008599414581627732,-0.0002656779357344627,0.011239901264806215,-0.003183907449486137
2010-12-08,-0.003183907449486137,0.007099806272368593,-0.00030466544836478516,0.010078353905774284,0.00046369032544568266
2010-12-09,0.00046369032544568266,0.011245639797844416,0.00041076288766310026,0.009473133421915933,-0.0006622619605450978
2010-12-10,-0.0006622619605450978,0.007405224843039913,0.00010587858427368101,0.009069796800134254,-0.003397481941385476
2010-12-13,-0.003397481941385476,0.015053707300496579,-0.00011876938300524834,0.003926650228755303,0.014917942056763405
2010-12-14,0.014917942056763405,0.009493145381976426,0.00010715799378163231,0.007609753576310365,-0.002581966069253917
2010-12-15,-0.002581966069253917,0.006811489748281001,6.683188746545197e-05,0.007518822687195119,-0.010301564827892904
2010-12-16,-0.010301564827892904,0.005777822209774052,-0.00017196912307013555,0.009307186226218112,0.001204167071185813
2010-12-17,0.001204167071185813,0.016392152576249906,-7.940684348360725e-05,0.009331688401550521,-0.0056771074032288945
2010-12-20,-0.0056771074032288945,0.006308722364873986,9.209802562497274e-05,0.009589369945324593,-0.00357442036638203
2010-12-21,-0.00357442036638203,0.006243618910788113,-9.18656134196852e-05,0.004231559696130761,-0.0021359203069993963
2010-12-22,-0.0021359203069993963,0.007638481862202793,-0.00013084865963896151,0.004278278259326621,0.0019391577993921958
2010-12-23,0.0019391577993921958,0.0071627690526202895,-3.93548244604992e-05,0.0032087934960152434,0.0008922552685333885
2010-12-24,0.0008922552685333885,0.0035815050530560214,0.0002625134197496022,0.0031417944873295186,-0.0036165516330958457
2010-12-27,-0.0036165516330958457,0.006887834942779232,-0.00017003883008893936,0.002575669066271183,0.0083667580069463
2010-12-28,0.0083667580069463,0.01003887825005215,5.2785234596189585e-05,0.0046440705593629875,-0.007869529179463017
2010-12-29,-0.007869529179463017,0.00535456210422084,-5.228577656538742e-05,0.0061145614887706,0.010510944369789865
2010-12-30,0.010510944369789865,0.006800168890962566,0.00026454802231869217,0.007787219059157232,0.005782565559017043
2010-12-31,0.005782565559017043,0.010059166241481473,1.3353965957270059e-05,0.007972103697986926,0.004252149381005968
2011-01-03,0.004252149381005968,0.008393520676450675,0.00014700393135103843,0.0071653731788547574,-8.014293648722583e-05
2011-01-04,-8.014293648722583e-05,0.008437033196659458,-0.00024038064730564436,0.006931863459175948,-0.0026811686131298852
2011-01-05,-0.0026811686131298852,0.014628803180089005,-0.00021311789875414606,0.005146291706625319,-0.012404565265891997
2011-01-06,-0.012404565265891997,0.010385465096630164,-0.00031575351914362137,0.007199329861561887,-0.013538462981196372
2011-01-07,-0.013538462981196372,0.006347330455825428,-0.0007008997985863554,0.007791937475438383,-0.006559274229663774
2011-01-10,-0.006559274229663774,0.005521314214224773,-0.00023216946374491747,0.005888078866045409,0.005404806830928461
2011-01-11,0.005404806830928461,0.005857779211338501,0.00045378190375168996,0.007733597654893841,0.0014660361185259315
2011-01-12,0.0014660361185259315,0.007436086946541937,-0.00015578172822615285,0.008368903049825332,0.011058331339293227
2011-01-13,0.011058331339293227,0.019880570565528524,2.624272944726637e-05,0.00973423618053558,0.016987137040285576
2011-01-14,0.016987137040285576,0.009207217794556426,0.00016027153480218252,0.009005699354081818,0.002018398499029463
2011-01-17,0.002018398499029463,0.00951553656083256,0.00030773434531857456,0.006585022591072806,-0.007225863458861638
2011-01-18,-0.007225863458861638,0.01544767744157551,1.3281630697079208e-05,0.00936947899281588,0.007065304177615816
2011-01-19,0.007065304177615816,0.011858192495558702,-0.00026751899781291303,0.009195291106481806,0.0055135520643753615
2011-01-20,0.0055135520643753615,0.00855259298356122,-8.0724303464898e-05,0.008753571544435228,0.0011844727598855896
2011-01-21,0.0011844727598855896,0.010246696078913854,0.00017502063375529213,0.005553540054180084,0.011187004268384345
2011-01-24,0.011187004268384345,0.009770075605130765,-0.00017703825242679363,0.0070044906384340916,0.0017993609499582805
2011-01-25,0.0017993609499582805,0.007924276014371458,0.0,0.004092624199757432,0.003074654798690274
2011-01-26,0.003074654798690274,0.004925393531949022,-0.0001368195405127798,0.004063486007361081,0.0017533191205943912
2011-01-27,0.0017533191205943912,0.008268168607304999,0.00015079414772608686,0.004187075334118398,0.0009464381911931488
2011-01-28,0.0009464381911931488,0.00954781482284526,-0.000137232305804996,0.004225422654962091,-0.011013589801631637
2011-01-31,-0.011013589801631637,0.012171808488120226,-0.0002441950979218709,0.005822236847289392,0.010341441443834263
2011-02-01,0.010341441443834263,0.006450968527580092,-8.222544112498809e-05,0.007688649551351229,0.008428214648800938
2011-02-02,0.008428214648800938,0.005676567531595603,0.0001520740390218191,0.008387258153994277,-0.0008708792191564442
2011-02-03,-0.0008708792191564442,0.014879118592445112,0.00015203395896774293,0.008495096800994813,-0.014091146651487621
2011-02-04,-0.014091146651487621,0.007462887024503878,-0.0003269532548684711,0.011047771805849888,-0.0036448069825923807
2011-02-07,-0.0036448069825923807,0.008570707480512857,-1.3611221196294851e-05,0.009881527887041323,0.001249711868901054
2011-02-08,0.001249711868901054,0.0074019352120392535,-0.0001631062730323475,0.00820449527332774,0.002572171414704725
2011-02-09,0.002572171414704725,0.007838694272377338,0.00027257617650965635,0.0066532390851192814,0.006877982506284142
2011-02-10,0.006877982506284142,0.010694259351883974,0.00015093493635462697,0.008022284811113665,-0.008715887067009048
2011-02-11,-0.008715887067009048,0.008212269052664901,-0.0002583879257048409,0.0060038346933898295,-0.006778061147924772
2011-02-14,-0.006778061147924772,0.009422797719165703,-0.0003783957712817191,0.0065726068635071815,-0.002145678192252829
2011-02-15,-0.002145678192252829,0.006303876951972167,-0.00014827019869814544,0.0064618486599716364,0.0012949713556189896
2011-02-16,0.0012949713556189896,0.007593031391871476,0.00018893640024484886,0.006276399277198505,0.005671923890932834
2011-02-17,0.005671923890932834,0.005280379900730755,-9.509259015357059e-05,0.005864703073164563,0.0037265989873324114
2011-02-18,0.0037265989873324114,0.007136274408079577,0.00028607520828855557,0.0049410234972562155,0.006397415525529514
2011-02-21,0.006397415525529514,0.004641031362711088,-1.3734531158305162e-05,0.0034854727957831606,-0.002273853873248204
2011-02-22,-0.002273853873248204,0.012611298650890126,8.207989405942846e-05,0.003532828868810959,-0.0006291640435710969
2011-02-23,-0.0006291640435710969,0.008063575414377213,-2.7287011147310717e-05,0.003850518313718357,0.006584959722761727
2011-02-24,0.006584959722761727,0.007912350175950775,0.00045412457934338834,0.0040503559357274056,0.004054861981699148
2011-02-25,0.004054861981699148,0.008190604017582963,-0.0001520508800365129,0.00407251621725912,-0.0062134108425232456
2011-02-28,-0.0062134108425232456,0.010207850185453273,-0.00012358262917688134,0.005087046986134737,0.006323988320142943
2011-03-01,0.006323988320142943,0.0046710795163356685,-0.00042847442757697093,0.005438540016866566,-0.003600907318075315
2011-03-02,-0.003600907318075315,0.010563206856402853,0.00016527082511957243,0.005940252299839333,0.006854273404183277
2011-03-03,0.006854273404183277,0.01013642931665673,-6.937214597462858e-05,0.005999605623089118,0.006636313575586683
2011-03-04,0.006636313575586683,0.0042964057985122525,-1.392006195196161e-05,0.006375471145079924,0.002277849059524925
2011-03-07,0.002277849059524925,0.005517601947741776,0.0001399278851561909,0.0044939525865117175,-0.0019148780882221393
2011-03-08,-0.0019148780882221393,0.00872543048775095,-6.982725181789872e-05,0.0047911439322058024,-0.004736478296190604
2011-03-09,-0.004736478296190604,0.005880367510103183,0.0002501814802388687,0.005140210953043016,0.0003058256639182276
2011-03-10,0.0003058256639182276,0.009354553554654034,-0.00018072502456034222,0.00430418965395014,-0.007285940264144612
2011-03-11,-0.007285940264144612,0.006387206894558971,-0.00012419250044844892,0.0038303749746834335,0.009610277810928372
2011-03-14,0.009610277810928372,0.0052177406432746785,-1.3858803261541025e-05,0.006488506767885721,0.004119090114892922
2011-03-15,0.004119090114892922,0.010149941976111236,0.00012585282972887534,0.006784666016719456,-0.0004196014614677923
2011-03-16,-0.0004196014614677923,0.006128881669805103,4.193661587379863e-05,0.0062182385908205896,-0.007274305353067595
2011-03-17,-0.007274305353067595,0.011728578803578157,5.55517395336058e-05,0.007334645742029763,0.010608528143582223
2011-03-18,0.010608528143582223,0.01155826103473721,-0.00015441477183688603,0.007408649007138672,0.009758236005273894
2011-03-21,0.009758236005273894,0.0039555484516829165,0.00018418312093376214,0.0074402390185247325,0.0032788511749044322
2011-03-22,0.0032788511749044322,0.00473246163469488,-9.943553148459261e-05,0.007428241501500345,-0.003448881865391004
2011-03-23,-0.003448881865391004,0.00727651873412032,-0.0003117223500971714,0.007904545831335333,-0.004396579999943803
2011-03-24,-0.004396579999943803,0.010931518287086724,-0.0001833527529528665,0.007067719510038937,0.004665873036686528
2011-03-25,0.004665873036686528,0.005640008478939079,0.00015597623709583835,0.005906247819544985,-0.010348458425385098
2011-03-28,-0.010348458425385098,0.00643521284282062,7.020786884014135e-05,0.0061201986439824154,0.0038223155090464124
2011-03-29,0.0038223155090464124,0.007032373692611138,0.00018299932075988305,0.006242105311978048,0.0022271443473864377
2011-03-30,0.0022271443473864377,0.005319210947242787,-0.00012695559552775053,0.0064131396587754925,0.0007198385926761102
2011-03-31,0.0007198385926761102,0.00808311397299617,-4.246048283915797e-05,0.006097401276682692,0.00264427337899569
2011-04-01,0.00264427337899569,0.010618774453950356,-9.908785295733043e-05,0.0057878408385410056,0.004555258551591935
2011-04-04,0.004555258551591935,0.005183382534049919,-4.265873007558641e-05,0.0014836907640802205,-0.00022757676402840172
2011-04-05,-0.00022757676402840172,0.005398248909791634,5.684102245094632e-05,0.0018436123690492045,-7.100784488771909e-05
2011-04-06,-7.100784488771909e-05,0.008995512681428551,-7.100532389032385e-05,0.002043421608560017,0.008137852341283986
2011-04-07,0.008137852341283986,0.006141302598796243,-5.737573849451073e-05,0.003492525488107319,-0.002319553553933248
2011-04-08,-0.002319553553933248,0.010493573711320701,7.160374636802709e-05,0.004245914744944913,0.01113145467756859
2011-04-11,0.01113145467756859,0.004260644377847749,8.67222540927422e-05,0.005918589382196659,-0.0016761853499484781
2011-04-12,-0.0016761853499484781,0.009456203094353549,0.0002454485684080108,0.00616654936624172,0.0026601441342125054
2011-04-13,0.0026601441342125054,0.004248713486756399,0.00010146227563413098,0.005938783751571831,-0.0023713673931142335
2011-04-14,-0.0023713673931142335,0.01015203328327657,-0.00027437982320547443,0.005783042917945541,-0.0006930226081929647
2011-04-15,-0.0006930226081929647,0.007667438702451241,-0.0037234914066406966,0.0055568585075770624,-0.0013268596090236307
2011-04-18,-0.0013268596090236307,0.017630998041680276,-0.00027385980841870334,0.0019639410669708003,-0.013201218389951367
2011-04-19,-0.013201218389951367,0.008472493122851036,8.540856305079722e-05,0.006012859025796024,0.007983030985188096
2011-04-20,0.007983030985188096,0.014188685783735689,-7.16637113006606e-05,0.007539842750530372,0.012204045850334869
2011-04-21,0.012204045850334869,0.009590869983922421,0.0,0.009801126702886593,0.0028197058735337246
2011-04-22,0.0028197058735337246,0.003569812747407849,0.00013106155600866448,0.009775905287106222,0.0001454486848794958
2011-04-25,0.0001454486848794958,0.006540292743326155,0.0001308786676125749,0.009683840281350392,0.001500587530156706
2011-04-26,0.001500587530156706,0.010242263967165882,7.294240673634574e-05,0.005033360758865834,0.0074483253643903595
2011-04-27,0.0074483253643903595,0.004896458926030205,-0.00013219421789469873,0.004957400212248737,0.006247150367585486
2011-04-28,0.006247150367585486,0.007008748413701897,0.0,0.0031129620690275753,0.004325157197473037
2011-04-29,0.004325157197473037,0.0049862260214199846,7.429015953364916e-05,0.003087424753729373,-0.0033787059479023535
2011-05-02,-0.0033787059479023535,0.008868259100529553,-0.0007840680717303926,0.00432327089996219,0.002013989446320694
2011-05-03,0.002013989446320694,0.008729790405738864,-7.413933837314651e-05,0.004277830063062327,0.000637587034117974
2011-05-04,0.000637587034117974,0.010730807843606216,-0.000118686693566455,0.0036819387128848705,-0.0002372689773262205
2011-05-05,-0.0002372689773262205,0.021312529642044678,0.0003855956890482381,0.0028452884770293575,-0.01942983162322825
2011-05-06,-0.01942983162322825,0.0082557395774218,0.0002908049952870242,0.008807213720290715,-0.013249060409645273
2011-05-09,-0.013249060409645273,0.012709567711078645,0.00048793985842083784,0.00967452725688945,0.0016089019789561146
2011-05-10,0.0016089019789561146,0.008289875997644528,4.3204217129789004e-05,0.00959142301661674,0.0024324576723161345
2011-05-11,0.0024324576723161345,0.01086467841281493,0.0,0.00993562831952547,-0.013981429050206752
2011-05-12,-0.013981429050206752,0.009125786266400236,-0.0001279085567050085,0.009921776027149906,0.0018918337014444718
2011-05-13,0.0018918337014444718,0.01390163743364768,0.00012811818089935445,0.008549670262484025,-0.0112977703556589
2011-05-16,-0.0112977703556589,0.01386313268388729,0.00016896102183560778,0.008067695363499031,0.005675407039250048
2011-05-17,0.005675407039250048,0.006882150260014048,0.0,0.008918148256781487,0.0078031559590804175
2011-05-18,0.0078031559590804175,0.006325135525490177,0.0,0.010002020068695456,-0.0009698341247313935
2011-05-19,-0.0009698341247313935,0.00666017120945876,-7.13273083916871e-05,0.007472169230956063,0.0042713937529626446
2011-05-20,0.0042713937529626446,0.01388899991406651,-0.00012888361809270705,0.00764711135870914,-0.014807295825034742
2011-05-23,-0.014807295825034742,0.011245800118028124,-0.00021165535782091474,0.009093438174551605,-0.00491080546945864
2011-05-24,-0.00491080546945864,0.009179343661428857,-2.8025151639424664e-05,0.008783629134430909,0.0044313439043920265
2011-05-25,0.0044313439043920265,0.007003829594420633,-1.411991340704063e-05,0.00796029551197792,-0.001000576421538962
2011-05-26,-0.001000576421538962,0.009564061702171419,0.00018310165570285895,0.007958929316770405,0.0035557552337789756
2011-05-27,0.0035557552337789756,0.012366159077568543,0.0002826891729203175,0.007814005993230734,0.011415397512140444
2011-05-30,0.011415397512140444,0.003196066666822307,0.00017153910270106433,0.006150338049370347,0.0017457562225031591
2011-05-31,0.0017457562225031591,0.007023959819044381,-0.00012891148358293842,0.004622081488042262,0.007345661044578403
2011-06-01,0.007345661044578403,0.0048299487392699375,2.883659302511395e-05,0.00486289882955081,-0.0057688880701898095
2011-06-02,-0.0057688880701898095,0.010735862254139663,-7.171186951945258e-05,0.006448050216429869,0.009787892775456952
2011-06-03,0.009787892775456952,0.010015415865034278,-7.241220780954141e-05,0.007001739990950436,0.011597947006651978
2011-06-06,0.011597947006651978,0.0042187255841959915,-7.32852551693353e-05,0.00704451898232031,-0.004926573458887725
2011-06-07,-0.004926573458887725,0.008555962111669587,0.00010219216918575814,0.008318133937939398,0.007039112620537417
2011-06-08,0.007039112620537417,0.008017032480402444,-0.00013213053425455693,0.008284753353639478,-0.005740449916637188
2011-06-09,-0.005740449916637188,0.011199032998927914,0.0002043849096162243,0.00827676580649621,-0.0059254296558551925
2011-06-10,-0.0059254296558551925,0.013151495511322584,0.00023221980364242554,0.00830000008923368,-0.012692808665095298
2011-06-13,-0.012692808665095298,0.005398709263590905,-7.152410125169152e-05,0.0071416538079299464,0.0058647989181821346
2011-06-14,0.0058647989181821346,0.00728275256228843,-4.324350425529829e-05,0.0084686696808259,0.0022949095577444933
2011-06-15,0.0022949095577444933,0.01663943558443155,7.21906096103553e-05,0.007354453766695099,-0.0187242904703874
2011-06-16,-0.0187242904703874,0.008626839573868707,-0.0003120057423173733,0.010199904876410225,0.0012062446435934565
2011-06-17,0.0012062446435934565,0.014710351750153566,-5.683466192400862e-05,0.010672082032970808,0.0060386183828864196
2011-06-20,0.0060386183828864196,0.009152387523478524,-0.0006284845615969913,0.010319609502755362,0.00281814011555654
2011-06-21,0.00281814011555654,0.006546958774339417,4.3024128547108464e-05,0.00991994659939374,0.003918490776311298
2011-06-22,0.003918490776311298,0.0061799317004651196,0.00010063834053842508,0.010091043697035382,-0.0046917760211844595
2011-06-23,-0.0046917760211844595,0.014164945762903959,-0.0002576839780345015,0.004061077821849263,-0.0031013901197990096
2011-06-24,-0.0031013901197990096,0.010150654631137497,-0.00021406281620306016,0.004648347773318688,-0.006939573877147329
2011-06-27,-0.006939573877147329,0.01313433338030035,-0.0003258589009937109,0.004751262988607835,0.010212755077597753
2011-06-28,0.010212755077597753,0.010599007277720769,-1.4321427453310482e-05,0.00705995123385514,0.0028675385374914127
2011-06-29,0.0028675385374914127,0.00793313546367026,-1.4280419618506892e-05,0.006923981806383991,0.008391341255214162
2011-06-30,0.008391341255214162,0.005392899676718972,-0.0001448029330045532,0.007324309021147087,0.0012459111671488774
2011-07-01,0.0012459111671488774,0.0068996384897299584,7.236814134024318e-05,0.006761265612572046,0.0029618306887010224
2011-07-04,0.0029618306887010224,0.005436091287701179,-0.0004216472121619068,0.0039171548813097,0.0009018643223208997
2011-07-05,0.0009018643223208997,0.0073817144882980055,0.0,0.003007906815816233,-0.008621839124782656
2011-07-06,-0.008621839124782656,0.012236101837852648,0.00028851931161986527,0.006146699791321164,-0.006715271964029441
2011-07-07,-0.006715271964029441,0.01051363573563135,-2.861291968145503e-05,0.0052356640224977035,0.0022956118798976646
2011-07-08,0.0022956118798976646,0.010777582117983934,-0.00011492619995399633,0.005418491571763217,-0.011383380227067048
2011-07-11,-0.011383380227067048,0.016674784950808066,-0.00021290748032850692,0.006008932475698073,-0.011423944125107234
2011-07-12,-0.011423944125107234,0.014596056261304335,-5.6202788490314146e-05,0.00565157137379463,-0.005111737197767232
2011-07-13,-0.005111737197767232,0.016091827486802424,0.0,0.005644108211564113,0.018810520333179828
2011-07-14,0.018810520333179828,0.008656203904520956,0.0003558885522597907,0.01260991682986915,-0.005422794293077598
2011-07-15,-0.005422794293077598,0.007039242950041999,-5.6665734306243856e-05,0.012522261504583486,-0.002417961070239476
2011-07-18,-0.002417961070239476,0.008079469840922724,0.00026831847731528005,0.011613885874999643,-0.0007905338338717138
2011-07-19,-0.0007905338338717138,0.010036281619706114,7.062532303059681e-05,0.01013296366871443,0.004313475947415048
2011-07-20,0.004313475947415048,0.007270174595720811,-7.081602006397832e-05,0.00956964230859156,0.006826186504122887
2011-07-21,0.006826186504122887,0.01771128797838831,7.134679353824144e-05,0.004995565210416513,0.01045733930256299
2011-07-22,0.01045733930256299,0.007500912461935973,0.0001441959755597743,0.005324539531081339,-0.0021894102326816866
2011-07-25,-0.0021894102326816866,0.00545197407775018,0.0004748756466543896,0.005259713294184831,-0.0011791597831046106
2011-07-26,-0.0011791597831046106,0.011158026615756376,0.0002586994106996682,0.005345269695261158,0.009457845483739503
2011-07-27,0.009457845483739503,0.011857165464913784,0.0002755831896720001,0.005965106364277965,-0.009357234372762336
2011-07-28,-0.009357234372762336,0.009899618717171002,-0.00017240224071499082,0.0083995702040397,-0.0028562109862000085
2011-07-29,-0.0028562109862000085,0.011707425243964804,-0.00014337674693629923,0.006779554946474366,0.0022095686914159834
2011-08-01,0.0022095686914159834,0.018314509713767836,-0.00011493279958043305,0.006907314462229525,-0.0070990908034767085
2011-08-02,-0.0070990908034767085,0.009156545942376805,-0.0006417697642826349,0.0075623462545824725,-0.00624157307721745
2011-08-03,-0.00624157307721745,0.014043027525474455,-0.00018424692956838304,0.004498854858159589,0.012594024584066252
2011-08-04,0.012594024584066252,0.017346805378208995,0.0005310895995770562,0.008071797634658283,-0.02012000780048922
2011-08-05,-0.02012000780048922,0.011898919647483987,4.220404435085731e-05,0.012124802809786795,0.016009126384070146
2011-08-08,0.016009126384070146,0.01862260803079174,-0.00045747682856538184,0.015036218938912636,-0.00866735690859503
2011-08-09,-0.00866735690859503,0.009076937688547301,-0.0004534729062339565,0.01521133179335111,0.014876011691912184
2011-08-10,0.014876011691912184,0.016491833773627222,0.00021578696794289886,0.016378074603944054,-0.01812998575949092
2011-08-11,-0.01812998575949092,0.01269815441437173,-0.0002824839927846771,0.01756997195438042,0.0071727551751329995
2011-08-12,0.0071727551751329995,0.009635791822049777,0.0003129869465835052,0.015062334876897046,0.003348851544809517
2011-08-15,0.003348851544809517,0.014540366541573157,8.56931666800465e-05,0.01310902896052083,0.01144158353839791
2011-08-16,0.01144158353839791,0.006018611326971035,0.0,0.012976500016765188,-0.0027971431025229287
2011-08-17,-0.0027971431025229287,0.012141564289187562,-0.000273564679381368,0.011509547839398945,0.002162104171317879
2011-08-18,0.002162104171317879,0.011926727155937154,-1.4375117365810964e-05,0.005364087842184643,-0.0072889300409729
2011-08-19,-0.0072889300409729,0.012967859143137955,0.0002578857431304832,0.007041345295651013,0.003127549809473143
2011-08-22,0.003127549809473143,0.005837988154782597,-1.4352102537548182e-05,0.007026502773191941,-0.0005745892309911405
2011-08-23,-0.0005745892309911405,0.009898574619200348,0.0,0.004182385069786583,0.005284477204432829
2011-08-24,0.005284477204432829,0.006321674127276879,0.0,0.0048572402689243885,-0.0017165651054168517
2011-08-25,-0.0017165651054168517,0.009672831431408652,8.652566292430767e-05,0.004843543259374663,-0.0027345999796553155
2011-08-26,-0.0027345999796553155,0.009930389405129615,-7.182075993164588e-05,0.003397377082850504,0.008458165568049786
2011-08-29,0.008458165568049786,0.005517075308604307,-0.0001160290087323547,0.00487401838380351,0.0020169063278352513
2011-08-30,0.0020169063278352513,0.009890437290553345,-0.00011620553476457628,0.0047006089562573565,-0.006298246965419108
2011-08-31,-0.006298246965419108,0.004849515923905673,-0.00010100245139473815,0.0056054877364729696,-0.004061876891663101
2011-09-01,-0.004061876891663101,0.010318771735520262,-2.8775995214062722e-05,0.005871131841960518,-0.00786068113706364
2011-09-02,-0.00786068113706364,0.006654351841790721,0.0,0.0067373263674274375,-0.007346438675037588
2011-09-05,-0.007346438675037588,0.007490613682846154,0.00014164630395780992,0.004033344183866413,-0.0067024208587802584
2011-09-06,-0.0067024208587802584,0.018604566789714783,-0.0004218785415152972,0.0014648740119770597,-0.004266017699107671
2011-09-07,-0.004266017699107671,0.009184136210298365,-4.1967197485032694e-05,0.001769192412125752,0.005870477632930883
2011-09-08,0.005870477632930883,0.010405097724353518,0.0001267939803501378,0.005720250615424108,-0.012972900658712348
2011-09-09,-0.012972900658712348,0.02078355971488151,1.3889508105482871e-05,0.006903664647031831,-0.0220572234221509
2011-09-12,-0.0220572234221509,0.012648574294180728,0.00035361193593301055,0.010372421069411521,0.004361773914953828
2011-09-13,0.004361773914953828,0.011848960787722278,0.00016391459473556595,0.011806373277217307,0.0018869418026663388
2011-09-14,0.0018869418026663388,0.011361059906850685,0.000369538845843311,0.012317500110617332,0.004375422555973543
2011-09-15,0.004375422555973543,0.016259317234770632,-0.00016491874760252192,0.012014748973092576,0.008905725369257938
2011-09-16,0.008905725369257938,0.00879957291437547,0.00012482002319486133,0.012311432527854606,-0.012158241542317379
2011-09-19,-0.012158241542317379,0.008429991423057306,-0.00015066977586897725,0.008031135705342403,-0.00701793477064049
2011-09-20,-0.00701793477064049,0.009343544993891737,0.00010883295062164908,0.008600553913764,0.006470001854692044
2011-09-21,0.006470001854692044,0.006823529616594311,0.00021907227939830701,0.0091832091047253,-0.00791112328165159
2011-09-22,-0.00791112328165159,0.014275948378802418,9.512354082111798e-05,0.009399478712906245,-0.007768149485341671
2011-09-23,-0.007768149485341671,0.010750577303896792,0.00013478283248775677,0.007083757213063657,0.004891980751379578
2011-09-26,0.004891980751379578,0.013286713840538842,0.00014891263413688362,0.007284853486358421,-0.0021381407579063793
2011-09-27,-0.0021381407579063793,0.012895568497009688,-0.00014874609772944856,0.006799991652692648,0.004742617170867145
2011-09-28,0.004742617170867145,0.010167289891470678,-0.00019015674285982053,0.006335097926800192,-0.003295049128505972
2011-09-29,-0.003295049128505972,0.011529282558429962,-0.0005820734063739998,0.005469293955215969,0.0035531410374235097
2011-09-30,0.0035531410374235097,0.013522148114583988,0.00028534101147288535,0.003951300195096237,-0.016692734873780066
2011-10-03,-0.016692734873780066,0.010160712364250833,0.0,0.00852846586023477,-0.012494336403770704
2011-10-04,-0.012494336403770704,0.011331300413621735,6.59554381570517e-05,0.009535910995876223,0.010185547222206373
2011-10-05,0.010185547222206373,0.007971560330159012,0.0001999124857377871,0.011087381591456212,0.0007334911524802194
2011-10-06,0.0007334911524802194,0.014241936700358846,-3.994359999424526e-05,0.011273402591198523,0.006651891750708847
2011-10-07,0.006651891750708847,0.008772822979317462,0.00014764696199728785,0.011793005745284519,-0.003204324606318766
2011-10-10,-0.003204324606318766,0.023086428702594475,0.0,0.00886292989613106,0.01846812889909215
2011-10-11,0.01846812889909215,0.007634275179238003,0.0001772433215905625,0.00842980678461133,0.0007502681894222245
2011-10-12,0.0007502681894222245,0.016823466471352848,0.00012284344659918488,0.008473210050500259,0.010659367654543648
2011-10-13,0.010659367654543648,0.009931080215223825,0.00023446364927297362,0.008480221358378084,-0.004101649642825564
2011-10-14,-0.004101649642825564,0.012244037152691591,-0.0005495070267072558,0.009752575133512131,0.010396739799124631
2011-10-17,0.010396739799124631,0.01239714709723723,-0.00024979590841327367,0.008922968229707489,-0.00977847161224981
2011-10-18,-0.00977847161224981,0.009629027107095605,4.120105498987712e-05,0.008974326642440264,-0.0002886106177473735
2011-10-19,-0.0002886106177473735,0.010223600095054672,0.00043963525810522823,0.009010444796454981,0.0018153769005150302
2011-10-20,0.0018153769005150302,0.013129472945257622,6.885425736250236e-05,0.007469060451408569,0.0010191461677501643
2011-10-21,0.0010191461677501643,0.013634842546252622,-6.88611575666009e-05,0.0071785417389590165,0.004972779627426743
2011-10-24,0.004972779627426743,0.009457816151382909,-1.3859621319150376e-05,0.00556199765993821,0.005373474888955781
2011-10-25,0.005373474888955781,0.007636074817281687,-0.00012533849527026969,0.002488911613313184,-0.0012800483196722503
2011-10-26,-0.0012800483196722503,0.011648096367907954,4.166852431692771e-05,0.0027950882857433485,-0.0019862878480350443
2011-10-27,-0.0019862878480350443,0.02269247160488063,0.00034700311933289467,0.003431702289831224,0.02117679458620206
2011-10-28,0.02117679458620206,0.0043489614982044214,-7.081100551023471e-05,0.009326774583028693,-0.00239252200635293
2011-10-31,-0.00239252200635293,0.016520603711892002,-0.00014136117578106264,0.010016844223169032,-0.020004690410207387
2011-11-01,-0.020004690410207387,0.018607036626198337,-0.00033257409338952244,0.014628107359920482,-0.014830645922874523
2011-11-02,-0.014830645922874523,0.01244331853835702,-0.00015021140444084613,0.01591534335360612,0.002488550171164383
2011-11-03,0.002488550171164383,0.012234230418508936,-0.00023270429465205287,0.01615333568041476,0.010168339083803348
2011-11-04,0.010168339083803348,0.01065821755469216,0.0005116664786617917,0.012396585777709504,-0.002941386783075982
2011-11-07,-0.002941386783075982,0.009306404440170711,-0.0004274881721359286,0.012371077602016101,-0.0021213249233894968
2011-11-08,-0.0021213249233894968,0.008039823297502472,0.0,0.009113376719126516,0.004813917186178885
2011-11-09,0.004813917186178885,0.021764555406388802,-4.138298130066883e-05,0.005364732355911987,-0.021921876021723154
2011-11-10,-0.021921876021723154,0.012098002669781428,-5.4108305263548425e-05,0.012160161905399416,0.006146491362933261
2011-11-11,0.006146491362933261,0.011752607262391131,-0.00013600724928272158,0.011217382883580951,0.01291731230363892
2011-11-14,0.01291731230363892,0.012110012036776282,-6.89942156390866e-05,0.013349843659290012,-0.011882458131531732
2011-11-15,-0.011882458131531732,0.00941649312082999,-0.00020435455410159974,0.014403680442300153,-0.008627619080228318
2011-11-16,-0.008627619080228318,0.009069777252709875,-0.00012151456387787654,0.01406786676206608,-0.004904600520091122
2011-11-17,-0.004904600520091122,0.008152077992316207,-0.00014791390842977482,0.010443339042764888,0.0012642820600115257
2011-11-18,0.0012642820600115257,0.012229319719177763,0.0002287619107697422,0.009783949386475034,0.005330151020494553
2011-11-21,0.005330151020494553,0.007917964087525719,-0.0004464179560593916,0.0070507504172260165,-0.003376779108307488
2011-11-22,-0.003376779108307488,0.007225124872916943,-0.00014823422280054488,0.0054457419285778436,0.002781611528772255
2011-11-23,0.002781611528772255,0.013201260194826795,0.0005543930111017332,0.004270959109188804,-0.012643902231596815
2011-11-24,-0.012643902231596815,0.006877377072130142,0.00037387334482207626,0.0070743717575772825,-0.0015742945900413458
2011-11-25,-0.0015742945900413458,0.008673174476109536,0.00022655842546455882,0.0069265956580107655,-0.0013188670609156415
2011-11-28,-0.0013188670609156415,0.008912143148725038,0.00023957817046107736,0.005726611102493292,0.0002662579405180645
2011-11-29,0.0002662579405180645,0.011143031751463844,0.0007057994336403535,0.00593081651191911,0.0005328401093880924
2011-11-30,0.0005328401093880924,0.019481328767911348,1.3331052440960437e-05,0.005499985498139607,0.008953751721584781
2011-12-01,0.008953751721584781,0.007517742935612189,0.00012096248894687521,0.004339678309599864,0.001708834052709402
2011-12-02,0.001708834052709402,0.008782428769017981,-4.0452028850705636e-05,0.004018975601138833,-0.0035622765220722865
2011-12-05,-0.0035622765220722865,0.0061541104749667395,0.00012083149124540308,0.004573135752939858,-0.0024125830984946276
2011-12-06,-0.0024125830984946276,0.006327930904622516,0.00014722220292509943,0.004910020649116136,0.0018893801748214758
2011-12-07,0.0018893801748214758,0.007380086919917631,0.0,0.004912185024302616,-0.0006168565991606585
2011-12-08,-0.0006168565991606585,0.01089143798963328,0.00020094970306323316,0.002428401929254471,-0.004360036407616262
2011-12-09,-0.004360036407616262,0.01078976514522918,0.0,0.002502260943520748,0.0019636871984335218
2011-12-12,0.0019636871984335218,0.0124770815922951,5.3493261542998865e-05,0.002744793902150589,-0.015115494136826025
2011-12-13,-0.015115494136826025,0.010001818314947728,0.0004082692588731334,0.007116026209860146,-0.011602076165823342
2011-12-14,-0.011602076165823342,0.008069227278504171,-0.0006771196865777675,0.00723790407643247,-0.0023926060770595933
2011-12-15,-0.0023926060770595933,0.006629099475041406,5.195244350424188e-05,0.006948824579565662,0.00320015492202198
2011-12-16,0.00320015492202198,0.005916798131246588,-2.6074183155309178e-05,0.008188751007403756,0.0005604067527000442
2011-12-19,0.0005604067527000442,0.004299393372136595,7.818687651092821e-05,0.007919049064015284,-0.00223975638032038
2011-12-20,-0.00223975638032038,0.01037874206346988,-1.2921710563214291e-05,0.005585355178253586,0.006145455045773066
2011-12-21,0.006145455045773066,0.012661272789093278,0.0,0.003657200144879418,-0.0036710010387116356
2011-12-22,-0.0036710010387116356,0.007324321282821871,0.00015644072213273803,0.003988170096211186,0.0012265345745920365
2011-12-23,0.0012265345745920365,0.004666191753865393,-7.842567979954433e-05,0.003783530526111602,-0.0008482269087014572
2011-12-26,-0.0008482269087014572,0.0030745963135914616,7.832175399037797e-05,0.003821259473085436,0.00043050615470083324
2011-12-27,0.00043050615470083324,0.0031392234215098106,3.909681247707173e-05,0.003588039447970472,0.0016457621879670619
2011-12-28,0.0016457621879670619,0.010117782412049853,7.843291760238962e-05,0.00213881131328344,-0.011140426244686018
2011-12-29,-0.011140426244686018,0.006400311319641171,0.00011638954825545716,0.005341770369650246,0.0022259091925654617
2011-12-30,0.0022259091925654617,0.006938971736675154,0.000298018782546334,0.005496834197480467,0.00031094713551327216
2012-01-02,0.00031094713551327216,0.0031927834686463616,0.0,0.0055572743393022,-0.001476294778110477
2012-01-03,-0.001476294778110477,0.010017993366966765,0.0003624305571809998,0.005473153094886494,0.008851823260751207
2012-01-04,0.008851823260751207,0.013165225645364313,0.0001566142680072848,0.007235210102800477,-0.009589221588583361
2012-01-05,-0.009589221588583361,0.01219525123609568,3.871950896304662e-05,0.0066617915185670585,-0.010522396330770371
2012-01-06,-0.010522396330770371,0.008510245832914109,0.00024302260482958972,0.007943992579432053,-0.009082195049580685
2012-01-09,-0.009082195049580685,0.008309711544680716,6.336731664234452e-05,0.008223244126588272,0.007509521425102243
2012-01-10,0.007509521425102243,0.005600502815460529,0.0,0.009835821022692771,-0.0018890205884631987
2012-01-11,-0.0018890205884631987,0.008973428689431998,-0.00019132498675352528,0.007648224695571075,-0.002190950600397528
2012-01-12,-0.002190950600397528,0.010065380848006978,0.0,0.007170116379962037,0.007561179282910563
2012-01-13,0.007561179282910563,0.01740664900852898,-0.00038461667158066316,0.007136013832205704,-0.013624806787234869
2012-01-16,-0.013624806787234869,0.0042932051665130425,-0.00011385165619270424,0.008749009870808816,0.001582201094193974
2012-01-17,0.001582201094193974,0.01080606055643909,-2.5314888033850053e-05,0.007730124675380138,0.006213452606059644
2012-01-18,0.006213452606059644,0.008381407687419837,-0.00017841737059568237,0.008495223480574151,0.009373893106579193
2012-01-19,0.009373893106579193,0.0059081892992523906,0.00023159653233559892,0.009315561295365154,0.0076588581926248876
2012-01-20,0.0076588581926248876,0.007460328873459551,0.00025935866304839874,0.009329651276813946,-0.006203948598389735
2012-01-23,-0.006203948598389735,0.012522424418491692,-0.00043807297091601806,0.006260056655952348,0.010973357237505723
2012-01-24,0.010973357237505723,0.007532722310066564,0.00014332491657930308,0.006838560011107581,0.0010817927973258263
2012-01-25,0.0010817927973258263,0.008917496837412133,0.0003912087224729052,0.007103990870570247,0.005072846961054672
2012-01-26,0.005072846961054672,0.006491528662414589,0.0,0.006621948817517962,-0.0011135545992719772
2012-01-27,-0.0011135545992719772,0.0054072578971020475,0.0002749545377834017,0.006476851962036951,0.008758027146282257
2012-01-30,0.008758027146282257,0.009433890740736061,0.00010570064044117335,0.005062771348243367,-0.005190425851082879
2012-01-31,-0.005190425851082879,0.009633588147776108,5.2532778548480314e-05,0.005407534542401838,-0.004771364838780931
2012-02-01,-0.004771364838780931,0.012734959780043452,-0.004707717237556128,0.006161669310292761,0.007086626342989132
2012-02-02,0.007086626342989132,0.007831953784901235,-0.000131682871805231,0.0065825621733579505,-0.0024991788451783035
2012-02-03,-0.0024991788451783035,0.008284119350555095,0.00013141184053371563,0.0067191105594467115,-0.0007617070612134089
2012-02-06,-0.0007617070612134089,0.007169730138920332,0.0001574915143953511,0.004980526725926143,-0.0004199085772778022
2012-02-07,-0.0004199085772778022,0.011378432426401996,0.00026253280637755707,0.004461380813348686,0.009624903949070934
2012-02-08,0.009624903949070934,0.003717399533529974,0.0,0.005382876776709046,0.0
2012-02-09,0.0,0.00664145270294285,-0.00013252175677966194,0.004810787469896852,0.0022548533864811308
2012-02-10,0.0022548533864811308,0.009354443142784783,0.0,0.0043471143742044955,-0.003142081581407857
2012-02-13,-0.003142081581407857,0.005355450872928766,0.0005692267905142686,0.004846005817659238,-0.005978392592412813
2012-02-14,-0.005978392592412813,0.0061981535548987715,0.0002631689125742598,0.005954289751164324,-0.0018404004398632808
2012-02-15,-0.0018404004398632808,0.009451730983874793,0.0003020695440901687,0.003119548489169205,-0.005775290821672951
2012-02-16,-0.005775290821672951,0.005996767179403115,-1.3054538300691662e-05,0.003372595312601619,0.005250071880237071
2012-02-17,0.005250071880237071,0.006260782984285063,-0.00026256408170556046,0.004569794804568638,0.007616250294251725
2012-02-20,0.007616250294251725,0.007013677039738372,0.00019840361262239998,0.006283844995758805,-0.0016917171206937813
2012-02-21,-0.0016917171206937813,0.007793179268671459,0.0,0.00553715437943074,0.002909280005583503
2012-02-22,0.002909280005583503,0.003795479935805113,-0.0003973480258524559,0.005395455881879079,0.0009407535629053901
2012-02-23,0.0009407535629053901,0.00795775218501413,-0.00011932326533915413,0.0036274441546271696,0.008854252024843193
2012-02-24,0.008854252024843193,0.008844673100079983,-5.347966796613346e-05,0.004449980448486748,0.0069650518107681305
2012-02-27,0.0069650518107681305,0.007397874910109101,-0.00020195923467893173,0.0043151359674032785,-0.004501296873633843
2012-02-28,-0.004501296873633843,0.005004138697816018,-0.0002681054041817865,0.005256102070473476,0.005309678317946272
2012-02-29,0.005309678317946272,0.009728410095590334,-6.730388677735104e-05,0.005350679667622881,-0.01172431625357161
2012-03-01,-0.01172431625357161,0.005368619523533341,-0.0003996833663288468,0.008775179044937255,0.00013324235170368798
2012-03-02,0.00013324235170368798,0.010494395514622128,0.00027978802700572036,0.007608034786128884,-0.010298493213170072
2012-03-05,-0.010298493213170072,0.005742871178839937,3.959884740231561e-05,0.007125787449954111,0.002997753502724959
2012-03-06,0.002997753502724959,0.008538767821210084,0.00021158959228028852,0.007807378524063507,-0.0077729242684906295
2012-03-07,-0.0077729242684906295,0.004690120661238873,0.0002493201845403802,0.006533366974542255,0.0012606650839612945
2012-03-08,0.0012606650839612945,0.010296973688233377,-5.252587783969841e-05,0.005908547248902953,0.01022232014269834
2012-03-09,0.01022232014269834,0.012604288523882361,0.00019912703855968906,0.008351202772382934,-0.011351733684889787
2012-03-12,-0.011351733684889787,0.004909847915330963,0.0002624639009930566,0.008660811795111745,0.0032866561325980946
2012-03-13,0.0032866561325980946,0.010315340895460342,-0.000263365743610462,0.008694454978850234,-0.0066934155038114425
2012-03-14,-0.0066934155038114425,0.005587426654146033,0.0,0.00849124685394988,-0.004437467232810932
2012-03-15,-0.004437467232810932,0.005987776188934381,1.2998964568392725e-05,0.008552009681072057,0.004306770378691392
2012-03-16,0.004306770378691392,0.010222091618101803,0.0,0.006677716087738716,0.007495963026750442
2012-03-19,0.007495963026750442,0.009162742144389068,1.3208317512754395e-05,0.0060600910194626495,0.003947674646958991
2012-03-20,0.003947674646958991,0.005606663116320688,0.0,0.0061348755413564784,0.0006351659930329813
2012-03-21,0.0006351659930329813,0.007766268292821301,-0.00015891843981512318,0.004523963083161502,-0.0014286315996364265
2012-03-22,-0.0014286315996364265,0.008666924947433178,5.284934635459458e-05,0.003464977147552039,-0.0010569483511521601
2012-03-23,-0.0010569483511521601,0.007062746445470676,0.0,0.0037725711546295723,0.0059068709937708545
2012-03-26,0.0059068709937708545,0.010345504081715804,-5.3126522788316834e-05,0.00321028032883437,0.005781443740594299
2012-03-27,0.005781443740594299,0.004612024832195137,0.0,0.0036235660000824223,-0.0023485638912794206
2012-03-28,-0.0023485638912794206,0.006928490327508388,5.330786481519031e-05,0.0041107835431475085,-0.00018658498722988308
2012-03-29,-0.00018658498722988308,0.006474011769905828,0.0,0.003933006967064068,-0.000932462583469887
2012-03-30,-0.000932462583469887,0.004252164359717525,0.0,0.0039121693784471,0.0033340279933281388
2012-04-02,0.0033340279933281388,0.00737408582467807,0.0,0.0033384585527652336,-0.0018683789688872718
2012-04-03,-0.0018683789688872718,0.004778444624589544,0.0001334129876828158,0.002248614278275887,-0.008140106869707436
2012-04-04,-0.008140106869707436,0.009543060364778328,0.00010583287906611565,0.004172064164631968,-0.006157205126725358
2012-04-05,-0.006157205126725358,0.00979173294917627,0.0,0.004521016297879671,-0.006028089273925127
2012-04-06,-0.006028089273925127,0.004454838012111568,7.838370071624818e-05,0.004582000294452276,0.0010718930789401378
2012-04-09,0.0010718930789401378,0.0036001379571333936,-0.0004577941573439885,0.0037390956934387847,0.002461893528647215
2012-04-10,0.002461893528647215,0.006693689578497856,0.0,0.0047782995155107805,-0.002880336799999552
2012-04-11,-0.002880336799999552,0.00663913907022709,-0.00013073959589977288,0.003973618059268535,0.0035361162191303876
2012-04-12,0.0035361162191303876,0.006331216961119441,6.560617882973454e-05,0.003989741823226468,0.005261813324024981
2012-04-13,0.005261813324024981,0.009758541469214232,0.0,0.0030753576071027343,-0.010104434712292337
2012-04-16,-0.010104434712292337,0.0067655075979572,0.0,0.00624605012448705,0.005367571161522159
2012-04-17,0.005367571161522159,0.005619275448841862,0.0,0.00669176236497806,0.0006565486513047517
2012-04-18,0.0006565486513047517,0.006260303986080509,0.0,0.006462992668789827,-0.0011814984245596726
2012-04-19,-0.0011814984245596726,0.0065083965402552455,0.0,0.006332931689680455,0.001969930835327263
2012-04-20,0.001969930835327263,0.007053285495287457,0.0001314162224756023,0.005797644890812197,0.004479552111485653
2012-04-23,0.004479552111485653,0.007736665741626294,-0.0003169530344552857,0.0026964098995419885,-0.00400612013976583
2012-04-24,-0.00400612013976583,0.005165096834349164,-5.256819658547811e-05,0.0032049549971430065,0.003478129990540043
2012-04-25,0.003478129990540043,0.004027225002070529,0.00013198206344787017,0.0034998510902890584,0.0026430230552151124
2012-04-26,0.0026430230552151124,0.004304781600236459,0.0,0.0033319958708196906,-0.0031707498898219497
2012-04-27,-0.0031707498898219497,0.008247038084622332,-0.00013183617796167171,0.003965711482911378,0.0038325762457608417
2012-04-30,0.0038325762457608417,0.004127461469404179,0.0,0.00381877152193589,-0.0001323482424511239
2012-05-01,-0.0001323482424511239,0.005659117155393975,-1.323552490532887e-05,0.0029578958627244395,0.0
2012-05-02,0.0,0.008417635138748688,0.0,0.002726372578077403,-0.006992582137937368
2012-05-03,-0.006992582137937368,0.006137854652330607,-0.00013145506707154826,0.004040472553745563,0.0006575988363031403
2012-05-04,0.0006575988363031403,0.006828081067832287,0.0,0.003957474283736649,-0.01422541464811494
2012-05-07,-0.01422541464811494,0.007347586791438881,0.0005707138456779094,0.006443419708478302,0.00701557572102152
2012-05-08,0.00701557572102152,0.005959528542133287,0.0,0.008127375405872583,-0.005081105594241374
2012-05-09,-0.005081105594241374,0.006977651901709818,0.0001948757763262815,0.00802094075529856,-0.004538151038832012
2012-05-10,-0.004538151038832012,0.0040783209385538075,0.0,0.007844140304883524,-0.00012929310372926858
2012-05-11,-0.00012929310372926858,0.003528280248155588,7.76053317257543e-05,0.00775391032013513,-0.0027126475267236125
2012-05-14,-0.0027126475267236125,0.005941752582749927,-0.0001289891702688463,0.0049263314475008245,-0.005275033838975709
2012-05-15,-0.005275033838975709,0.008829196845940362,0.0,0.0021621069284416296,-0.007542386821841305
2012-05-16,-0.007542386821841305,0.00591702849738047,0.0,0.0027881745044860255,-0.0003819737284095427
2012-05-17,-0.0003819737284095427,0.006344409659675991,-0.00024190437156943395,0.0031925605855649595,-0.0025429984175698956
2012-05-18,-0.0025429984175698956,0.0074218471301702935,0.0,0.002764375142570689,0.005858493118947677
2012-05-21,0.005858493118947677,0.006384913412667294,0.0,0.005150484755594551,0.002942062817123102
2012-05-22,0.002942062817123102,0.005734779565804567,-0.0002563001936717761,0.005145929766003618,-0.011463643314812278
2012-05-23,-0.011463643314812278,0.008988720682764378,0.0,0.0066098459952651,-0.008198335999706171
2012-05-24,-0.008198335999706171,0.007212591514499968,0.0,0.007282455675674006,-0.0020076839053987964
2012-05-25,-0.0020076839053987964,0.00727082955733904,-0.0001253171913127613,0.0072889216737687034,0.0026360258467293643
2012-05-28,0.0026360258467293643,0.0073255713265611075,0.0001760594276455988,0.006451264167261336,-0.0035131701496244226
2012-05-29,-0.0035131701496244226,0.007893669360357423,0.0,0.005483564460002348,-0.003750514069733303
2012-05-30,-0.003750514069733303,0.007563547999597227,0.0,0.0038920835721602937,-0.008325603736316979
2012-05-31,-0.008325603736316979,0.007022677564886072,0.0,0.003935029976424981,-0.000989540607500082
2012-06-01,-0.000989540607500082,0.012108417533807073,0.00012363649058689432,0.004024048683298557,0.003219473991748515
2012-06-04,0.003219473991748515,0.009554654391699979,0.00023564183172250527,0.004224160577738292,0.0085944941124048
2012-06-05,0.0085944941124048,0.01021552978182671,-0.00012501258939662656,0.006486104764820557,-0.0037458462319731444
2012-06-06,-0.0037458462319731444,0.006668103382720209,0.0,0.006485475329619369,0.008887825815465206
2012-06-07,0.008887825815465206,0.006044619277250987,-0.00013830449682994528,0.005640237431958229,-0.0002514601675505825
2012-06-08,-0.0002514601675505825,0.01020533185346412,0.00013828270333752013,0.00551158790879285,0.005925750663966616
2012-06-11,0.005925750663966616,0.012676299184680932,0.0,0.00562832880634312,-0.013315093840244313
2012-06-12,-0.013315093840244313,0.006198649106438804,0.0,0.008721316769910229,0.0021234780766652577
2012-06-13,0.0021234780766652577,0.010347681290577332,0.0,0.008568839320479514,0.005517325267162982
2012-06-14,0.005517325267162982,0.0058149015598430295,-0.00013830449682994528,0.007864787256620959,0.004284340363286039
2012-06-15,0.004284340363286039,0.0042540296601109315,0.0,0.008086982706936184,0.00607974464967934
2012-06-18,0.00607974464967934,0.012654427154145383,0.0,0.008111131148806553,-0.00847626681486473
2012-06-19,-0.00847626681486473,0.010139615595090645,8.810674411227393e-05,0.0059991057254071955,0.006572341197575767
2012-06-20,0.006572341197575767,0.004803173574752039,0.0,0.006358625989386532,0.0
2012-06-21,0.0,0.0102741831559051,-0.00012680131418423566,0.0062459341952958505,-0.010218955642809375
2012-06-22,-0.010218955642809375,0.004331955924827287,0.00012557144744649703,0.007891913857720142,-0.0011290236798987073
2012-06-25,-0.0011290236798987073,0.005617214740800691,-0.00012539654637548723,0.006812156778984575,-0.0026295053401312342
2012-06-26,-0.0026295053401312342,0.006049271413376921,0.00013748717493507735,0.006017567741670636,-0.001374578399849958
2012-06-27,-0.001374578399849958,0.004738200892691965,0.0,0.0041039110904852695,-0.0011231776588813778
2012-06-28,-0.0011231776588813778,0.009219072922366029,0.00012473452097164846,0.003920469668842623,-0.002616018276440206
2012-06-29,-0.002616018276440206,0.020523489994622553,0.0,0.0007810225495495653,0.017077075094517457
2012-07-02,0.017077075094517457,0.007424214421749637,-0.00011387239905409617,0.008530993350504812,-0.005817033089813545
2012-07-03,-0.005817033089813545,0.004790624996446968,0.00016356099773345774,0.009054054229350504,0.0018889965824749808
2012-07-04,0.0018889965824749808,0.007636330279393852,0.0,0.00893628457148037,-0.0071093551558247935
2012-07-05,-0.0071093551558247935,0.013736962362647044,-0.0002001616529124568,0.009798913990541286,-0.010012806791382391
2012-07-06,-0.010012806791382391,0.009469825603286873,0.0,0.01091644132223021,-0.009741754197162366
2012-07-09,-0.009741754197162366,0.003582560539434783,0.0,0.0048342092902230885,0.00381134718047147
2012-07-10,0.00381134718047147,0.0077202508423461665,2.4581226388172725e-05,0.006599551530995854,-0.005037857568511677
2012-07-11,-0.005037857568511677,0.005115248716713548,0.0,0.005652277617635479,-0.0007472579485057693
2012-07-12,-0.0007472579485057693,0.00605028200062762,-1.226413202746932e-05,0.005941354775635497,-0.004460309563896552
2012-07-13,-0.004460309563896552,0.007246177019311862,0.00017063896910984836,0.005072706331092882,0.0045950129266621766
2012-07-16,0.0045950129266621766,0.00789489563138922,0.0,0.004494353230964521,0.0015936500109216209
2012-07-17,0.0015936500109216209,0.009788555768503508,0.0,0.004068020558699075,0.002210738434247454
2012-07-18,0.002210738434247454,0.007009307964633516,0.0,0.0034262378693077416,-0.0014743828693704612
2012-07-19,-0.0014743828693704612,0.007298024126211553,0.0,0.0035140587928730485,-4.913176596844995e-05
2012-07-20,-4.913176596844995e-05,0.010667778275904559,-4.9130559023049265e-05,0.0023055305068176335,-0.012274862527051808
2012-07-23,-0.012274862527051808,0.005073655192372079,-0.00012128746347615767,0.005922406426443539,-0.0002425354611856021
2012-07-24,-0.0002425354611856021,0.006440112187484052,-1.2192005603603091e-05,0.0056965790707792134,-0.005151551233425392
2012-07-25,-0.005151551233425392,0.009248171812106007,0.0,0.005142364208562441,0.0064860945199821576
2012-07-26,0.0064860945199821576,0.016662121981446096,0.0,0.006966166192197084,0.011477609095058215
2012-07-27,0.011477609095058215,0.010675991802842046,0.0,0.009368259046498203,0.001966784285227875
2012-07-30,0.001966784285227875,0.006028638138327246,0.0001230545034556999,0.00636413946743581,-0.0036845910317584796
2012-07-31,-0.0036845910317584796,0.005831715438190908,-0.00012260336431020927,0.00694929786477567,0.002823623134604158
2012-08-01,0.002823623134604158,0.0043240498876323,0.0,0.005623453412572176,-0.00429369295542993
2012-08-02,-0.00429369295542993,0.01963689927314998,0.0,0.006360909442849142,-0.005006360772785269
2012-08-03,-0.005006360772785269,0.018200155614604283,0.0,0.0037245013548018384,0.020177824330586288
2012-08-06,0.020177824330586288,0.0067893033175737295,0.0,0.010631625387133078,-0.003102311736323295
2012-08-07,-0.003102311736323295,0.00512530983253234,0.0,0.010556669929043477,-0.00024778126439503194
2012-08-08,-0.00024778126439503194,0.005629229223950306,0.0,0.010594769815199155,-0.0011018543184398008
2012-08-09,-0.0011018543184398008,0.009458259068355714,7.42865528139332e-05,0.01024849322862336,-0.006425823283212942
2012-08-10,-0.006425823283212942,0.005580035405740143,0.0,0.01051234293957491,-0.0013760045967251909
2012-08-13,-0.0013760045967251909,0.008774389649471066,9.81760711606577e-05,0.002452213734295578,0.004084343226895655
2012-08-14,0.004084343226895655,0.005470174700942083,0.0,0.0037418842215339995,-0.0001232066733541915
2012-08-15,-0.0001232066733541915,0.006203170842669505,0.0,0.0037486652439749574,-0.002953957235042525
2012-08-16,-0.002953957235042525,0.00913037599180694,0.0,0.0038527278170311942,0.00554573565452952
2012-08-17,0.00554573565452952,0.007290182023036605,0.0,0.0036301306869443565,-0.0020492605907647047
2012-08-20,-0.0020492605907647047,0.005791505978112042,-7.394099102965294e-05,0.0037523650937012864,0.00167857661380693
2012-08-21,0.00167857661380693,0.011296184016853518,0.00012353515535480628,0.003377613394825127,0.009931792186990423
2012-08-22,0.009931792186990423,0.0038955159764788067,0.0,0.005375874372444747,0.004626998126816065
2012-08-23,0.004626998126816065,0.004902006005891943,0.0,0.00447037403720838,0.002133119763072035
2012-08-24,0.002133119763072035,0.006237752829803341,0.0,0.004425505953308199,-0.004536841412041868
2012-08-27,-0.004536841412041868,0.003569211714153214,-1.2583937004811353e-05,0.005237518705028681,-0.00022501368530915386
2012-08-28,-0.00022501368530915386,0.008313284042798985,0.0,0.005402965075502893,0.005641499164331914
2012-08-29,0.005641499164331914,0.0039919779268774375,0.0,0.004084917166093912,-0.003263397370650911
2012-08-30,-0.003263397370650911,0.005480953268823001,0.0,0.00411240418933368,-0.0016277448098994838
2012-08-31,-0.0016277448098994838,0.010561181704369428,0.0,0.003954142325449453,0.00526845091391233
2012-09-03,0.00526845091391233,0.003320543589847785,0.0,0.004068765915540936,0.0007549483439738081
2012-09-04,0.0007549483439738081,0.005291736425837032,0.0,0.004008603113808762,-0.00414502090738888
2012-09-05,-0.00414502090738888,0.00931773925489851,-0.00025072946395428796,0.0037746419281454217,0.005404462387742879
2012-09-06,0.005404462387742879,0.006175948798934509,0.0,0.004212168836597067,0.0023973159741336302
2012-09-07,0.0023973159741336302,0.013782447891762868,0.0,0.003928166593405998,0.012841104350352387
2012-09-10,0.012841104350352387,0.0024283621067439894,0.0,0.006286265827889382,-0.002683590425237534
2012-09-11,-0.002683590425237534,0.008596276002625636,0.0,0.006820288404097343,0.0070436513619412215
2012-09-12,0.0070436513619412215,0.007047286554436569,0.0,0.005736604883850407,0.003992063028549831
2012-09-13,0.003992063028549831,0.003448444389053017,0.0,0.005746511510085042,0.006992120632000732
2012-09-14,0.006992120632000732,0.01406629144201368,0.0,0.005649163259110501,0.009399574000485786
2012-09-17,0.009399574000485786,0.0059710638025605315,0.0,0.004678185542130685,-0.0004852626786234526
2012-09-18,-0.0004852626786234526,0.005414565177599696,3.928298727476731e-05,0.003802991059504836,-0.004878140489867131
2012-09-19,-0.004878140489867131,0.006778848253689085,0.0,0.005746473575958791,0.0009135958493321619
2012-09-20,0.0009135958493321619,0.010479416507783028,0.0,0.005778979141774861,-0.006507866478759256
2012-09-21,-0.006507866478759256,0.006412300885354027,0.0,0.0062266599068496915,-0.0003891232295926891
2012-09-24,-0.0003891232295926891,0.0065823708687253275,-3.8881614033707326e-05,0.0032256849783621863,-0.002072788097304648
2012-09-25,-0.002072788097304648,0.006368049163296021,0.0,0.0030810617518917693,-0.0032173351848969363
2012-09-26,-0.0032173351848969363,0.005604380300917898,1.2845134438655612e-05,0.002853404055277869,-0.0014308808636272067
2012-09-27,-0.0014308808636272067,0.005039754267212196,0.0,0.0023510055244971187,0.002450565575717097
2012-09-28,0.002450565575717097,0.009006686147119608,0.0,0.002151133511072888,-0.00810251126769299
2012-10-01,-0.00810251126769299,0.010009881822044932,0.00017927859633236576,0.003799115001563293,0.006167365293188808
2012-10-02,0.006167365293188808,0.005761481687709934,0.0,0.005446903239146523,0.002193411869076394
2012-10-03,0.002193411869076394,0.00438718454074892,0.0001291329465683127,0.005390366389826784,0.0005167929922704262
2012-10-04,0.0005167929922704262,0.0074735286966012456,-0.00012921735327258858,0.005307766835807293,0.0072633363443466385
2012-10-05,0.0072633363443466385,0.005742675499410397,0.00013014725048592275,0.0060950412098592826,-0.00013013878206721803
2012-10-08,-0.00013013878206721803,0.005781890060468556,0.0,0.0033398570201895444,-0.0029892407744781476
2012-10-09,-0.0029892407744781476,0.009605254104585481,0.0,0.003787834988593132,-0.009171333805507767
2012-10-10,-0.009171333805507767,0.00562150672251955,0.0,0.0059586054677313646,0.0
2012-10-11,0.0,0.0094341669237798,-0.00012857093727657091,0.005932263716279051,0.005803126070959652
2012-10-12,0.005803126070959652,0.005062949750530372,0.0,0.005438850400268189,0.0007762529468751664
2012-10-15,0.0007762529468751664,0.006338213279246658,0.0001294187880524628,0.005502222647081829,0.0019433776831409243
2012-10-16,0.0019433776831409243,0.00837605038444214,0.0,0.00552459932873549,0.01069111837891574
2012-10-17,0.01069111837891574,0.0038538754065799456,0.0,0.00443060297045358,0.0006556786485947042
2012-10-18,0.0006556786485947042,0.0035370684647872156,0.0,0.004296092738194977,-0.0036137535535060218
2012-10-19,-0.0036137535535060218,0.00481446715363488,-7.843804675747944e-05,0.005251588990476596,-0.0035744974300148534
2012-10-22,-0.0035744974300148534,0.00444732736981546,0.0,0.0058501323807641096,0.0036529385531968773
2012-10-23,0.0036529385531968773,0.009058317502072737,0.0,0.00595202224155556,-0.007422361367593739
2012-10-24,-0.007422361367593739,0.0058038283416440095,0.0,0.004285888141509519,-0.0006484696183931449
2012-10-25,-0.0006484696183931449,0.0060050934476064315,0.0,0.004115569669353911,-0.0020722206519754
2012-10-26,-0.0020722206519754,0.005022103631850606,0.0,0.004051782772292019,-0.0010991515847126464
2012-10-29,-0.0010991515847126464,0.003638611900182985,6.466314835200871e-05,0.00396354532529056,-0.0012270591915617506
2012-10-30,-0.0012270591915617506,0.007427825967782845,0.0,0.002802827455550608,0.004204038424388151
2012-10-31,0.004204038424388151,0.005539635565054415,1.2967092370484728e-05,0.0024980129771459032,0.0001943930038616015
2012-11-01,0.0001943930038616015,0.004223085575914505,0.0,0.0024859422061829783,-0.0012956243078190888
2012-11-02,-0.0012956243078190888,0.008974988795649213,0.0,0.002344331362569855,-0.009343773012860858
2012-11-05,-0.009343773012860858,0.005696956202465348,0.00019240128326991252,0.004925643579907349,-0.0019862971328994785
2012-11-06,-0.0019862971328994785,0.003983618947694027,0.0,0.004927074920760129,0.0004353080305895034
2012-11-07,0.0004353080305895034,0.010735602616380234,-7.678002624853163e-05,0.0040117522001656206,-0.0037584886622258284
2012-11-08,-0.0037584886622258284,0.0040742345908963045,0.00034448066922332507,0.003754081764288554,-0.0011477221809470441
2012-11-09,-0.0011477221809470441,0.007528920206596528,0.00012740627851031192,0.00377327170503871,-0.0016810527694880474
2012-11-12,-0.0016810527694880474,0.003065034667261279,-2.5482750566874092e-05,0.001513115955044012,-0.0011190848708216385
2012-11-13,-0.0011190848708216385,0.004361415188248528,0.0,0.0015114297716563756,0.0
2012-11-14,0.0,0.004053489896570855,-0.00012716832068324275,0.0013824101418218773,0.0017810593602762183
2012-11-15,0.0017810593602762183,0.006471870759575956,0.00022925136972542747,0.0013810071654257472,0.004082684996178389
2012-11-16,0.004082684996178389,0.007095889383981057,0.00012785592698018382,0.0023474263227261623,-0.0019540958120791625
2012-11-19,-0.0019540958120791625,0.005568302233991645,-3.821054683963744e-05,0.0024162926918371566,0.0007786051258752523
2012-11-20,0.0007786051258752523,0.004474700234200127,0.0002043962467283995,0.002228747468442069,0.0035177764975567074
2012-11-21,0.0035177764975567074,0.006820393120553118,3.842177131994321e-05,0.002406874055255115,0.003941790057651514
2012-11-22,0.003941790057651514,0.00480856947235757,0.0,0.002622572560532402,0.0007849969751179096
2012-11-23,0.0007849969751179096,0.007714117308728772,1.2869990228992311e-05,0.0023957795602908435,0.007028737624003663
2012-11-26,0.007028737624003663,0.0025922529928592833,-0.0005574900213237406,0.0025983321612013353,0.001622071249715867
2012-11-27,0.001622071249715867,0.0065086353445876636,-0.00025970150294691115,0.002422407200919577,-0.0037591118197992574
2012-11-28,-0.0037591118197992574,0.004433441256304464,0.0,0.003994248092080575,0.0011650365884301502
2012-11-29,0.0011650365884301502,0.0054849627353840465,0.0,0.003833303547037391,0.0015556536819384401
2012-11-30,0.0015556536819384401,0.004504093498578378,0.0,0.0038194525090483877,0.001791926548470343
2012-12-03,0.001791926548470343,0.006223338703351559,-2.6048373664287092e-05,0.0023781155194712877,0.00785486979982089
2012-12-05,0.00785486979982089,0.004699010773370628,0.0,0.004123028234683307,-0.0022244349806974668
2012-12-06,-0.0022244349806974668,0.008061424652001853,0.0,0.0036420859625713245,-0.008200391470385609
2012-12-07,-0.008200391470385609,0.007069182332101861,0.0,0.0059034657251087206,-0.004436687582816761
2012-12-10,-0.004436687582816761,0.004213502475664777,-3.8700248014095384e-05,0.006151220451617197,0.0024940274152400973
2012-12-11,0.0024940274152400973,0.006034411273128654,0.0,0.006239493933161116,0.005774099182791437
2012-12-12,0.005774099182791437,0.004228825413808929,6.495314349870454e-05,0.005539507435305783,0.004107610164108555
2012-12-13,0.004107610164108555,0.004269148584251983,0.0,0.005986439100112921,0.000915174116556749
2012-12-14,0.000915174116556749,0.003939573637906679,0.0,0.003913922000929628,0.0066397813111627535
2012-12-17,0.0066397813111627535,0.0024440601948855735,-5.260342594071404e-05,0.0023404378154132104,-7.895767899669292e-05
2012-12-18,-7.895767899669292e-05,0.00429331219260639,0.0,0.002953182916289948,0.0050150872193668785
2012-12-19,0.0050150872193668785,0.006171649317622025,0.0,0.0028218211716268438,-0.0011900064672989874
2012-12-20,-0.0011900064672989874,0.006682345614353814,0.0001321687686013434,0.0033894990040054997,0.0016928992825085577
2012-12-21,0.0016928992825085577,0.00521380358935396,-2.656495500707078e-05,0.0033296604091852954,-0.004213894903889022
2012-12-24,-0.004213894903889022,0.004734457805873045,-1.3203096542127102e-05,0.0034240356420569334,-0.00011865561036998284
2012-12-25,-0.00011865561036998284,0.0022037607739264875,-0.0002636654378555211,0.0034250205830094627,0.0
2012-12-26,0.0,0.005828669583669728,-0.0001318501010850775,0.002186307227349763,0.0034328757995704495
2012-12-27,0.0034328757995704495,0.005336391885223016,-0.00013229941520594322,0.002841464965818218,0.0018533322975444059
2012-12-28,0.0018533322975444059,0.006863331472810638,0.00013253932112333958,0.002863938447235882,-0.0017078663728159408
2012-12-31,-0.0017078663728159408,0.004350682923659646,1.3157843746640131e-05,0.001984721514487753,-0.001995376539259348
2013-01-01,-0.001995376539259348,0.002128124528741466,0.0,0.002324685795210272,-0.0002639847707948169
2013-01-02,-0.0002639847707948169,0.007857090146124878,0.0,0.00233664064598081,-0.0011871216201709736
2013-01-03,-0.0011871216201709736,0.007595669094951244,-0.00013183271892776055,0.0015518359072495404,-0.011403246248573008
2013-01-04,-0.011403246248573008,0.004855555812685894,0.0001303607305543414,0.004571118891927304,0.002662234107940564
2013-01-07,0.002662234107940564,0.006022382324030551,-7.835708097159862e-05,0.005312131904055939,0.004400356419408042
2013-01-08,0.004400356419408042,0.005376237146253759,0.00013126015563020343,0.006149282399116787,-0.0032628667624201887
2013-01-09,-0.0032628667624201887,0.00428092996961706,-0.0001178073724635551,0.0061863786775321105,-0.0021039497190686184
2013-01-10,-0.0021039497190686184,0.013400101139730437,9.141398067703879e-05,0.006178805561864018,0.016585816427728228
2013-01-11,0.016585816427728228,0.008291289960289501,0.0,0.00790204922027326,0.006672030251265356
2013-01-14,0.006672030251265356,0.004836615138436768,0.00014695876990050057,0.007979037400192202,0.0011899556887180166
2013-01-15,0.0011899556887180166,0.006223636004932359,0.0,0.008112912366111813,-0.0052038452318998365
2013-01-16,-0.0052038452318998365,0.004971797221615857,-0.00013317859419649422,0.008569888090837955,-0.0013298913070807386
2013-01-17,-0.0013298913070807386,0.007906892140681061,0.0,0.008451141253881115,0.0061324875816171605
2013-01-18,0.0061324875816171605,0.007500457312344153,0.0,0.005031289173140652,-0.0039371499292233485
2013-01-21,-0.0039371499292233485,0.0022711494923273417,6.658973642726194e-05,0.004510837649959214,-0.0006391188095335511
2013-01-22,-0.0006391188095335511,0.007602562593930525,9.314441019778476e-05,0.004399162021332828,0.0001863436607828472
2013-01-23,0.0001863436607828472,0.006308591271996196,-0.00011987554429674416,0.0037177379446996896,-0.00041267119656229377
2013-01-24,-0.00041267119656229377,0.006704424438221848,0.0,0.003652681400533974,0.004561876596430402
2013-01-25,0.004561876596430402,0.00941193485591104,2.675056595264092e-05,0.003037835281192943,0.00720526666208905
2013-01-28,0.00720526666208905,0.0035581259574641376,-1.3455772601857114e-05,0.003520322462661385,-0.00146671173299158
2013-01-29,-0.00146671173299158,0.005533195047785113,-0.00013447298821495397,0.003700855857018038,0.0033672400333745137
2013-01-30,0.0033672400333745137,0.006920104290625636,0.0,0.0035793653452208087,0.005669026242172078
2013-01-31,0.005669026242172078,0.0033900178405344744,-1.3617872482417788e-05,0.003300470294796856,0.0031391697187494287
2013-02-01,0.0031391697187494287,0.007648716925568055,0.0,0.003286922851191158,0.002766859073976453
2013-02-04,0.002766859073976453,0.0073566512454356645,0.00010918826213952914,0.0025893548278301533,-0.010089889790595784
2013-02-05,-0.010089889790595784,0.007747900753677403,6.749805446784181e-05,0.006286548501080668,0.0051476427709565885
2013-02-06,0.0051476427709565885,0.006907271629461837,-0.0001358553873812055,0.006502942177258858,-0.004241963829092759
2013-02-07,-0.004241963829092759,0.014928387232975413,9.459059901678671e-05,0.006357258830482217,-0.009998165808551313
2013-02-08,-0.009998165808551313,0.004673947282340533,0.00029451770477107104,0.007071480473989177,-0.0015786369380713376
2013-02-11,-0.0015786369380713376,0.0038184905686288097,8.017323840488965e-05,0.006374751685895489,0.0026369420998443764
2013-02-12,0.0026369420998443764,0.007847753685232663,4.0112863901944595e-05,0.005936997259698193,0.0036121084503193085
2013-02-13,0.0036121084503193085,0.006459794899407436,2.6851915937374243e-05,0.005525725503898064,-0.0005647434735789681
2013-02-14,-0.0005647434735789681,0.01004349779478585,0.0,0.005381236831783979,-0.006833340927921165
2013-02-15,-0.006833340927921165,0.006037903485498345,0.0,0.004123661343942943,-0.0006674703230669799
2013-02-18,-0.0006674703230669799,0.003660877283023183,0.0001333062551279798,0.004086558872450079,0.0002402834820688379
2013-02-19,0.0002402834820688379,0.0030306020968242304,-0.0001601143321705324,0.003775377978635718,0.003637031257409674
2013-02-20,0.003637031257409674,0.0051468103720385,0.0,0.0037827391446185587,-0.009200664271603936
2013-02-21,-0.009200664271603936,0.008839593922762339,0.0,0.005295899368120745,-0.0059551867332724336
2013-02-22,-0.0059551867332724336,0.007146584027700919,0.0,0.005130943055031133,0.00011880151420411266
2013-02-25,0.00011880151420411266,0.009787940600964449,0.00011880857138339706,0.005208367845170397,-0.009965896210080764
2013-02-26,-0.009965896210080764,0.007344405950124696,0.0,0.0059451074318323605,6.532770422518989e-05
2013-02-27,6.532770422518989e-05,0.00636814827371706,-0.00026132520978303076,0.004875371334000664,0.006488650933249562
2013-02-28,0.006488650933249562,0.007608796940056034,0.0,0.006320563420993896,-0.006945851952969497
2013-03-01,-0.006945851952969497,0.009915132852283187,-0.00013060255051904702,0.006494567458217894,-0.003298765151000186
2013-03-04,-0.003298765151000186,0.003508985295523501,-3.910319791813476e-05,0.006388514477406346,0.0014720743721258502
2013-03-05,0.0014720743721258502,0.0045679742328687475,1.3076869404609892e-05,0.005060043654590036,0.0009520424019637552
2013-03-06,0.0009520424019637552,0.006161029455966061,3.9102934821437544e-05,0.00509774275872981,-0.0053745988191833995
2013-03-07,-0.0053745988191833995,0.01051525889147503,0.0,0.0037504760605379817,0.010174907119175859
2013-03-08,0.010174907119175859,0.013294367048510485,0.0,0.005985150904495728,-0.009447805340505221
2013-03-11,-0.009447805340505221,0.0029950037379034423,-5.194704595230178e-05,0.00747931776356447,0.0034347096884790665
2013-03-12,0.0034347096884790665,0.006077677001995049,2.59779533159714e-05,0.007654509959765108,-0.0002605384763194091
2013-03-13,-0.0002605384763194091,0.010744220630912802,0.0,0.007633921768094984,-0.005457516704327578
2013-03-14,-0.005457516704327578,0.005193142854619427,0.0,0.00764779349316787,0.004155454167862972
2013-03-15,0.004155454167862972,0.0077001997423676305,0.0,0.005845942794400964,-0.009235076987730063
2013-03-18,-0.009235076987730063,0.0070702220639267685,-0.00042542289512711025,0.005774110004093563,0.004043603955159299
2013-03-19,0.004043603955159299,0.005809445402171488,0.0,0.005908342510601444,-0.006284440059350325
2013-03-20,-0.006284440059350325,0.008428033295490108,-9.006685796298974e-05,0.00623555375372445,0.006025543886735387
2013-03-21,0.006025543886735387,0.005541887519137631,0.00012943553944310844,0.006970853323956377,-0.0028431453016186975
2013-03-22,-0.0028431453016186975,0.008832369997728491,0.0,0.006552971549938688,0.009191736350872682
2013-03-25,0.009191736350872682,0.013870743050349783,-1.2997102561417717e-05,0.00640677068116001,-0.01279855965292542
2013-03-26,-0.01279855965292542,0.004075026848544542,-0.00012857093727657091,0.008988523435648406,0.0001285792032281428
2013-03-27,0.0001285792032281428,0.008713067951918906,-2.5676449301155644e-05,0.008553958562683728,-0.0064094619706589395
2013-03-28,-0.0064094619706589395,0.006797528402178732,0.0002555953594186669,0.00814029240226921,0.002968842584348151
2013-03-29,0.002968842584348151,0.0031523335174444187,0.00015368708527977283,0.008494539034045947,-0.0007942122216494621
2013-04-01,-0.0007942122216494621,0.00720036647880687,1.2846658467767874e-05,0.00626879433697237,0.0034635721258691036
2013-04-02,0.0034635721258691036,0.0049801929625320355,0.0,0.003951463620970434,-0.002310380161702017
2013-04-03,-0.002310380161702017,0.005519206339671877,0.0,0.004060815493248336,0.0023103801617020657
2013-04-04,0.0023103801617020657,0.010194719570533209,0.0,0.0025376652033664306,0.006057776525567641
2013-04-05,0.006057776525567641,0.010814753342554342,0.000129200646390729,0.0033454032749498513,0.004924874541507244
2013-04-08,0.004924874541507244,0.004990942825196251,0.0,0.003235908590701494,0.0028624295571095548
2013-04-09,0.0028624295571095548,0.006808369388486318,0.0,0.0032203652796638223,0.0039033371703686114
2013-04-10,0.0039033371703686114,0.0048455556599577,-1.3032377163921422e-05,0.0015204745246067755,-0.0019079428869484103
2013-04-11,-0.0019079428869484103,0.00717601989989803,0.0001696841463864583,0.0030755774546605812,0.004540512323350586
2013-04-12,0.004540512323350586,0.0065888569446237565,0.0,0.0027798182728710243,-0.0011796306732325752
2013-04-15,-0.0011796306732325752,0.004076813878676429,0.0001834074426831262,0.0029819518268317455,-0.003413021443032482
2013-04-16,-0.003413021443032482,0.00889787392853813,0.0002089735316937862,0.0035978304426693224,0.009456885713221962
2013-04-17,0.009456885713221962,0.011996909660765527,0.0,0.005373290852981315,-0.010970123494505981
2013-04-18,-0.010970123494505981,0.004877779326395283,3.914375415673745e-05,0.00779330981582956,0.0013957078225384414
2013-04-19,0.0013957078225384414,0.005031071011993326,0.0,0.007421714391962082,0.00019578428287324982
2013-04-22,0.00019578428287324982,0.005058117769519444,-0.00019581807451037492,0.007436181979216586,0.0004570764704050366
2013-04-23,0.0004570764704050366,0.008251690007043216,0.0001306196097732312,0.007278637093866734,-0.005159080449683407
2013-04-24,-0.005159080449683407,0.005309927732838556,5.1926800825581085e-05,0.005232162860775567,0.00176880818137652
2013-04-25,0.00176880818137652,0.007631900260654408,0.0,0.0028098047272112187,-0.0007808119108681736
2013-04-26,-0.0007808119108681736,0.004060927662148414,0.0,0.0026517037862134624,0.0027092938375022375
2013-04-29,0.0027092938375022375,0.0061996716541285295,-2.5956966639631207e-05,0.0030700880571273856,0.004077536101588047
2013-04-30,0.004077536101588047,0.009638704468256412,0.0,0.0036384271770416605,0.005515454091312641
2013-05-01,0.005515454091312641,0.006035289624286124,-5.2684248903203555e-05,0.0023874069153769096,0.0010539995886262228
2013-05-02,0.0010539995886262228,0.013077847989313088,0.0,0.0024738074009249553,-0.008923937204134204
2013-05-03,-0.008923937204134204,0.008687591071710446,0.0,0.005727242770279744,0.004452029941140167
2013-05-06,0.004452029941140167,0.006253797006578088,0.0,0.005915833555466965,-0.0040600365090577364
2013-05-07,-0.0040600365090577364,0.004937492629331798,-0.00039212761643300076,0.006056030006714245,0.0005230267281386599
2013-05-08,0.0005230267281386599,0.008747559094725767,0.0,0.005187760089967078,0.006428270664547212
2013-05-09,0.006428270664547212,0.006754556635644955,0.0,0.0062657332845949725,-0.009692264624364979
2013-05-10,-0.009692264624364979,0.008717259176283713,0.0,0.006533321240249739,-0.005316899434552162
2013-05-13,-0.005316899434552162,0.003994915445139906,-0.0002852237549564866,0.006142491652876475,0.0017518545012306938
2013-05-14,0.0017518545012306938,0.005999369443912691,3.891793098694312e-05,0.006303202958602435,-0.003927706249768482
2013-05-15,-0.003927706249768482,0.007555262247111904,1.280834831574022e-05,0.006302508116745949,-0.004234363049165293
2013-05-16,-0.004234363049165293,0.00613589128105284,-0.00011593443384996789,0.004088922719838943,6.449566130089441e-05
2013-05-17,6.449566130089441e-05,0.006986126107436685,0.0,0.0030616966665250405,-0.0037035254520619673
2013-05-20,-0.0037035254520619673,0.004311655465804775,0.0004365104879588889,0.0027362610490745624,0.004309137552953992
2013-05-21,0.004309137552953992,0.00558081951398489,-6.445038111258002e-05,0.0036884866882530864,0.002168110497585436
2013-05-22,0.002168110497585436,0.010070871006095154,-9.042029289699121e-05,0.003692208567441885,-0.005976506282108543
2013-05-23,-0.005976506282108543,0.009927113108584924,-0.00014117005004529322,0.00420530875924342,0.0064417355681352755
2013-05-24,0.0064417355681352755,0.0064985061340091035,5.1744285092748174e-05,0.0052939090699105264,0.000982699770850516
2013-05-27,0.000982699770850516,0.002738782408326424,6.459461992239984e-05,0.004714020748064356,-0.0002974735779143091
2013-05-28,-0.0002974735779143091,0.007119782262665474,-0.00023285392944905005,0.004493520361048983,-0.006793025706258287
2013-05-29,-0.006793025706258287,0.010063827929337837,-5.131360033107943e-05,0.005432454609358045,0.007867125813207816
2013-05-30,0.007867125813207816,0.009658857074989206,1.2981884562860142e-05,0.005855244020386127,0.007394543733594915
2013-05-31,0.007394543733594915,0.007864619066110416,6.525715477508603e-05,0.006062418368233698,-0.003645628601557527
2013-06-03,-0.003645628601557527,0.011275404791223811,0.00010393454160355104,0.006557422069678073,0.005865508342304645
2013-06-04,0.005865508342304645,0.004084399928508639,0.0,0.006847664429923316,3.930123857307964e-05
2013-06-05,3.930123857307964e-05,0.004224663349561416,3.9302010876899896e-05,0.005071273152735717,0.0015176148155457577
2013-06-06,0.0015176148155457577,0.01495659786950325,1.3019761630926359e-05,0.004464275052734583,0.011562487392139139
2013-06-07,0.011562487392139139,0.006069832367039324,0.0001324067084025333,0.0058444821901731635,-0.0016278842001214964
2013-06-10,-0.0016278842001214964,0.004537141848537282,0.0,0.005310290193354838,0.0
2013-06-11,0.0,0.010247624944030727,0.0,0.005297046772996089,0.0
2013-06-12,0.0,0.013543455408840992,0.0,0.0053012643994662465,0.008699546948616884
2013-06-13,0.008699546948616884,0.008080851951017648,1.3404965896426263e-05,0.005970279065521731,0.002123207300073294
2013-06-14,0.002123207300073294,0.005360797309248046,2.6753426244415556e-05,0.004059895512118048,-0.0014427438243390341
2013-06-17,-0.0014427438243390341,0.003094399271275503,-0.00017357772076380626,0.0040210296250075715,0.0010818738294116166
2013-06-18,0.0010818738294116166,0.006287639595849346,-2.6672447183482116e-05,0.0039227503950634325,0.002006501235948722
2013-06-19,0.002006501235948722,0.0020342252681244052,0.00014736482749706025,0.003754197881757209,-0.007350838923890695
2013-06-20,-0.007350838923890695,0.010258455095425091,0.00033221729972037075,0.003976641318716645,-0.004244322372817905
2013-06-21,-0.004244322372817905,0.010757198320639703,-0.00010581798064530596,0.0038577352021257646,-0.009890867430486311
2013-06-24,-0.009890867430486311,0.004578150243557048,9.169876047457177e-05,0.005181219208770019,0.002059727722364065
2013-06-25,0.002059727722364065,0.006215306743983005,0.00010512906362868487,0.005418879139623638,-0.0040105040554757375
2013-06-26,-0.0040105040554757375,0.007673372950186918,-5.231177966480155e-05,0.004481858392428949,-0.0050881599651671485
2013-06-27,-0.0050881599651671485,0.003510585712594944,-9.113885742282943e-05,0.004254139178467862,0.0017323101231722052
2013-06-28,0.0017323101231722052,0.0082386106182901,9.127207574757935e-05,0.00502128936161529,-0.0016801881281960803
2013-07-01,-0.0016801881281960803,0.004410376824874765,1.309903105642861e-05,0.003251030936010923,0.004107799317410856
2013-07-02,0.004107799317410856,0.0063634849302831855,-0.00011757508546558159,0.00386630393410629,-0.006811097394825702
2013-07-03,-0.006811097394825702,0.00796692797222946,5.189702454609852e-05,0.004555186626321503,0.002456037988637669
2013-07-04,0.002456037988637669,0.010456024500741321,0.00013012168576876192,0.0043334022513897355,-0.007956968242132436
2013-07-05,-0.007956968242132436,0.007520192039329939,0.0001290366082491986,0.005382685750640204,-0.006112411572627294
2013-07-08,-0.006112411572627294,0.004970822724822985,8.976999366405986e-05,0.005678443201475565,0.003263916264117598
2013-07-09,0.003263916264117598,0.010403461781869992,7.724976748653618e-05,0.005426392615660535,-0.006951877016797796
2013-07-10,-0.006951877016797796,0.007264005169095973,-0.00011507524932815265,0.005451211167148166,0.031262324758573094
2013-07-11,0.031262324758573094,0.013561814457420137,0.0008573080581257759,0.01658698806282567,-0.006847415305516424
2013-07-12,-0.006847415305516424,0.007665838398854787,-1.3197016345733433e-05,0.016415285751808287,-0.0028903531058660607
2013-07-15,-0.0028903531058660607,0.0064050160851064925,-7.831086565982175e-05,0.01603065112299507,-9.146529322965793e-05
2013-07-16,-9.146529322965793e-05,0.007535459940842436,-0.0001829054920750993,0.016116529051813717,0.0070504609375198765
2013-07-17,0.0070504609375198765,0.0064863237164748564,-0.00014464937345341406,0.015165989955113235,-0.0026005548501486573
2013-07-18,-0.0026005548501486573,0.004080946775289551,5.244142556334997e-05,0.0051462135395861155,-0.00048524362217734567
2013-07-19,-0.00048524362217734567,0.004481000211765949,5.2375944710643365e-05,0.00402730234827826,0.0037567130208616788
2013-07-22,0.0037567130208616788,0.005609008110506156,0.0003027352917404099,0.0038466056154695533,0.0023056207727170873
2013-07-23,0.0023056207727170873,0.004712844718332357,0.0,0.0037425925308199174,0.0024961438919357277
2013-07-24,0.0024961438919357277,0.004810538560170407,5.292133905593019e-05,0.0025820446135449305,-0.002456469552285838
2013-07-25,-0.002456469552285838,0.005352676193500659,2.647986043938674e-05,0.0025307908604620625,0.006298609757837202
2013-07-26,0.006298609757837202,0.003328716751224346,-0.0001327143588316108,0.003186344964246966,0.0009960712248309111
2013-07-29,0.0009960712248309111,0.004170076237724927,6.648376602793838e-05,0.003148796559085209,-0.0017922410988431615
2013-07-30,-0.0017922410988431615,0.004697762790346361,-2.6512909764884415e-05,0.003535489425107456,9.283827323340583e-05
2013-07-31,9.283827323340583e-05,0.006106461774110073,-0.00011942072054634845,0.0034622683546211845,0.0027496016501841825
2013-08-01,0.0027496016501841825,0.008455792962037668,2.661830798243956e-05,0.0030626089900217127,-0.006747556043127298
2013-08-02,-0.006747556043127298,0.007739875367624004,-5.287099900293958e-05,0.0036360111653149737,0.005059723804918386
2013-08-05,0.005059723804918386,0.004863897937502592,-1.3286218725824458e-05,0.004522998413641631,-0.0016186586244296085
2013-08-06,-0.0016186586244296085,0.005695249738382502,-0.00011930744143095769,0.0045076666027024145,0.003812097411978175
2013-08-07,0.003812097411978175,0.004945952380909726,0.00014638901132767846,0.004840544729374411,0.0024650535425876047
2013-08-08,0.0024650535425876047,0.0050250968906269166,0.00020010746280181907,0.00481128840981086,0.0029259569074284375
2013-08-09,0.0029259569074284375,0.004268345922405698,8.028071340969144e-05,0.002520696223725146,-0.003046058189412581
2013-08-12,-0.003046058189412581,0.004674758440280385,0.0,0.0030392814547562045,-0.00348877822192013
2013-08-13,-0.00348877822192013,0.006152770284618873,-7.980772972834346e-05,0.0035069897682524697,-0.0020582714775905335
2013-08-14,-0.0020582714775905335,0.003053742708472789,-0.00010602773038478002,0.0030932811317755256,-0.00010613446905663176
2013-08-15,-0.00010613446905663176,0.007386578157265837,-0.00013263506423573108,0.0026264447843726687,0.006747681335261496
2013-08-16,0.006747681335261496,0.004538776842311427,0.00022706180241890912,0.00419723942887384,-0.0018679052360929733
2013-08-19,-0.0018679052360929733,0.004289062242872699,-6.671449362536754e-05,0.004041038259149045,0.0003600028474276832
2013-08-20,0.0003600028474276832,0.009444574278036322,-0.0001600064646188934,0.0035883853474312217,0.0065147466223813
2013-08-21,0.0065147466223813,0.0050931907075316895,0.0,0.0040145379702844425,-0.005834439467682652
2013-08-22,-0.005834439467682652,0.004877122668270068,2.671414816131164e-05,0.005445709297005017,0.0009076660355220502
2013-08-23,0.0009076660355220502,0.005501188338801793,-9.353733755250988e-05,0.0044978843594085435,0.002353287035953543
2013-08-26,0.002353287035953543,0.002480446690566202,-0.00016062350411571018,0.004451793296133523,-0.0005487091265873901
2013-08-27,-0.0005487091265873901,0.005476390167606248,9.365350058250517e-05,0.004495654181385799,0.0009637821041912405
2013-08-28,0.0009637821041912405,0.006671567819773034,0.0,0.003189855379187179,-0.004276320369498135
2013-08-29,-0.004276320369498135,0.00898128248379939,-6.668514661659143e-05,0.0025400108466276804,-0.007426567270852635
2013-08-30,-0.007426567270852635,0.005609730221033476,-6.619164182378776e-05,0.004007604586029006,-0.0021155555167329827
2013-09-02,-0.0021155555167329827,0.0032291746484472356,2.644493118344202e-05,0.0032869546578781638,-0.001385897584949283
2013-09-03,-0.001385897584949283,0.00409098369426899,-2.6299457553521666e-05,0.0031704604741357324,-0.0012127109859999992
2013-09-04,-0.0012127109859999992,0.004341804294678045,7.909293256684981e-05,0.00261743457601204,0.002017569232703299
2013-09-05,0.002017569232703299,0.00824690691322577,-2.6368600342786153e-05,0.003413054348673188,-0.006250685890698041
2013-09-06,-0.006250685890698041,0.006163214922208073,-6.560531443011039e-05,0.002957948966786007,0.004246146872347274
2013-09-09,0.004246146872347274,0.007241946882315141,0.00015801528458481593,0.003975731377318486,0.006343786989198022
2013-09-10,0.006343786989198022,0.0034706212393137937,0.00015908457930851894,0.004939467545162653,0.0006232749244094438
2013-09-11,0.0006232749244094438,0.005079896130447621,-0.00017249908225097646,0.004797374040744056,0.0037082370751209356
2013-09-12,0.0037082370751209356,0.004086869751416259,4.001980040057403e-05,0.0049103856486520355,-0.0012509255469101393
2013-09-13,-0.0012509255469101393,0.00469892579334766,-7.977166302585211e-05,0.0030249413239958247,0.004531864098348546
2013-09-16,0.004531864098348546,0.0033166985317436303,0.0001202111968833496,0.003063103853745277,-0.0016018532300555457
2013-09-17,-0.0016018532300555457,0.0032288858864521,0.00024003209725296005,0.0028099189715326462,0.0014950357158973195
2013-09-18,0.0014950357158973195,0.0020290164704983627,4.016071783819164e-05,0.0027920120012320214,0.012284229802837462
2013-09-19,0.012284229802837462,0.003987507678116434,-2.706220384186329e-05,0.005701180847025173,0.0008252112037365481
2013-09-20,0.0008252112037365481,0.0036939062525735925,-5.425444223659006e-05,0.005371928939727006,2.7128324994165675e-05
2013-09-23,2.7128324994165675e-05,0.004714627544159778,5.417077057965191e-05,0.005532408842527292,-0.0026357631830961448
2013-09-24,-0.0026357631830961448,0.003851297917688838,9.450088738099622e-05,0.005744265537644711,-0.00200939757460392
2013-09-25,-0.00200939757460392,0.005336084008259812,-0.0001617296651488143,0.00608580589532367,0.003346668110638331
2013-09-26,0.003346668110638331,0.003721270941684667,0.00014871420428815555,0.002388881148610247,-0.0022817528947719212
2013-09-27,-0.0022817528947719212,0.006713854163674337,-0.00013487057506745076,0.002493357046255532,0.0006880848622560554
2013-09-30,0.0006880848622560554,0.005578751771516036,-4.045482529786853e-05,0.0025589085556208665,0.002202185586375878
2013-10-01,0.002202185586375878,0.005124288611526587,1.3573524787019057e-05,0.002500506258977328,-0.00013530186549907483
2013-10-02,-0.00013530186549907483,0.007092060416590453,-4.054758633881299e-05,0.002169658383093186,0.004989017263364264
2013-10-03,0.004989017263364264,0.004779416634001326,1.359551569018995e-05,0.00271435445789962,0.0024357703213313607
2013-10-04,0.0024357703213313607,0.003818781309671192,4.0863434751069934e-05,0.0019646355841765476,-0.003983941347518267
2013-10-07,-0.003983941347518267,0.0034271148633405885,2.714567926439953e-05,0.003372534991159083,0.002064747861684517
2013-10-09,0.002064747861684517,0.007282720298935798,-0.0001903754182211363,0.003361864868108354,-0.005735428865251535
2013-10-10,-0.005735428865251535,0.0040675818321673045,6.76315493153474e-05,0.00457828631066289,0.00047327681604477967
2013-10-11,0.00047327681604477967,0.004597163460957996,-2.7054884578915185e-05,0.0036973973225177554,0.0022208516091871884
2013-10-14,0.0022208516091871884,0.003762500302271543,4.0714886576064465e-05,0.0036491433747560917,0.0001355843264486392
2013-10-15,0.0001355843264486392,0.0068518196302069494,8.142204749015659e-05,0.003247746849924087,-0.0027215330765080663
2013-10-16,-0.0027215330765080663,0.006907432035409239,6.762423285730106e-05,0.0031282285638061695,5.4041371107250154e-05
2013-10-17,5.4041371107250154e-05,0.012176523088000787,0.0,0.0017733411647903223,0.010630852170054517
2013-10-18,0.010630852170054517,0.00318604007326139,-0.00021871056691225347,0.005100872622620379,0.001093978463955791
2013-10-21,0.001093978463955791,0.002463917535653628,5.4719929372952303e-05,0.005117076436119803,-0.000437744149242651
2013-10-22,-0.000437744149242651,0.008847801839363723,0.00021874991008934047,0.005170918840147463,0.007467540975660065
2013-10-23,0.007467540975660065,0.003634902889009361,-0.00017914777044068708,0.0049854114858111035,0.00017916381931931766
2013-10-24,0.00017916381931931766,0.003933292671143429,0.00011021700378465318,0.0049624087934605175,0.0016688072258379605
2013-10-25,0.0016688072258379605,0.00391835743506445,0.0001655772140877965,0.003165535076337219,9.671716893585458e-05
2013-10-28,9.671716893585458e-05,0.0029676055463579553,-5.517488625668164e-05,0.003266262514588219,-0.0011589761458217073
2013-10-29,-0.0011589761458217073,0.004278611876942978,-0.00012412761667455718,0.0034025919609262886,-0.0033588796437010794
2013-10-30,-0.0033588796437010794,0.003078366988289472,-4.120048677290899e-05,0.0018793237703448444,-0.0013870897864594889
2013-10-31,-0.0013870897864594889,0.011033191212881982,-4.108396346115629e-05,0.0018652497465380371,-0.010566432738998956
2013-11-01,-0.010566432738998956,0.007270665772786076,0.0,0.004259761312331557,-0.0063351559736912234
2013-11-04,-0.0063351559736912234,0.005563540728948663,2.70335120136574e-05,0.003946689024671771,0.0017016166459005954
2013-11-05,0.0017016166459005954,0.005490318786672532,6.755980851115998e-05,0.004698860908374698,-0.0032522560106001365
2013-11-06,-0.0032522560106001365,0.005808503253082117,1.3537549179792632e-05,0.004702676945687561,0.0033333013812805283
2013-11-07,0.0033333013812805283,0.016658690326370493,2.6985362028638055e-05,0.005715130786273753,-0.008091529839222568
2013-11-08,-0.008091529839222568,0.008574907669098924,1.3335406544537457e-05,0.004955208251529773,-0.004575455846821724
2013-11-11,-0.004575455846821724,0.00503954076483703,0.00018678046310299787,0.00467165702570974,0.004588879886957575
2013-11-12,0.004588879886957575,0.006791896414756317,4.018456450422738e-05,0.005393582810154625,0.0022822211669795006
2013-11-13,0.0022822211669795006,0.004572985899819704,0.00012099826406522765,0.005535612844621914,0.003689395211376175
2013-11-14,0.003689395211376175,0.005418028132918873,0.000391194801750431,0.00559906646028986,-0.0030172041273950605
2013-11-15,-0.0030172041273950605,0.005100234589518146,9.405383833182353e-05,0.004127792860600335,0.002599033341362619
2013-11-18,0.002599033341362619,0.004926270383126662,5.3931786369297996e-05,0.0029649254176120484,0.0015114296273467482
2013-11-19,0.0015114296273467482,0.003801275442579528,0.0001350781904079708,0.002597142308439125,0.004656302346840454
2013-11-20,0.004656302346840454,0.00796930088231671,0.00032564360315989434,0.0029839957926735116,-0.009895853774490438
2013-11-21,-0.009895853774490438,0.005575332837050284,1.339964887579052e-05,0.005794688076231819,0.002825068525748274
2013-11-22,0.002825068525748274,0.005554029631402174,-2.6988071891622273e-05,0.005832113891999093,0.0059588583834959555
2013-11-25,0.0059588583834959555,0.0047767846069050645,0.0,0.006329894654327269,-0.0018278517193040253
2013-11-26,-0.0018278517193040253,0.003275622997127628,-0.0004058182730446113,0.0064391348414108065,0.002966928314919584
2013-11-27,0.002966928314919584,0.003956162830450127,-9.496981523670765e-05,0.006195976223483501,0.0004342076453011844
2013-11-28,0.0004342076453011844,0.003761584188049876,-4.0748615293552494e-05,0.002931163704947271,0.00222859244271521
2013-11-29,0.00222859244271521,0.0016205989749232277,2.7165530972210537e-05,0.0029048437786319227,-0.001386628254186883
2013-12-02,-0.001386628254186883,0.006363890120557196,-0.00010862264641776791,0.00212455401253536,-0.00317385780405955
2013-12-03,-0.00317385780405955,0.0050508344920137975,-4.057967850683684e-05,0.0025360047130377813,0.0035814610221002333
2013-12-04,0.0035814610221002333,0.005120667105062223,-2.7190661709312004e-05,0.0027116007817535744,-0.00031248678852772294
2013-12-05,-0.00031248678852772294,0.008912178632092496,-4.071044999540364e-05,0.0027254184348605593,0.006132633494046251
2013-12-06,0.006132633494046251,0.004586119901876741,-6.836417947185335e-05,0.0038027136393071386,0.0026691858140462446
2013-12-09,0.0026691858140462446,0.002612225458670337,-0.00012339905166220002,0.003602101393096936,0.002456481749918085
2013-12-10,0.002456481749918085,0.004150566304168676,0.00016486990289509815,0.0023175533778223194,0.001760358115441614
2013-12-11,0.001760358115441614,0.003893665635295917,-0.0001100650457575294,0.0023278313095242286,0.001570332213457252
2013-12-12,0.001570332213457252,0.0041135908642518475,5.517144049518011e-05,0.0018550686704029424,-0.0025609975726136056
2013-12-13,-0.0025609975726136056,0.004187164765223931,0.0,0.0021407541520820383,-0.0008384085058059188
2013-12-16,-0.0008384085058059188,0.004429107811600623,8.243382126056758e-05,0.002104783755989664,0.0017189040283475162
2013-12-17,0.0017189040283475162,0.0040027980522424345,8.255212716372437e-05,0.0019516946567224472,0.0006057839562805383
2013-12-18,0.0006057839562805383,0.0033549540908762716,1.3763837309365443e-05,0.0018027797452402946,-0.0062874649198490975
2013-12-19,-0.0062874649198490975,0.0031282001964500314,0.000136868233527699,0.0031334928603301854,-0.0021326298229233658
2013-12-20,-0.0021326298229233658,0.0060679293826058625,-1.3705248979417248e-05,0.003101987279954569,0.0016537596963132426
2013-12-23,0.0016537596963132426,0.0030481247256905625,-2.7364831241782926e-05,0.003398205620216556,0.0015742855027451362
2013-12-24,0.0015742855027451362,0.0032228406628202807,0.00012331465976336638,0.0033709727398500643,-0.001314346278958142
2013-12-25,-0.001314346278958142,0.0031485762575027766,0.0,0.003261690124690393,-0.0009846052395807224
2013-12-26,-0.0009846052395807224,0.002438610439460957,-0.0006287712986036118,0.0017441803023577418,0.0020249925521883703
2013-12-27,0.0020249925521883703,0.013841000912335222,4.1083754630408976e-05,0.0016019924577293442,0.003938549209401466
2013-12-30,0.003938549209401466,0.005932964111783238,-0.00012378677260317861,0.0021965273364045784,0.0043407179968599
2013-12-31,0.0043407179968599,0.0037175709544861484,0.00016567675024234217,0.0026615108047489426,-0.004725722993673581
2014-01-01,-0.004725722993673581,0.002548980936675473,0.0,0.0037926132599655354,0.0015819955860336674
2014-01-02,0.0015819955860336674,0.010312293017021561,5.5075821480557586e-05,0.0036412607904860337,-0.007297207137206514
2014-01-03,-0.007297207137206514,0.005214669530142426,2.7302680128777933e-05,0.005279768965519726,-0.005179913046636604
2014-01-06,-0.005179913046636604,0.005391946345679736,1.359052689420599e-05,0.004957556530568832,0.0026411895770189855
2014-01-07,0.0026411895770189855,0.0043436471962614775,9.550272257097527e-05,0.004421466865431747,-0.001144479138039092
2014-01-08,-0.001144479138039092,0.004702754914731706,-4.0795933923543696e-05,0.0042779410452700685,-0.003262645920922542
2014-01-09,-0.003262645920922542,0.0057403424758905005,-4.075359367209114e-05,0.0038222499106792818,0.0025820750366173165
2014-01-10,0.0025820750366173165,0.008003437741743431,0.0,0.0034864265420369973,0.004746537900696894
2014-01-13,0.004746537900696894,0.0033242425653369516,-2.7290741698547633e-05,0.00323800211270184,-0.00013672835915707617
2014-01-14,-0.00013672835915707617,0.003533291881808926,-6.836417947185335e-05,0.0031471869172500777,-0.00010936126318119301
2014-01-15,-0.00010936126318119301,0.006652476252307265,2.7386168170958067e-05,0.003039488189307043,-0.0050718162732845155
2014-01-16,-0.0050718162732845155,0.004400527702172608,-0.00013593933687371603,0.0036790664514251333,0.0013744992602880853
2014-01-17,0.0013744992602880853,0.004705242400387219,0.00017703269562763935,0.003537083584446334,-0.006664171796130783
2014-01-20,-0.006664171796130783,0.004220214288893011,-5.4104643491374405e-05,0.003519597446760564,0.001583902921653464
2014-01-21,0.001583902921653464,0.0033482163478301876,0.00027088691703334495,0.0038323914425013417,0.0007454711611054409
2014-01-22,0.0007454711611054409,0.003352754722979629,0.00012204514245824767,0.003942881451951847,-0.0012466634062765418
2014-01-23,-0.0012466634062765418,0.011214995557240993,-0.0002167652759452007,0.003441633830518038,0.010783407536758027
2014-01-24,0.010783407536758027,0.0051140703466388045,-6.853008113559852e-05,0.0063225718638199166,-8.212318839923763e-05
2014-01-27,-8.212318839923763e-05,0.004353752800620225,-1.3673058022971608e-05,0.004825317604536425,-0.0009713591007095224
2014-01-28,-0.0009713591007095224,0.004212662571167956,-9.57093948971257e-05,0.0050573746934253275,-0.001434802143902986
2014-01-29,-0.001434802143902986,0.005968039447272352,5.4653124216162015e-05,0.005265663083689919,0.000259510826606219
2014-01-30,0.000259510826606219,0.007433108482223264,-4.093165330278732e-05,0.005116683778318226,-0.007335049649193158
2014-01-31,-0.007335049649193158,0.0059966127775988596,1.3539929207271434e-05,0.003105877335196127,-0.00521998441625946
2014-02-03,-0.00521998441625946,0.002987174918583818,0.0,0.00319737497393133,0.0027282950262569393
2014-02-04,0.0027282950262569393,0.0032831183428030705,0.00016229165335172814,0.0040746733942935735,-0.0006760842601348421
2014-02-05,-0.0006760842601348421,0.0038920623026318345,-5.406329780295753e-05,0.0041241402172323,0.0014202358194438222
2014-02-06,0.0014202358194438222,0.009530157577085628,1.3475535165906298e-05,0.004314807789927956,0.004204705929538309
2014-02-07,0.004204705929538309,0.006349729514450351,0.00017666838685901793,0.0036618986778248204,0.0020000328221204703
2014-02-10,0.0020000328221204703,0.0023986562483316333,-6.809325239630482e-05,0.0017935895219632176,0.0019631073408210953
2014-02-11,0.0019631073408210953,0.0038628727774001983,1.3627996237275295e-05,0.0017408972511016854,-0.0005184279490141817
2014-02-12,-0.0005184279490141817,0.0067460303933653395,0.0,0.0016857925728573898,-0.0035942598370326366
2014-02-13,-0.0035942598370326366,0.007708111736304931,8.149645385155838e-05,0.002976242732515974,0.0065036045972052875
2014-02-14,0.0065036045972052875,0.0030083884537144795,8.201407033755569e-05,0.0037169697936066315,0.001546920297079445
2014-02-17,0.001546920297079445,0.0024282248376441156,-0.00019183002450465442,0.003700232014014103,0.0003288604857311306
2014-02-18,0.0003288604857311306,0.0053130071817236516,-0.00019185391411554302,0.003685936584646056,0.004188629412028152
2014-02-19,0.004188629412028152,0.0022775584310287776,6.886941968201387e-05,0.0038456354777291093,-0.0022956100866481544
2014-02-20,-0.0022956100866481544,0.0053796222908168495,-9.610195870913476e-05,0.0034098374857286277,-0.0006725703844719994
2014-02-21,-0.0006725703844719994,0.0038757915286182377,4.118268683320864e-05,0.002441852619809378,0.0012219115686215951
2014-02-24,0.0012219115686215951,0.004287224890704271,-0.00015105007565935507,0.002415164429339519,-0.00013737209631605645
2014-02-25,-0.00013737209631605645,0.0033709244961335977,6.873888363350071e-05,0.002434960862142527,0.0007282994530443482
2014-02-26,0.0007282994530443482,0.006707628533394456,-2.7403518369104116e-05,0.0013690848076538273,-0.004676494630946948
2014-02-27,-0.004676494630946948,0.00372894171261045,0.0,0.0023379121578348755,0.0018624739877314625
2014-02-28,0.0018624739877314625,0.009345882172050329,0.0,0.0026067363450057324,0.0050570921596805795
2014-03-03,0.0050570921596805795,0.00334872263809533,0.00011016236097410527,0.003530423974654187,-0.002902725952262302
2014-03-04,-0.002902725952262302,0.004119601029067173,4.11352210176333e-05,0.0038687171038768392,0.0003022944204060538
2014-03-05,0.0003022944204060538,0.0025593111088555234,-0.00013748518347766385,0.0038537076671103124,-0.000508330407654611
2014-03-06,-0.000508330407654611,0.009269015938794584,0.0001236148882328577,0.0029544096025339184,0.009341556042900706
2014-03-07,0.009341556042900706,0.004404257867758929,-0.00011091535172504756,0.004902095055214533,0.0011236074046602443
2014-03-10,0.0011236074046602443,0.00251273913388921,8.332399159716201e-05,0.004649715957637213,1.3828816686088018e-05
2014-03-11,1.3828816686088018e-05,0.0031405798580297108,0.00013873591905604103,0.004116139262851849,-0.0014978010486166955
2014-03-12,-0.0014978010486166955,0.004366275438363026,4.1550074119138426e-05,0.004378107121489524,0.0033453626005333277
2014-03-13,0.0033453626005333277,0.0047812210700888536,4.166852431692771e-05,0.004230053996474524,-0.002818620131832985
2014-03-14,-0.002818620131832985,0.006015147617567192,-2.7769517134362714e-05,0.002378898216082506,0.0034306602332643083
2014-03-17,0.0034306602332643083,0.004805970847495443,0.00016693576632214883,0.002825133960191574,0.0009743256101407129
2014-03-18,0.0009743256101407129,0.003982115447365475,-4.177019340626683e-05,0.0028169064192101077,0.00030648030633230396
2014-03-19,0.00030648030633230396,0.002294014281111734,8.361083801850701e-05,0.0025720115998675015,-0.008047481612097382
2014-03-20,-0.008047481612097382,0.006613212674960389,5.521163785426032e-05,0.004414276330668585,-0.002691068308819494
2014-03-21,-0.002691068308819494,0.0031265663862326248,0.0,0.004403161687687055,0.00097891349810862
2014-03-24,0.00097891349810862,0.004459597904285375,-0.00013797971603118992,0.0038609327823166503,0.00313664278446382
2014-03-25,0.00313664278446382,0.005310138993071193,0.00012457486458298693,0.004327668846427522,-0.001438290216428007
2014-03-26,-0.001438290216428007,0.003020382861326605,-0.00011057900356587097,0.004238880388826591,-0.0026772660661445744
2014-03-27,-0.0026772660661445744,0.00387484219908842,-0.0003583104727389628,0.0025409993528085926,-0.002958725815120559
2014-03-28,-0.002958725815120559,0.004569323616743133,-4.120558341711548e-05,0.0025998307006878975,0.0007834988526700136
2014-03-31,0.0007834988526700136,0.004900519446566443,-0.00020626590760812667,0.0025716322047066795,0.0016653768207834318
2014-04-01,0.0016653768207834318,0.0030105530320495644,0.0,0.0020675446956547163,0.0014336317462118945
2014-04-02,0.0014336317462118945,0.0046976606322368004,9.653599967435305e-05,0.0022775820993796822,-0.0019293691033437019
2014-04-03,-0.0019293691033437019,0.007246988538588915,0.0,0.002104574347316657,-0.0032303382860289142
2014-04-04,-0.0032303382860289142,0.003913180042069508,0.000192091077756053,0.002195105522388435,-0.0014399224816908297
2014-04-07,-0.0014399224816908297,0.0037242261550750966,0.0,0.0021568980833855593,0.0028408233964540954
2014-04-08,0.0028408233964540954,0.0050596282348592285,0.0,0.002513723203858717,0.003648447142524785
2014-04-09,0.003648447142524785,0.003386152881777719,0.0,0.0030663469967373903,0.004465217246398965
2014-04-10,0.004465217246398965,0.004467222614471128,0.00015240094304429962,0.003388575273354052,0.002260909576430914
2014-04-11,0.002260909576430914,0.0029159374390761938,-0.0001944038137135969,0.0022788339296005034,-0.0028980703209830214
2014-04-14,-0.0028980703209830214,0.0038203083573345605,-8.316117850237048e-05,0.0028957160351053383,-0.002102331890052032
2014-04-15,-0.002102331890052032,0.0028733534771770114,-6.910272313919458e-05,0.0033690989253225756,-0.00037304300096163267
2014-04-16,-0.00037304300096163267,0.0034183431056379874,0.00011048736581287843,0.0030676415902178094,0.0010917269907322023
2014-04-17,0.0010917269907322023,0.003009663529635517,0.00022127547287284293,0.002147359917499921,-0.001077831383595322
2014-04-18,-0.001077831383595322,0.0009813164934704911,0.0,0.00154648035569671,0.00022092284394073823
2014-04-21,0.00022092284394073823,0.0030093961223349383,0.0,0.0012203828334910248,-0.0014633142640694187
2014-04-22,-0.0014633142640694187,0.002754990671521036,0.0001655117576009006,0.0010210117063733292,0.0010903923275149465
2014-04-23,0.0010903923275149465,0.003932336704010414,0.0001933956257190281,0.0011967481737527549,0.0006630679110028417
2014-04-24,0.0006630679110028417,0.0036071049659350063,8.281974308782e-05,0.0011086237584621576,0.0009263849724542293
2014-04-25,0.0009263849724542293,0.0014677057759265625,0.00011067191904331884,0.0010324297140647048,0.0006226545920465611
2014-04-28,0.0006226545920465611,0.004543438322809535,-2.764693333066912e-05,0.0010415457607305056,0.0008861423143385382
2014-04-29,0.0008861423143385382,0.005168121646759742,0.0,0.00019416873106357186,-0.0028357831743951265
2014-04-30,-0.0028357831743951265,0.0065439762452713015,-1.3807487040810444e-05,0.0016200836075173036,0.004014023231827639
2014-05-01,0.004014023231827639,0.0019481943274419064,4.1688592574044295e-05,0.0024276439792200893,0.0001247949200802355
2014-05-02,0.0001247949200802355,0.004145476702749068,0.0,0.0024372776679888264,0.0001248652790770361
2014-05-05,0.0001248652790770361,0.0015880015825020099,0.0,0.0024443559184925234,0.00023585228985511126
2014-05-06,0.00023585228985511126,0.005636763464095948,-6.941091182486183e-05,0.002433476197916249,0.003934598852896429
2014-05-07,0.003934598852896429,0.001816547836872156,5.571125515403991e-05,0.0020888583514633153,-0.0013641967029599535
2014-05-08,-0.0013641967029599535,0.010013563872609292,-2.776279434254769e-05,0.00197238240042961,-0.004857376994374057
2014-05-09,-0.004857376994374057,0.006475007411682154,5.5370031981845625e-05,0.003172748661071156,-0.006059261029613223
2014-05-12,-0.006059261029613223,0.00187208699235667,-6.886657400142168e-05,0.004017176190874477,-0.00028886809655386523
2014-05-13,-0.00028886809655386523,0.005385386552937688,1.3778432749041477e-05,0.003962994351769238,-0.0034332899153651244
2014-05-14,-0.0034332899153651244,0.002232186916242166,4.1130763828719324e-05,0.0023885956771156876,0.0007680273626977313
2014-05-15,0.0007680273626977313,0.005823680272949932,8.228864981459965e-05,0.002927878977320313,-0.00026060771973013144
2014-05-16,-0.00026060771973013144,0.0030545223460914784,-4.1106517938290214e-05,0.002830279937111472,-0.0009596808304641249
2014-05-19,-0.0009596808304641249,0.002411358290052153,-4.105899856232612e-05,0.0015783329021042483,0.0007676792472738191
2014-05-20,0.0007676792472738191,0.0024409751417962203,4.111779195560936e-05,0.0017328701478951008,-0.0007128751744301726
2014-05-21,-0.0007128751744301726,0.0049329273071730215,-4.105674851585834e-05,0.000813126330776873,-0.001629485181911676
2014-05-22,-0.001629485181911676,0.0028876647694965293,-9.57467782603063e-05,0.0008915263596476308,-0.001995525732119659
2014-05-23,-0.001995525732119659,0.0028459394944079096,-4.094395279205893e-05,0.0010667565536988416,-0.0018825634298810995
2014-05-26,-0.0018825634298810995,0.0028802543167732314,5.458340050577668e-05,0.001154596432563062,0.0016504821672182729
2014-05-27,0.0016504821672182729,0.004024169291928538,-0.00012285030520065964,0.0015196012679072979,-0.0010506273560637216
2014-05-28,-0.0010506273560637216,0.0034555612463481357,9.546757210489998e-05,0.0015159285105438094,-0.003199562287751592
2014-05-29,-0.003199562287751592,0.002737878878763894,-4.077712250841916e-05,0.0018165149473433754,0.0008158566795989035
2014-05-30,0.0008158566795989035,0.003793540212551463,9.516958281983968e-05,0.001973971668450143,0.0017292688861116966
2014-06-02,0.0017292688861116966,0.0031261243065219962,-2.7290955436394417e-05,0.0021047865226631038,-0.002137245513965194
2014-06-03,-0.002137245513965194,0.003780098249944774,9.520842140404543e-05,0.0020379008478905746,0.0016195314257280659
2014-06-04,0.0016195314257280659,0.002666344597864719,-6.817241653013952e-05,0.002280849883091782,-0.0012387188529966071
2014-06-05,-0.0012387188529966071,0.009638025286573721,5.433179992051784e-05,0.001750479263915493,0.004239865486853921
2014-06-06,0.004239865486853921,0.0039542870525501,8.194050473605646e-05,0.00255649097295292,-0.001392534727759818
2014-06-09,-0.001392534727759818,0.006284751879173666,-0.00017734593508701962,0.0026647103748570337,-0.0036903965755663752
2014-06-10,-0.0036903965755663752,0.004789356035518073,0.0,0.0030679476047923006,-0.003812256526535743
2014-06-11,-0.003812256526535743,0.0026567521631780033,5.414510730283675e-05,0.0032655175354155846,-0.00028430884373080244
2014-06-12,-0.00028430884373080244,0.0036255631837008077,4.0685879384332816e-05,0.0032889504135103797,0.001286800991146501
2014-06-13,0.001286800991146501,0.004234424985982984,0.0002845922545160876,0.0022005248782608904,-0.001219084304879375
2014-06-16,-0.001219084304879375,0.004982071095358244,8.128148942209038e-05,0.002205551636521,0.002887733001251535
2014-06-17,0.002887733001251535,0.0035631489168315286,1.3609373574419203e-05,0.002541393690585452,-0.0021565264484265365
2014-06-18,-0.0021565264484265365,0.0030045326682873984,-0.00013548741906952542,0.002009943871476204,0.003148100607227282
2014-06-19,0.003148100607227282,0.004379657569037871,-2.7190661709312004e-05,0.0023940744311236467,0.0015233119144290616
2014-06-20,0.0015233119144290616,0.005047800222857805,0.00023135409510764493,0.0024086510093751156,-0.001346583424928799
2014-06-23,-0.001346583424928799,0.0028745878818993223,8.156644051420888e-05,0.002436371621558906,0.0006527037398267139
2014-06-24,0.0006527037398267139,0.0033947925013604148,9.527535893479519e-05,0.0021481223884933036,0.0002856703980684675
2014-06-25,0.0002856703980684675,0.0037488446677029818,-0.0001224727833148967,0.0016520406265082427,0.0017021645773801298
2014-06-26,0.0017021645773801298,0.004770036317351781,2.7290583043025736e-05,0.001219770593709799,-0.0011714374209973015
2014-06-27,-0.0011714374209973015,0.002149229358142018,9.528518733944817e-05,0.001283310603745905,0.0023032375150731353
2014-06-30,0.0023032375150731353,0.004075303251663178,1.3542299459894888e-05,0.0013449957862804467,0.003594946985580636
2014-07-01,0.003594946985580636,0.0015610697140548942,0.00012319795778706864,0.0018413759733660938,-0.0009307023737836352
2014-07-02,-0.0009307023737836352,0.0028043859746197026,-5.471843227857746e-05,0.002080764439085525,-0.002036349698973586
2014-07-03,-0.002036349698973586,0.004808886573718957,-4.094842489117125e-05,0.002449205698430734,-0.003148855031068957
2014-07-04,-0.003148855031068957,0.0019718040430389797,6.806130142143006e-05,0.002878683781928496,-0.0015911811686182163
2014-07-07,-0.0015911811686182163,0.002184878343377077,-8.158085092144584e-05,0.0025981616173574576,0.0013053373433097946
2014-07-08,0.0013053373433097946,0.0020782931519186527,-4.091409267069477e-05,0.0016558604342782497,0.000803098373753132
2014-07-09,0.000803098373753132,0.00287546125695442,-2.7225357855881386e-05,0.0019095016635728773,0.0018945763704627317
2014-07-10,0.0018945763704627317,0.004434260050111298,-4.0978614755062346e-05,0.0021375685258577456,-0.0027792467623429483
2014-07-11,-0.0027792467623429483,0.0022870887870964107,-5.440980995747384e-05,0.002010433000514821,-9.533641933780852e-05
2014-07-14,-9.533641933780852e-05,0.00302970449383675,1.3495134741033622e-05,0.001831455940025261,0.001320493936916862
2014-07-15,0.001320493936916862,0.0048279681900886455,-2.7303598955474342e-05,0.001833700827480336,-0.0036575867273885487
2014-07-16,-0.0036575867273885487,0.0033612544888970476,0.0,0.002461896432359492,-0.003103087294461216
2014-07-17,-0.003103087294461216,0.001566640918694235,6.767120219388628e-05,0.002159689770877342,-0.0008250272105525464
2014-07-18,-0.0008250272105525464,0.003231631756231548,5.414563783252719e-05,0.0020826216245526516,0.0009873963019309177
2014-07-21,0.0009873963019309177,0.002549331354406114,1.356654876689762e-05,0.0022822882837916485,-0.0003788728560365084
2014-07-22,-0.0003788728560365084,0.005076271861580512,0.00031109573312251544,0.0019410084652550293,-0.004373228328383199
2014-07-23,-0.004373228328383199,0.0014243496160487345,-1.3542290581974185e-05,0.0021631891237090207,-0.00037704752232523123
2014-07-24,-0.00037704752232523123,0.0032638159427403075,6.72111448298336e-05,0.002008275186136092,0.0001346698260477592
2014-07-25,0.0001346698260477592,0.0035646588549851483,-0.00010773470563328575,0.0020731968519540783,-0.0026624936656148607
2014-07-28,-0.0026624936656148607,0.0013901443735062152,-1.3492917860353449e-05,0.0019230183471431546,0.00075240104793088
2014-07-29,0.00075240104793088,0.002532665998196123,0.0,0.0021461277985326548,-0.002080933172027975
2014-07-30,-0.002080933172027975,0.003597758269932936,-2.675469464893663e-05,0.001462978340912286,-0.0011258718991288403
2014-07-31,-0.0011258718991288403,0.0022181283538670114,4.022443812600394e-05,0.001441047129932734,-0.0004553690365800581
2014-08-01,-0.0004553690365800581,0.004957761937329588,0.0,0.0013463079071751529,0.0029097730598057867
2014-08-04,0.0029097730598057867,0.0015494872311333397,0.0,0.0019260138859616333,-0.000510116001848461
2014-08-05,-0.000510116001848461,0.004811589950042951,-2.6910429567723472e-05,0.0018850357485924298,-0.003711024465589124
2014-08-06,-0.003711024465589124,0.003062161613312549,5.349040016703269e-05,0.002361155017477902,0.000789342755893455
2014-08-07,0.000789342755893455,0.004004837159188168,6.698930807883929e-05,0.0024051020477558584,-0.0018452091330461266
2014-08-08,-0.0018452091330461266,0.006364959063793255,-0.00013357454677674448,0.0025202083124072606,0.0035059792325814122
2014-08-11,0.0035059792325814122,0.0020880235309936324,1.3339340186434175e-05,0.0027260026719215023,-0.001513628101006805
2014-08-12,-0.001513628101006805,0.0035558184679191705,0.00016060539414978928,0.0027768195656559637,-0.0014044318999147539
2014-08-13,-0.0014044318999147539,0.005222202937876005,2.6667810676929585e-05,0.002266023675610539,0.0001336833121030521
2014-08-14,0.0001336833121030521,0.004293631686694917,9.364325505024763e-05,0.002220673264353752,-0.00029405551867663066
2014-08-15,-0.00029405551867663066,0.0037800209089319673,0.0,0.0020385760933316695,0.0019798380651353236
2014-08-18,0.0019798380651353236,0.003442972091307921,-0.00012052599538316007,0.0014182926189512909,-0.0021936779491223105
2014-08-19,-0.0021936779491223105,0.0034671282604589546,4.006183620258762e-05,0.0015949949574488873,-0.002935034580590213
2014-08-20,-0.002935034580590213,0.0034134283048963,4.000061566959802e-05,0.0019532362163713077,-0.004625331915573926
2014-08-21,-0.004625331915573926,0.0036248713895235445,3.9826446594700614e-05,0.0025400395499656737,0.0014198311120055315
2014-08-22,0.0014198311120055315,0.0055733151637729125,-1.3285865688156673e-05,0.002858339045846601,-0.0060899581848375345
2014-08-25,-0.0060899581848375345,0.0018331128497905097,5.27490330171914e-05,0.002842204801990001,-0.0007388106821834473
2014-08-26,-0.0007388106821834473,0.002377233656010196,0.00010549121073791485,0.003000704295259278,-0.0014233214340228079
2014-08-27,-0.0014233214340228079,0.0040722435373614415,6.589883659586887e-05,0.003033711124739534,0.001568470294556384
2014-08-28,0.001568470294556384,0.0042829362333045165,-0.00018459705210327584,0.003106195444917953,-0.0004484387901749892
2014-08-29,-0.0004484387901749892,0.00398233508990904,0.0,0.00283492591170189,-0.004341645075290919
2014-09-01,-0.004341645075290919,0.002036607909117961,1.3076305235471113e-05,0.002138096114372885,0.0003151396575497919
2014-09-02,0.0003151396575497919,0.0019426465381858825,0.0,0.0022297314710241684,0.0
2014-09-03,0.0,0.0028134786989714865,7.88014052069935e-05,0.002231640274281937,0.0014455908556928003
2014-09-04,0.0014455908556928003,0.017550025217923836,0.00013154572573849418,0.0022025342725839865,-0.01673199803401888
2014-09-05,-0.01673199803401888,0.004751498946379903,0.00018106684325942495,0.00752331322469305,0.0015919977790942528
2014-09-08,0.0015919977790942528,0.002088059052065917,0.00010354399335772185,0.007888001795460259,-0.004819958652208914
2014-09-09,-0.004819958652208914,0.004951624883112579,-0.00023205644352328617,0.007734009060656637,0.003939584429881677
2014-09-10,0.003939584429881677,0.004937866773023916,0.00015532264733155853,0.008379311001317929,-0.0019265061825449316
2014-09-11,-0.0019265061825449316,0.004064097884614763,-3.8759564730088084e-05,0.008070623628571206,0.0005038592020833038
2014-09-12,0.0005038592020833038,0.0036363549153237314,-9.048098529642484e-05,0.0033597236911280747,0.0028212894807351867
2014-09-15,0.0028212894807351867,0.004367392235164585,-5.187509617340569e-05,0.00355751250836165,-0.0015668506609400033
2014-09-16,-0.0015668506609400033,0.00417266868386035,1.2989952686170206e-05,0.0026007530247059256,0.0014892149301410894
2014-09-17,0.0014892149301410894,0.0030174242868159203,0.0,0.002015486592975594,-0.008452434002087304
2014-09-18,-0.008452434002087304,0.005983841531266564,-1.289484430727876e-05,0.004441613740061915,0.005437460413246785
2014-09-19,0.005437460413246785,0.007550837851715264,-0.00010332813463673127,0.005329806512675204,-0.006105440917241192
2014-09-22,-0.006105440917241192,0.0038528002495318383,5.1431489681534175e-05,0.005613331933197,0.000783657828951279
2014-09-23,0.000783657828951279,0.004155609005427336,-0.00011565725644461222,0.005738905387895604,0.00019273489671494176
2014-09-24,0.00019273489671494176,0.006877134903652967,0.00023135019648069414,0.005605182273586234,-0.005920938697456
2014-09-25,-0.005920938697456,0.006225188410185881,-7.668014166219016e-05,0.004905381617254472,-0.0016470264398722578
2014-09-26,-0.0016470264398722578,0.006190315597231127,0.0,0.003296022481151,-0.006599094216688757
2014-09-29,-0.006599094216688757,0.0039021706882678836,-0.0002535335295271581,0.00343404953177131,0.0013950373588495434
2014-09-30,0.0013950373588495434,0.010093043794448496,-1.2680840527440306e-05,0.0035935302567719845,-0.004937186992221701
2014-10-01,-0.004937186992221701,0.004295687056941783,-6.314844557127868e-05,0.0033510067021101327,-0.00032827661446683257
2014-10-02,-0.00032827661446683257,0.005893518366819853,-6.307476049295381e-05,0.0032912121232694038,0.003667696755596474
2014-10-03,0.003667696755596474,0.013336719086569188,5.0713603439567826e-05,0.004306297510118923,-0.012465922856609534
2014-10-06,-0.012465922856609534,0.006360854229828502,-0.00011268428834299612,0.006387135348790797,0.010529220519758681
2014-10-07,0.010529220519758681,0.00629507914850712,0.00016442682261570265,0.008684768323843252,0.0017339317370273523
2014-10-08,0.0017339317370273523,0.00524989140556952,0.0,0.008379473247867976,0.005908154794018427
2014-10-09,0.005908154794018427,0.0090403198752889,0.00033145787939574726,0.008661085381638726,-0.00424721203399634
2014-10-10,-0.00424721203399634,0.008315388777212471,0.0,0.008969254241732802,-0.0038879125951957355
2014-10-13,-0.0038879125951957355,0.0051390839453187885,-8.845722767692742e-05,0.006359775546001769,0.006632452542418983
2014-10-14,0.006632452542418983,0.007170579039997227,0.00011450103083722648,0.00518455474298634,-0.006695738180943411
2014-10-15,-0.006695738180943411,0.01695769235340045,-0.0004044622462307571,0.0062416794608484445,0.014346642267713119
2014-10-16,0.014346642267713119,0.010428436707941014,8.972882924985026e-05,0.008947667348775369,-0.0013454146966292945
2014-10-17,-0.0013454146966292945,0.00690327740191209,-0.0002433974372995636,0.00859060358364408,-0.00429301553282247
2014-10-20,-0.00429301553282247,0.004403504889193825,5.105394129413887e-05,0.0086594118370202,0.003576260554283605
2014-10-21,0.003576260554283605,0.009548947708627081,0.0,0.008328295538462191,-0.006313681308307219
2014-10-22,-0.006313681308307219,0.006920760406079948,3.8160520400736095e-05,0.008239969795631831,-0.005781229284117251
2014-10-23,-0.005781229284117251,0.004649298272150531,-0.0003160896812322635,0.004069101927356806,0.0009991804084093232
2014-10-24,0.0009991804084093232,0.00468403335394254,0.00026563821300379023,0.004404435433770678,0.0017858754404349979
2014-10-27,0.0017858754404349979,0.004331119578941689,-1.2695002287921523e-05,0.004574049501325861,0.0019540850857833057
2014-10-28,0.0019540850857833057,0.005985393773362187,-7.629802364674357e-05,0.004197316861593469,0.0029001232904505023
2014-10-29,0.0029001232904505023,0.003510574303116422,2.5361601692769932e-05,0.003505318440126358,-0.008321572566705956
2014-10-30,-0.008321572566705956,0.00596725746315311,3.7936120291675666e-05,0.004625265863924287,-0.0015400877667940134
2014-10-31,-0.0015400877667940134,0.009680692155785143,0.00026488806588491635,0.0046087754331455575,-0.008778067643115726
2014-11-03,-0.008778067643115726,0.005478538062400855,-1.248985437705637e-05,0.005542922635020432,-0.0005749917841320126
2014-11-04,-0.0005749917841320126,0.006037384926838469,0.0002624145208554179,0.005103504455602096,0.004521284310398339
2014-11-05,0.004521284310398339,0.008554724500453664,-0.00011299924300020612,0.005618454639846544,-0.0057950918847522225
2014-11-06,-0.0057950918847522225,0.010537196023042691,0.00018715875055531407,0.005103310237710916,-0.00804208271928087
2014-11-07,-0.00804208271928087,0.006388542721658244,-0.00013613736510462358,0.005620928450769876,0.006545693217500635
2014-11-10,0.006545693217500635,0.006274923218430829,-3.730720426011323e-05,0.006317413509087669,-0.0025264936177730552
2014-11-11,-0.0025264936177730552,0.0036678892004951003,0.00022379658971600472,0.006370213486784162,0.003686118333005689
2014-11-12,0.003686118333005689,0.005468165638588717,-0.00017454339514704398,0.006195865339728695,-0.0036861183330056473
2014-11-13,-0.0036861183330056473,0.004848672357417461,-0.00016157392371390274,0.005870319053790014,0.0036984444905884704
2014-11-14,0.0036984444905884704,0.007489575622565061,7.472648148832981e-05,0.004420698248498977,0.0033992720813102516
2014-11-17,0.0033992720813102516,0.010195644346686761,-0.00023791507564746052,0.003695011272106021,-0.005567667430865188
2014-11-18,-0.005567667430865188,0.006967383910131089,-0.00017434571290001619,0.004553547781908652,0.0067576745958032635
2014-11-19,0.0067576745958032635,0.004553749740934565,-5.012230984925858e-05,0.005273782864382712,0.00058924481146331
2014-11-20,0.00058924481146331,0.005461717973944743,-0.00017554035684208696,0.004649885058325495,0.0003386324802194491
2014-11-21,0.0003386324802194491,0.012780618031260094,0.00011290280427567102,0.004544067984690173,-0.013643255446288693
2014-11-24,-0.013643255446288693,0.0053377771300077365,6.194443882480898e-05,0.0076925053111903535,0.004688673935398437
2014-11-25,0.004688673935398437,0.005861050653422438,-0.0002238297705099592,0.007967559892392007,0.003811819327120834
2014-11-26,0.003811819327120834,0.006425215568374798,0.0001372742605029855,0.007408793415623921,0.002023924518213486
2014-11-27,0.002023924518213486,0.004380814590539488,3.755833099564778e-05,0.007505282860514859,-0.0035204305292648487
2014-11-28,-0.0035204305292648487,0.004689361151787146,0.00029911728823290196,0.007588243771816299,-0.001904839262628329
2014-12-01,-0.001904839262628329,0.006678658253387824,2.49191994956354e-05,0.003585787291374594,0.002553001113484618
2014-12-02,0.002553001113484618,0.006598631404881569,0.0,0.0031388476563192517,-0.006562569049886793
2014-12-03,-0.006562569049886793,0.007261386632128221,3.714451448655311e-05,0.0038314133972258686,-0.005817956368221108
2014-12-04,-0.005817956368221108,0.010885850716960913,0.00035727239086103034,0.003637514319566111,0.005669276550895679
2014-12-05,0.005669276550895679,0.009480799389068187,7.430283583702769e-05,0.005287973333799878,-0.007502847978101538
2014-12-08,-0.007502847978101538,0.004547650798985399,-0.00023353373869387458,0.00601396161407292,0.0017103537220306037
2014-12-09,0.0017103537220306037,0.012523387880612982,8.625546720259289e-05,0.005852476925754323,0.006461619859937172
2014-12-10,0.006461619859937172,0.005891817758645231,0.000632177376133798,0.00645959961996512,0.0063539098402195645
2014-12-11,0.0063539098402195645,0.009759348221067525,-0.00048648348664138123,0.005942736721492128,-0.0063539098402196174
2014-12-12,-0.0063539098402196174,0.0072917508203784705,0.0002974636318964387,0.006738422729983412,0.005518596409306962
2014-12-15,0.005518596409306962,0.005046781121585771,-9.965359377942208e-05,0.005440375597688396,-0.0016065229248346349
2014-12-16,-0.0016065229248346349,0.010401981300575121,0.0,0.005788134225414913,0.005490248721144899
2014-12-17,0.005490248721144899,0.010058915593696297,-0.00013755909015521792,0.0056178790748933295,-0.013928575040830707
2014-12-18,-0.013928575040830707,0.006870173990433868,7.410687448042942e-05,0.00827466673367848,-0.003940731288586554
2014-12-19,-0.003940731288586554,0.004482552091542414,-4.917325882533911e-05,0.008037027668597822,-0.005258723454903546
2014-12-22,-0.005258723454903546,0.004613929542994764,8.561658863335446e-05,0.0069972108347453234,-0.00018342344553128737
2014-12-23,-0.00018342344553128737,0.006895637700690822,-7.333172042554632e-05,0.007138734959434677,-0.0040013557994161555
2014-12-24,-0.0040013557994161555,0.004117077028055518,-8.517769977328046e-05,0.005099885369105983,0.0019376947736993472
2014-12-25,0.0019376947736993472,0.005279354394852307,0.0,0.0030322449148692744,0.0009397628017831247
2014-12-26,0.0009397628017831247,0.004340736700928807,-8.542105649543666e-05,0.0031509478817346244,-0.0033278642933047666
2014-12-29,-0.0033278642933047666,0.004153608884855637,-1.2244581699130645e-05,0.002620114431007213,-0.001313399404478628
2014-12-30,-0.001313399404478628,0.005355920452948203,-0.00012151452407516192,0.0025884813958560464,0.0007051900888287724
2014-12-31,0.0007051900888287724,0.005290981953517185,0.0,0.002104202544319994,-0.005228171444292634
2015-01-01,-0.005228171444292634,0.0,0.0,0.0026450662054720514,-0.0007619367162765674
2015-01-02,-0.0007619367162765674,0.006514822752625764,6.044934473107536e-05,0.0023187010974854323,-0.011897438565102713
2015-01-05,-0.011897438565102713,0.0072666537210294155,-0.0007167513812022478,0.00508102060047901,-0.0006210645277236351
2015-01-06,-0.0006210645277236351,0.006957643862731464,5.97129743112388e-05,0.005170928876838991,-0.00534627617400705
2015-01-07,-0.00534627617400705,0.008083602805163674,4.748377169320705e-05,0.004599473553094453,-0.0033195730466938967
2015-01-08,-0.0033195730466938967,0.007777408592032215,-0.00024850912148299933,0.004631134494450393,-0.0033794393820058676
2015-01-09,-0.0033794393820058676,0.005933547981558659,0.00015332923040349845,0.0042509304200205435,0.006307137852062381
2015-01-12,0.006307137852062381,0.007075912233421853,4.7502383906447146e-05,0.0045579773452413,-0.003306367396404937
2015-01-13,-0.003306367396404937,0.008664586128883855,-7.09269732256721e-05,0.004619908987745581,-0.004509498516605509
2015-01-14,-0.004509498516605509,0.009590963551666531,0.0001295669568630972,0.0044725385709935925,0.0006480468848152523
2015-01-15,0.0006480468848152523,0.016652595641417557,0.0001768336041310538,0.004452316277743939,-0.012683432307938607
2015-01-16,-0.012683432307938607,0.01595736017334722,-0.00013970392804633173,0.006993719467802742,-0.006148873386060637
2015-01-19,-0.006148873386060637,0.007322285161485953,0.0001965899934765523,0.00487761234904248,0.002756573846945433
2015-01-20,0.002756573846945433,0.004034707903038324,8.120645239744575e-05,0.00607318044816502,-0.004409093556812075
2015-01-21,-0.004409093556812075,0.010414215820130721,2.3126030153851352e-05,0.006071188367123746,0.005906263803163429
2015-01-22,0.005906263803163429,0.019706048796047648,-0.0001394558880709867,0.007384002384170002,-0.023396147978203153
2015-01-23,-0.023396147978203153,0.0222245685697294,2.2693547594042692e-05,0.011392776224601057,-0.019695673188945495
2015-01-26,-0.019695673188945495,0.01425063947169009,-0.001379580138112097,0.013186572658425853,0.01092915671812222
2015-01-27,0.01092915671812222,0.017247321801980697,-0.0002924341562246835,0.01517395219050908,0.01058356411852316
2015-01-28,0.01058356411852316,0.006527294256050269,3.408378486482791e-05,0.01697434807108882,-0.007587187178921266
2015-01-29,-0.007587187178921266,0.009214381540339508,-0.0002932491840573856,0.01623413473576122,0.004783451539234167
2015-01-30,0.004783451539234167,0.006881409551608889,-0.00015866737073321334,0.01322525940826299,-0.002343696043751205
2015-02-02,-0.002343696043751205,0.005930517620839858,0.0003845810723685196,0.008121475962967485,0.002887982175268975
2015-02-03,0.002887982175268975,0.011647623061698758,0.00041965737829909743,0.006936025928944902,0.010145404662095805
2015-02-04,0.010145404662095805,0.006981997776331577,4.588633196003831e-05,0.006796538606637971,-0.012173604340968083
2015-02-05,-0.012173604340968083,0.01263832099348984,0.00013577619532559112,0.008450787670899499,0.013446211575507286
2015-02-06,0.013446211575507286,0.013595631890441877,9.186800811991215e-05,0.01021200912539636,-0.013830915005197415
2015-02-09,-0.013830915005197415,0.007804281038827044,-3.392500866299328e-05,0.012564990997242688,0.001109465116006892
2015-02-10,0.001109465116006892,0.006568904190886557,7.936020935938944e-05,0.012491115009737533,-0.00044170100234545756
2015-02-11,-0.00044170100234545756,0.003829096394529714,0.00021515459220760585,0.011106759936993968,-0.000882723133711319
2015-02-12,-0.000882723133711319,0.008131909659874039,0.0003280607131588715,0.009672488166876618,0.008098083044709882
2015-02-13,0.008098083044709882,0.005963109940847664,-7.985716855538278e-05,0.007937303196304736,-0.0003419873449920823
2015-02-16,-0.0003419873449920823,0.003328960249694306,0.00026222370935362533,0.0037592342507737917,-0.005808611242167605
2015-02-17,-0.005808611242167605,0.01033577245460758,3.397376510097045e-05,0.005008306300018139,0.006219065644784293
2015-02-18,0.006219065644784293,0.005892564543933023,-2.27862099529747e-05,0.005663060556557388,-0.00041045440261669463
2015-02-19,-0.00041045440261669463,0.008228236066207357,-6.838357539446031e-05,0.0056180449249697804,-0.002925625006888478
2015-02-20,-0.002925625006888478,0.008260629217767724,0.0,0.0044476396493542516,0.0012966795108523125
2015-02-23,0.0012966795108523125,0.008471972869074054,0.00018207068847319035,0.0045358345875478835,-0.0042703336043747155
2015-02-24,-0.0042703336043747155,0.00500357796637481,-0.00010202185223952823,0.004102438747443597,0.0005328450956550956
2015-02-25,0.0005328450956550956,0.004427102826533068,-0.00014737315239562708,0.0023587240886648116,0.0021680953305266886
2015-02-26,0.0021680953305266886,0.015497284083340493,7.952368877449694e-05,0.002802458551461903,-0.014026140340517966
2015-02-27,-0.014026140340517966,0.006531990572503191,0.0001569438948452496,0.006722031980157214,-0.0038807132980833957
2015-03-02,-0.0038807132980833957,0.007027413641576913,-0.0008036613920896498,0.0063076941288190864,0.0015303346959355403
2015-03-03,0.0015303346959355403,0.005189241550487322,0.0002124646118963757,0.0067400805733596626,0.0002794546526248074
2015-03-04,0.0002794546526248074,0.011201463664457552,-0.0001677704627205145,0.006710252786697243,-0.008994636203198564
2015-03-05,-0.008994636203198564,0.008879341002192486,0.00018839003127317554,0.006503794304820956,-0.004522220970351142
2015-03-06,-0.004522220970351142,0.016476678596548024,-0.00017653438795884222,0.004190409698072117,-0.017009420131539596
2015-03-09,-0.017009420131539596,0.006660934443272916,3.242478713402033e-05,0.007552599208497045,-0.001159793377558223
2015-03-10,-0.001159793377558223,0.012105997462291726,-0.00021661890562656196,0.0069789405649038705,-0.011578674390493175
2015-03-11,-0.011578674390493175,0.014301617145954813,-6.433883278226048e-05,0.006158683386380514,-0.015049712776884282
2015-03-12,-0.015049712776884282,0.01705867455824315,-6.328048998083392e-05,0.006804163619567032,0.007326527593731081
2015-03-13,0.007326527593731081,0.0135225503166424,3.186101417850328e-05,0.010296683837343697,-0.013709205487791597
2015-03-16,-0.013709205487791597,0.012628532376380262,-0.00027254041090953,0.009617633341719499,0.008674338979073777
2015-03-17,0.008674338979073777,0.009082298115811844,1.048579918364107e-05,0.011821260364680317,0.0023712366367233243
2015-03-18,0.0023712366367233243,0.006180340409708018,0.0002013838785117439,0.011482638099193063,0.0234941858924157
2015-03-19,0.0234941858924157,0.026971981941695953,0.0005533938189628147,0.013378151412059208,-0.016827025546640437
2015-03-20,-0.016827025546640437,0.014781740467172408,-0.00035206430088094263,0.016588619165420978,0.014670142016394026
2015-03-23,0.014670142016394026,0.016089372188125547,5.406578561825877e-05,0.015177906549981529,0.010874785980817097
2015-03-24,0.010874785980817097,0.012489593004233173,-0.0002735240481212711,0.01528905724906964,-0.0039325375004806
2015-03-25,-0.0039325375004806,0.01017594960640391,-0.0007849244679552728,0.016000920664342503,0.005345387331017505
2015-03-26,0.005345387331017505,0.012097814897374378,-0.0005479737363938697,0.012650438868000685,-0.006783444864340464
2015-03-27,-0.006783444864340464,0.008275162456320512,7.611056817709416e-05,0.00924833006473187,-0.00013053642274932147
2015-03-30,-0.00013053642274932147,0.006783956333154637,0.0002722252469473924,0.007116107054349414,-0.00503799259971149
2015-03-31,-0.00503799259971149,0.011621485758666223,0.00010821121684689717,0.004827963420443982,-0.008540873017487993
2015-04-01,-0.008540873017487993,0.0073573972793594,-0.0002683618374373198,0.00563569216544504,0.002957276753665615
2015-04-02,0.002957276753665615,0.013390362237662077,1.0736756211213467e-05,0.004785558666892896,0.009316163877554637
2015-04-03,0.009316163877554637,0.014355124764736826,-2.182198915216857e-05,0.006954655261963363,0.011941951539813292
2015-04-06,0.011941951539813292,0.0061286685568063175,-1.0944124717078122e-05,0.008857868587871347,-0.0060653229178221696
2015-04-07,-0.0060653229178221696,0.010776764757505622,0.0,0.009074881890546265,-0.010172146205242448
2015-04-08,-0.010172146205242448,0.009284406223994918,-7.576555143005276e-05,0.009561352559351859,-0.0035980022818393863
2015-04-09,-0.0035980022818393863,0.011130558191381007,8.622057101231241e-05,0.009775001965650322,-0.010834236933770044
2015-04-10,-0.010834236933770044,0.010497937787357864,0.00017064644269777386,0.00926082397132227,-0.005564370388899263
2015-04-13,-0.005564370388899263,0.00927418299225264,0.00014855820441880168,0.0031211991466877547,-0.0034846413494173992
2015-04-14,-0.0034846413494173992,0.016494891157982017,-0.00019039738832048986,0.0035494219200595764,0.006992003460704671
2015-04-15,0.006992003460704671,0.008838082723746683,-7.456229915200499e-05,0.0064795892873715415,0.002782790278670431
2015-04-16,0.002782790278670431,0.012587938994351606,-3.204327338024185e-05,0.0070121589934953495,0.007351252890400624
2015-04-17,0.007351252890400624,0.010395310179049244,-0.00040870260686655136,0.0059314879629724935,0.0050679161456982395
2015-04-20,0.0050679161456982395,0.00947721589828275,0.0,0.0044297773910601254,-0.005820546172887794
2015-04-21,-0.005820546172887794,0.0096217176228967,-6.45502753477549e-05,0.005399484483503263,-0.0005372106117897189
2015-04-22,-0.0005372106117897189,0.008369064514110158,0.00032227263598922767,0.005147620425181813,-0.0014813196868964213
2015-04-23,-0.0014813196868964213,0.013696189571597158,7.50267512049574e-05,0.005288924856373299,0.008282392182623116
2015-04-24,0.008282392182623116,0.010196536797300471,-1.0802000001528003e-05,0.005580517897511037,0.004976411397304959
2015-04-27,0.004976411397304959,0.007451887325945681,0.00014128588584694276,0.005564388180274666,0.0008264150689747922
2015-04-28,0.0008264150689747922,0.01169357817026323,8.702037416589356e-05,0.004105105426057472,0.008345486175602922
2015-04-29,0.008345486175602922,0.019636657499386517,-0.0002742259147835365,0.004419042671253004,0.013150357104829433
2015-04-30,0.013150357104829433,0.01570934283519167,9.997385876675809e-05,0.0045667901861184326,0.008987238741826697
2015-05-01,0.008987238741826697,0.009247371629006441,-3.369524721628894e-05,0.004622328768814478,-0.0025648492814611475
2015-05-04,-0.0025648492814611475,0.008859544047812088,-0.00044750326519729503,0.006429617987399668,-0.0032944063047326937
2015-05-05,-0.0032944063047326937,0.012646352695481197,-7.804725344251066e-05,0.007408010710725395,0.003327975519527869
2015-05-06,0.003327975519527869,0.01673903464018402,0.00016776482994732247,0.007164632130996688,0.013775355917792378
2015-05-07,0.013775355917792378,0.013437056504820008,0.00019280746166998837,0.007368457413673687,-0.008368926256090859
2015-05-08,-0.008368926256090859,0.009229725611775774,0.00016876862404700588,0.008465415614410611,-0.004712598588704311
2015-05-11,-0.004712598588704311,0.006107706404119669,-0.00025743434838534343,0.008715369391533336,-0.00444541589227636
2015-05-12,-0.00444541589227636,0.012734396970161469,-0.00014492022008194249,0.008843206394545396,0.00688868473858588
2015-05-13,0.00688868473858588,0.015800724915196768,0.00022441520553257197,0.009317394532569015,0.011432461064799965
2015-05-14,0.011432461064799965,0.008947145047830505,0.0002156643997218318,0.00851525433680299,0.0047899727089588595
2015-05-15,0.0047899727089588595,0.0110747251805391,9.125769091699554e-05,0.007143729198918281,0.0035075168488019185
2015-05-18,0.0035075168488019185,0.009454727030209756,9.156319626180491e-05,0.005805881641821463,-0.010440419164911752
2015-05-19,-0.010440419164911752,0.01811613003180352,6.799681488603955e-05,0.008216706653270907,-0.01597756493461942
2015-05-20,-0.01597756493461942,0.007627084475652981,-1.1122284491567758e-05,0.011415851416085743,-0.004126789020246941
2015-05-21,-0.004126789020246941,0.008481005929455429,-0.00021086651859525158,0.008910296137279967,0.0009995019423018967
2015-05-22,0.0009995019423018967,0.01826870230612757,7.778492564619424e-05,0.00804711236528175,-0.010753766006082483
2015-05-25,-0.010753766006082483,0.004484365231827914,7.69991166791474e-05,0.006579424918990598,-0.0019878565301065165
2015-05-26,-0.0019878565301065165,0.008757962648541916,-1.1082879949172759e-05,0.006893247450426707,-0.007530607610023686
2015-05-27,-0.007530607610023686,0.009918837218569785,0.00011978353123163967,0.004605079216462333,0.0010240822139052667
2015-05-28,0.0010240822139052667,0.007449805027453644,0.0001853006283920748,0.005285599310716847,0.005519651348569679
2015-05-29,0.005519651348569679,0.006787319489539279,0.0002192078513616289,0.00652161942263332,-0.00021918382883109443
2015-06-01,-0.00021918382883109443,0.008313036209329465,-9.866099516419714e-05,0.0047482824172185144,-0.003194544167416284
2015-06-02,-0.003194544167416284,0.022602086180193964,2.1936837188083535e-05,0.004863266409666758,0.02057051999535396
2015-06-03,0.02057051999535396,0.017623283655365564,0.0001561188761840147,0.009388447154338397,0.00962402252899655
2015-06-04,0.00962402252899655,0.012742171840683355,-0.0003940732567683114,0.00932501727003803,-0.004448153437737399
2015-06-05,-0.004448153437737399,0.020378659720512303,-0.000728474787002964,0.010560039953008131,-0.008937435466511242
2015-06-08,-0.008937435466511242,0.013929420420766217,0.00024442046158883207,0.01213019587362562,0.015436691791917836
2015-06-09,0.015436691791917836,0.010903030270367717,-9.023665778635109e-05,0.012705973478178674,0.001603148481557447
2015-06-10,0.001603148481557447,0.0102132949130714,0.0005084701929537242,0.00997352317829157,0.0011418484431849935
2015-06-11,0.0011418484431849935,0.011646340493116305,-9.051614222098584e-05,0.009181893370124865,-0.006326003998797131
2015-06-12,-0.006326003998797131,0.012525714998384825,-0.0003934047511547982,0.009491551506103122,-0.0018416999282599
2015-06-15,-0.0018416999282599,0.005936056758349897,0.0001795907922844395,0.008147385521519394,0.005072973666452048
2015-06-16,0.005072973666452048,0.01050747158514309,0.0,0.0042718464180886186,-0.0031076245602327905
2015-06-17,-0.0031076245602327905,0.005480204205763265,-3.371928125761467e-05,0.0043296838901349995,0.011317102775775476
2015-06-18,0.011317102775775476,0.0076865573055478085,0.0005116993263989228,0.007100127874823526,6.814742282183998e-05
2015-06-19,6.814742282183998e-05,0.008088928308208563,-0.00019338984090147966,0.005923992682101967,0.00019340854312802777
2015-06-22,0.00019340854312802777,0.00826492626291709,0.0009325991724638055,0.005630790989818777,-0.0021018234919251122
2015-06-23,-0.0021018234919251122,0.018623288969110585,0.0002496346886311572,0.0057896565012573635,-0.015707869466468967
2015-06-24,-0.015707869466468967,0.0069067038529718825,-0.0004356871388782885,0.009637278322460047,0.0031106374749242938
2015-06-25,0.0031106374749242938,0.0060137598689173665,-1.1275140771728074e-05,0.007402443230774445,-0.0003585326880844614
2015-06-26,-0.0003585326880844614,0.007470415484068132,-7.841698556595464e-05,0.007362202048555086,-0.020557530003985847
2015-06-29,-0.020557530003985847,0.020262824749647395,-0.0007242878360888761,0.010366823858937044,0.02234041188051138
2015-06-30,0.02234041188051138,0.010317799965521296,0.000617301074250542,0.01697999672551316,-0.007869959238827004
2015-07-01,-0.007869959238827004,0.009554952270203133,0.0,0.015741843158041266,-0.009144421124812476
2015-07-02,-0.009144421124812476,0.007973050062232057,-0.0003089039956623831,0.01595917816073309,0.004822250827471875
2015-07-03,0.004822250827471875,0.0033635036521464995,8.871353121146338e-05,0.016346607864167775,-0.008324825272776826
2015-07-06,-0.008324825272776826,0.008763332241173946,-0.0002639350955959909,0.013569658422806335,0.004893832375966082
2015-07-07,0.004893832375966082,0.012295321627962728,8.837099243194028e-05,0.007301484770355256,-0.003540463724615513
2015-07-08,-0.003540463724615513,0.010452359939448727,0.0,0.006840185185478277,0.0055312378423183215
2015-07-09,0.0055312378423183215,0.008427015896137369,-0.00012176783643102025,0.006271926767105752,-0.000719325532484412
2015-07-10,-0.000719325532484412,0.014805786587112265,0.0,0.005830233475060566,0.005947458116812767
2015-07-13,0.005947458116812767,0.017062963669528544,0.0,0.004290252569962034,-0.012530463436316726
2015-07-14,-0.012530463436316726,0.009599688311665773,0.0004835588892470003,0.00758928767518898,0.0015949153380938235
2015-07-15,0.0015949153380938235,0.009438951928822716,-8.803469844867268e-05,0.007517219241371513,-0.005871975078522234
2015-07-16,-0.005871975078522234,0.008278651755892463,0.0004268651046331701,0.0071258260953014916,-0.005271865310069692
2015-07-17,-0.005271865310069692,0.006071826198615417,0.0,0.007161587578770195,-0.0051358965142160404
2015-07-20,-0.0051358965142160404,0.004655991055213779,-0.00024913800341619895,0.00500179991358432,0.00047671267245076127
2015-07-21,0.00047671267245076127,0.011813099675105103,5.424193973577464e-05,0.0035723600890698827,0.009602785990565396
2015-07-22,0.009602785990565396,0.008098305511378589,8.750801793576541e-05,0.006584114425677857,-0.0011808076001654936
2015-07-23,-0.0011808076001654936,0.008790375588775157,0.0,0.00607349977938855,0.005654226962210038
2015-07-24,0.005654226962210038,0.006199007403791594,5.4894125937973544e-05,0.005797558043242413,-0.0015153177743709267
2015-07-27,-0.0015153177743709267,0.014365472108012013,-0.0001537089981245479,0.004850405312430915,0.010667031779729707
2015-07-28,0.010667031779729707,0.007033000107492007,-8.867320698744872e-05,0.005782572855494734,-0.002171333388186789
2015-07-29,-0.002171333388186789,0.006486928220750313,4.4277289596420584e-05,0.005655155302150271,-0.0074307844230215424
2015-07-30,-0.0074307844230215424,0.0071649979015853855,1.0961582583571504e-05,0.007116307473381292,-0.0040886157368478495
2015-07-31,-0.0040886157368478495,0.017039279559980528,-0.00022966437950143,0.006866753958985346,0.0027165152698595996
2015-08-03,0.0027165152698595996,0.0046866450070722435,0.0,0.007031965833958689,-0.0011838816679125206
2015-08-04,-0.0011838816679125206,0.005703993807571189,0.00018620358744969722,0.0037371505396076045,-0.006138438595033697
2015-08-05,-0.006138438595033697,0.006289784642231755,0.000272234024018575,0.0040740135904300204,0.0012966808782204785
2015-08-06,0.0012966808782204785,0.005237373782101969,-8.71325455472536e-05,0.0036713181679341473,0.0021939166953536663
2015-08-07,0.0021939166953536663,0.010021846387981828,0.00045895741901120596,0.0036299922055145427,0.0034698670125750844
2015-08-10,0.0034698670125750844,0.006648412243524123,0.0005482375034482398,0.0037944184380976883,0.004726078634827191
2015-08-11,0.004726078634827191,0.011291525053263952,-8.817936656920051e-05,0.004254250330861423,0.0022721040757417775
2015-08-12,0.0022721040757417775,0.016054550644453495,-0.0001545741202336228,0.0013289223240832166,0.010712777255804502
2015-08-13,0.010712777255804502,0.00960983156733328,0.0004576728973440653,0.0035298509851442676,0.0
2015-08-14,0.0,0.00796571853976958,0.0001786167733328576,0.004017970990082545,-0.006108663255521878
2015-08-17,-0.006108663255521878,0.005724048321219858,-0.00017739092016355636,0.0061776812337253515,-0.001352483812664581
2015-08-18,-0.001352483812664581,0.0070503287456014805,7.759213420232219e-05,0.006184025886385092,-0.004266964851350222
2015-08-19,-0.004266964851350222,0.00540313478431337,-1.1022934836948099e-05,0.0065557109437525424,0.007873855973152174
2015-08-20,0.007873855973152174,0.010037657298107893,-0.00017784899837459522,0.005393943788672545,0.01064079168330274
2015-08-21,0.01064079168330274,0.012197215223445166,8.996963736931327e-05,0.007472693797206526,0.012380699998706527
2015-08-24,0.012380699998706527,0.029274559632611087,-9.104674207725709e-05,0.007429128070228165,0.017953830837384836
2015-08-25,0.017953830837384836,0.016377277912416024,5.794560297340194e-05,0.008239206031857668,-0.0027761238762400746
2015-08-26,-0.0027761238762400746,0.017656702239042026,-0.0003349880871342638,0.007648650553685823,-0.018426171253778
2015-08-27,-0.018426171253778,0.013226806571869452,4.53097758942741e-05,0.014644831428395039,-0.008154170208421452
2015-08-28,-0.008154170208421452,0.013629098018817072,0.00025877148950925966,0.014909322540021353,-0.003021153701261294
2015-08-31,-0.003021153701261294,0.006965017899947176,0.0002018051245106638,0.013262535776018792,0.0010547203374021603
2015-09-01,0.0010547203374021603,0.009526663550296285,-1.114999687249356e-05,0.007545464708876021,0.006001322367030283
2015-09-02,0.006001322367030283,0.006826322603962877,-0.00024852318658032433,0.009362297639666147,-0.006876618169878343
2015-09-03,-0.006876618169878343,0.01429230545051978,8.97122670364286e-05,0.0058277800974815795,-0.00806532276265567
2015-09-04,-0.00806532276265567,0.0058780986422544805,0.0,0.005805175001495231,0.0023391370417215353
2015-09-07,0.0023391370417215353,0.0050039674068680234,-0.0006245177373827067,0.006098849564292162,0.0010712618734940818
2015-09-08,0.0010712618734940818,0.006833846520514232,0.0004466487615458598,0.006100321243561665,0.0038812977792101904
2015-09-09,0.0038812977792101904,0.006851835089220005,-5.605220193703037e-05,0.0055298213780380825,0.0011886876448424237
2015-09-10,0.0011886876448424237,0.009366907460793664,0.00011209630719681001,0.004693388725451833,0.006235746284049558
2015-09-11,0.006235746284049558,0.007652550292282634,0.0007113764230433978,0.002160338311699431,0.004696768975418549
2015-09-14,0.004696768975418549,0.007440043807986761,0.0,0.002250919241461808,-0.00321657637933327
2015-09-15,-0.00321657637933327,0.006210734200670011,-0.00029394089690652764,0.003710526001694253,-0.0031724888166512403
2015-09-16,-0.0031724888166512403,0.008570384882059778,-0.00010151824769352656,0.00436453655039431,0.001793859106660745
2015-09-17,0.001793859106660745,0.004609264028453252,-0.00016941012555348557,0.00437438145382589,0.009599021060692499
2015-09-18,0.009599021060692499,0.009499144117160851,-0.0004446040959387496,0.005454575092084387,-0.009599021060692518
2015-09-21,-0.009599021060692518,0.0129372089254675,-9.035921058562375e-05,0.007135968859184008,-0.008993020661598322
2015-09-22,-0.008993020661598322,0.007076751230687042,0.0,0.008014443536007368,-0.006291828337582641
2015-09-23,-0.006291828337582641,0.007536263390175823,-0.00011114924460315218,0.008239546467119883,0.006202238453062305
2015-09-24,0.006202238453062305,0.011564643968125453,0.0001678169676273078,0.009037601092919092,-0.00098420599399791
2015-09-25,-0.00098420599399791,0.00770135875343346,-0.00020118444007342432,0.006608519488738508,0.0020366200096589206
2015-09-28,0.0020366200096589206,0.007971748331645503,0.00011196692250186044,0.006147132614418607,0.0026134625229994684
2015-09-29,0.0026134625229994684,0.007613195412849685,-0.000224547641559793,0.0046755633156129635,0.0022149734776488374
2015-09-30,0.0022149734776488374,0.009241630494701163,0.00016884571918372311,0.002555402747371072,-0.0074796900146919185
2015-10-01,-0.0074796900146919185,0.006358541002351109,4.471057373076261e-05,0.004251096364938417,0.001912209736439254
2015-10-02,0.001912209736439254,0.014606684613911649,-0.00013438392742671604,0.004334445845938221,0.002993149005734862
2015-10-05,0.002993149005734862,0.008109035899658815,0.0004939851203185071,0.0044520036501355265,-0.002836394471725679
2015-10-06,-0.002836394471725679,0.00928452913542401,-0.0002463398203529068,0.004457295266150218,0.0064805645506604915
2015-10-07,0.0064805645506604915,0.00621829333730557,-0.00043948941397322543,0.005440018135142474,-0.002487149252157135
2015-10-08,-0.002487149252157135,0.006526498834633323,-0.00017984223085804255,0.003920897847944847,0.004167448837163841
2015-10-09,0.004167448837163841,0.009629001090812921,7.890216353534928e-05,0.004144839460434454,0.007329512343022761
2015-10-12,0.007329512343022761,0.0036591170728740947,7.958426605429073e-05,0.0048809192466021285,-0.0012726934624083094
2015-10-13,-0.0012726934624083094,0.005547945140766391,0.00013617667143497064,0.004485093529505478,0.0025924593986939803
2015-10-14,0.0025924593986939803,0.005711269540510068,-1.1412985150031019e-05,0.00400861107528374,0.007921078428440172
2015-10-15,0.007921078428440172,0.011232379903278142,4.591766982577465e-05,0.0037470702917684184,-0.009400012897170327
2015-10-16,-0.009400012897170327,0.005330787552659496,0.00010235622777868318,0.007121855541811851,-0.0006250706607294275
2015-10-19,-0.0006250706607294275,0.0062934775799779715,9.087592110229524e-05,0.006318861199379285,-0.0028248710244674503
2015-10-20,-0.0028248710244674503,0.005667199700656361,-0.00026057402448303226,0.0064246286401491385,0.002200249354999458
2015-10-21,0.002200249354999458,0.0035233745104149435,-0.00018160590427057963,0.0063801714701655675,-0.0005221643768557302
2015-10-22,-0.0005221643768557302,0.01885997256135353,9.077007058633684e-05,0.004384132493225605,-0.02381738826847203
2015-10-23,-0.02381738826847203,0.011723792412374059,-0.00027705040693411806,0.010604131915721264,-0.00548104755284386
2015-10-26,-0.00548104755284386,0.00489985355715068,0.0,0.010308021251181434,0.004130108641989425
2015-10-27,0.004130108641989425,0.004156925555612291,0.00045362383364841273,0.011281878397776975,-0.002619226557564859
2015-10-28,-0.002619226557564859,0.006608493347763254,9.9269563962491e-05,0.010737930888475048,-0.009840625188651057
2015-10-29,-0.009840625188651057,0.0065876756418088945,0.0002732021926439873,0.010427007547891677,0.0059191542389233
2015-10-30,0.0059191542389233,0.009281411673265164,0.00016484498498155225,0.006583667924634713,0.0029176773819306646
2015-11-02,0.0029176773819306646,0.005078573389348161,8.823114397192606e-05,0.006408077904380841,-0.0009037246235673501
2015-11-03,-0.0009037246235673501,0.008533047011891488,-8.807893777233867e-05,0.005999289846794563,-0.004736716343411822
2015-11-04,-0.004736716343411822,0.010849899556692516,-9.871565282357208e-05,0.006221156679333635,-0.008787217746186366
2015-11-05,-0.008787217746186366,0.005792077101041552,0.00018474878991757204,0.005868691385778575,0.001468193010533941
2015-11-06,0.001468193010533941,0.016845051657917456,-8.717598542540183e-05,0.004768892038978644,-0.013931956563694949
2015-11-09,-0.013931956563694949,0.005593946582791549,9.652369201233682e-05,0.006166313358477761,0.002428788339518725
2015-11-10,0.002428788339518725,0.008062722869661237,-2.149363240081576e-05,0.006906541340139431,-0.0020422502320264152
2015-11-11,-0.0020422502320264152,0.006049523493167599,-4.2963204402687696e-05,0.007008477027766442,0.0023650527187026133
2015-11-12,0.0023650527187026133,0.009848760318404433,-0.00018293963844636654,0.0069471760047485195,0.004822630486338675
2015-11-13,0.004822630486338675,0.00860113029821758,0.0005623568121436136,0.007498938127600296,-0.010692750373652467
2015-11-16,-0.010692750373652467,0.005608076378664643,-9.624951081520328e-05,0.006150424859931126,-0.0011228693571087788
2015-11-17,-0.0011228693571087788,0.004489092468969628,-9.613460807993119e-05,0.00591015002030305,-0.004138275014857476
2015-11-18,-0.004138275014857476,0.005608315471469422,-1.0639726431145386e-05,0.006045721885353037,0.002450988884636416
2015-11-19,0.002450988884636416,0.006001373983491864,-0.00028805356210229285,0.006060460820956955,0.005252744456065196
2015-11-20,0.005252744456065196,0.0061532008647489445,-7.512419941607604e-05,0.006178727709586934,-0.007969876742935606
2015-11-23,-0.007969876742935606,0.0047931232656644035,9.568117151398984e-05,0.005229569289025687,9.577945862803017e-05
2015-11-24,9.577945862803017e-05,0.004526734911397041,0.0002872951131482222,0.005256881822890131,0.00017036394360613608
2015-11-25,0.00017036394360613608,0.010709950579624861,-1.0639726431145386e-05,0.004928382181530157,-0.001775965349699956
2015-11-26,-0.001775965349699956,0.002634731398878019,0.0,0.004762590726164303,-0.0019319968703760816
2015-11-27,-0.0019319968703760816,0.0064129024715423024,0.0,0.00333160766716555,-0.002023368387284862
2015-11-30,-0.002023368387284862,0.003121536608836402,0.0,0.00112307922713632,-0.0009520531335434942
2015-12-01,-0.0009520531335434942,0.006996660702602063,0.0,0.000926313678986734,0.004992348211680542
2015-12-02,0.004992348211680542,0.007339778900155252,-0.0001063427863245869,0.0030099298191436676,-0.0012105663794157561
2015-12-03,-0.0012105663794157561,0.032978817087049354,9.559665625138663e-05,0.002952483564728726,0.02814535106681541
2015-12-04,0.02814535106681541,0.008606122833876581,-0.0002183651893570117,0.012805369037573283,-0.002932119161395868
2015-12-07,-0.002932119161395868,0.007900848167047255,8.708164117476999e-05,0.012949633183574772,-0.0046041501705232305
2015-12-08,-0.0046041501705232305,0.006330393226659701,-0.00018416058362843215,0.013503355830671393,0.00551883079155255
2015-12-09,0.00551883079155255,0.009915288196746414,-9.803696299870561e-05,0.01350652106119658,0.011317326529582651
2015-12-10,0.011317326529582651,0.008627296112263896,8.818714285559708e-05,0.01322938486602792,-0.006359136923268454
2015-12-11,-0.006359136923268454,0.009316483769433523,1.0997583144792366e-05,0.007533988214996727,0.003267869655122451
2015-12-14,0.003267869655122451,0.008464512364773686,-0.0005491882524697323,0.007316839161271711,0.0008241666465543148
2015-12-15,0.0008241666465543148,0.013463289159847076,6.60449977909087e-05,0.006478517106813849,-0.0051753829505153375
2015-12-16,-0.0051753829505153375,0.004095054356374997,2.1801233143150277e-05,0.007135482324722313,-0.0056597664993413435
2015-12-17,-0.0056597664993413435,0.005098541286619251,4.3522016439701726e-05,0.004366938266040506,-0.0028018158381321384
2015-12-18,-0.0028018158381321384,0.0059022541595880875,1.0773260679254378e-05,0.0038666783670151922,0.0023778158541476377
2015-12-21,0.0023778158541476377,0.0062555177197628955,-2.1713983410516675e-05,0.0035785193602135296,0.0039535271591315735
2015-12-22,0.0039535271591315735,0.007238757979570857,8.728737494636033e-05,0.004395386199540337,0.0033887678226377175
2015-12-23,0.0033887678226377175,0.006392325507922991,0.0,0.004252484056747486,-0.0037379478049748846
2015-12-24,-0.0037379478049748846,0.005297076090490123,-7.637696523176312e-05,0.0036251771239531284,0.005557304914586227
2015-12-25,0.005557304914586227,0.0025518695218018418,0.00043877973572524134,0.0035704397559403055,-0.00036193260666587116
2015-12-28,-0.00036193260666587116,0.003829679127264745,0.0,0.003762113723359833,0.0008447402008170112
2015-12-29,0.0008447402008170112,0.008199882759511343,-0.0001536685182184617,0.003560438093717567,-0.004314956798066429
2015-12-30,-0.004314956798066429,0.0036600547437372613,0.0,0.003984628548912845,0.0005465898145392706
2015-12-31,0.0005465898145392706,0.006676996557381685,-0.00037175089877945604,0.0035218484557332464,-0.006875676383504475
2016-01-01,-0.006875676383504475,0.0007280519560358493,0.0,0.003405399281194824,-0.00046688776238416196
2016-01-04,-0.00046688776238416196,0.012898424467994904,-9.77390648104595e-05,0.0033928296920958723,-0.002439109413395329
2016-01-05,-0.002439109413395329,0.01191790159143554,0.00014072520167033548,0.0029849228422201553,-0.007002590122124636
2016-01-06,-0.007002590122124636,0.004653400338336386,0.0,0.0035371168685219907,0.0025084301533166513
2016-01-07,0.0025084301533166513,0.009462093839259549,9.700037672002713e-05,0.004123432135734889,0.013543452932964715
2016-01-08,0.013543452932964715,0.011070362330043743,-9.840420454328503e-05,0.0077034542557941855,0.0013776088495606677
2016-01-11,0.0013776088495606677,0.008586612694170674,0.00018591367197810186,0.007645909085693277,-0.0076186124028738075
2016-01-12,-0.0076186124028738075,0.007183737998649386,-8.683584983479782e-05,0.008618546437836463,-0.0012912976103602398
2016-01-13,-0.0012912976103602398,0.0071929104029683204,0.0,0.0076943029989795745,0.0038679156615935217
2016-01-14,0.0038679156615935217,0.010105620449922026,-0.00018514179606154898,0.007753631485600285,-0.002489778430947763
2016-01-15,-0.002489778430947763,0.011440925110282283,0.00010858404646758891,0.004335710208940081,0.005608046878191127
2016-01-18,0.005608046878191127,0.004675357510161639,8.734035411471187e-05,0.005281583999641968,-0.002290629757255015
2016-01-19,-0.002290629757255015,0.004406192522274617,0.0,0.003781752219531142,0.0016465618643457622
2016-01-20,0.0016465618643457622,0.007615404538394205,0.00013088214456204495,0.0036236590977586016,-0.0033012096273051864
2016-01-21,-0.0033012096273051864,0.012871781944916323,0.0,0.00375394903012807,-0.001380345726692188
2016-01-22,-0.001380345726692188,0.006261719803760098,9.779577541986461e-05,0.0036123305203509654,-0.005816008700090541
2016-01-25,-0.005816008700090541,0.005368437622600984,0.0,0.0027276480114563897,0.004990796058909852
2016-01-26,0.004990796058909852,0.0055275599234550915,-6.513054500646968e-05,0.004221026816083452,0.0010966944054519147
2016-01-27,0.0010966944054519147,0.005426045633467292,8.690503518138163e-05,0.004148804967558646,0.003951831818423023
2016-01-28,0.003951831818423023,0.007333876340574171,0.00036000937576801274,0.004354382186956984,0.0026542082203700143
2016-01-29,0.0026542082203700143,0.011625035042414944,0.0,0.004276051797159467,-0.010206691073721262
2016-02-01,-0.010206691073721262,0.007952712293108023,-3.248281576462621e-05,0.006158576307142404,0.006571266280479868
2016-02-02,0.006571266280479868,0.0041049946599516505,-0.00015258078085921684,0.006479082038781659,0.00226920020820641
2016-02-03,0.00226920020820641,0.01574753303565679,0.0,0.006513025709848071,0.015353470236526761
2016-02-04,0.015353470236526761,0.014966855030054843,-8.877280835143628e-05,0.009218102095542878,0.009774485442781082
2016-02-05,0.009774485442781082,0.00955806101640506,0.0,0.00962877190824486,-0.004915944830655657
2016-02-08,-0.004915944830655657,0.00915218066093366,-0.00017838034496705417,0.007664164171318422,0.004009114545849865
2016-02-09,0.004009114545849865,0.013404398459734564,-0.00010077079002062392,0.007686203979733234,0.00891315103106425
2016-02-10,0.00891315103106425,0.012639252670384364,0.0,0.0076055462237803835,-0.0008012091767712855
2016-02-11,-0.0008012091767712855,0.008155213449561029,-0.0002706611262482026,0.006288977126660416,0.0032768308529634027
2016-02-12,0.0032768308529634027,0.009167483041504564,5.6669332653301344e-05,0.005222286556593701,-0.008160901062795328
2016-02-15,-0.008160901062795328,0.009753804883337585,0.0,0.006384009900939312,-0.004636814033404252
2016-02-16,-0.004636814033404252,0.005549487015440051,-0.0003687771390591765,0.006680702520926828,-0.002421775900273588
2016-02-17,-0.002421775900273588,0.006459443175272805,8.919812807995575e-05,0.004268010794903426,-0.0021602204463326666
2016-02-18,-0.0021602204463326666,0.007012496908032343,8.896226906520377e-05,0.004171069217768663,-0.001078322142747798
2016-02-19,-0.001078322142747798,0.0073805556139687565,8.884364205712088e-05,0.0028131334530849313,0.0011673797064114223
2016-02-22,0.0011673797064114223,0.010693290298976827,0.0,0.00211463188245826,-0.008661347569662766
2016-02-23,-0.008661347569662766,0.005440717934360503,8.821460451155001e-05,0.0036561248865299664,-8.82107138321326e-05
2016-02-24,-8.82107138321326e-05,0.007256299857872867,0.0001874911809403429,0.003834097936301259,-0.001190199788027206
2016-02-25,-0.001190199788027206,0.005266925607787543,-8.80954287777828e-05,0.0038588078570762495,0.0010027261813616976
2016-02-26,0.0010027261813616976,0.013061561226304775,0.0,0.0040846675063705975,-0.009207485427379999
2016-02-29,-0.009207485427379999,0.008971186329147113,-0.00018569893445689553,0.004908712772735216,-0.0032064723483805242
2016-03-01,-0.0032064723483805242,0.005142793646171286,0.00018505044267022315,0.0040399154066131275,-0.001197081359238297
2016-03-02,-0.001197081359238297,0.004964483114695875,-9.78705215744619e-05,0.003899823750851197,-0.0006415231696554621
2016-03-03,-0.0006415231696554621,0.007544785027917569,-9.782366472891e-05,0.003962248001770899,0.007330846721414482
2016-03-04,0.007330846721414482,0.012055669894990996,8.765400427426373e-05,0.00593849924021221,0.00410332553486821
2016-03-07,0.00410332553486821,0.0051888845492163325,0.0,0.004316842214638206,0.0020028926766375924
2016-03-08,0.0020028926766375924,0.0049017974014641,0.00018724633803527289,0.003518873121511651,-0.0010899903497589847
2016-03-09,-0.0010899903497589847,0.006104218808516146,0.00018712546464413736,0.0034923422417136125,-0.0013636455184835835
2016-03-10,-0.0013636455184835835,0.03024272502915392,0.00018672973306979232,0.0036575483055931355,0.017090344189194393
2016-03-11,0.017090344189194393,0.011292987088716858,-5.587741348591379e-05,0.007581598312045099,-0.0009385721430361505
2016-03-14,-0.0009385721430361505,0.0064478803631375856,0.0004467028407331907,0.007916999240420679,-0.0059237805074355485
2016-03-15,-0.0059237805074355485,0.0050434778500374425,0.0,0.008930445740800244,0.000632999291797192
2016-03-16,0.000632999291797192,0.0047701905211068015,-8.895094114153108e-05,0.008835613465987671,0.009846507020469684
2016-03-17,0.009846507020469684,0.012126390388738776,0.00016823344468127254,0.009214747050664399,0.008789321158289546
2016-03-18,0.008789321158289546,0.007158784897193647,0.0002263997488425207,0.006704374033174295,-0.0034461334408439088
2016-03-21,-0.0034461334408439088,0.004609816978132646,0.0002706420888410144,0.007105910716424777,-0.0038275154051225038
2016-03-22,-0.0038275154051225038,0.0062348534311850185,-8.996154356186182e-05,0.006564209831588986,-0.0011565874563953665
2016-03-23,-0.0011565874563953665,0.005076102232437663,0.0,0.006731241531676004,-0.0037415464806334225
2016-03-24,-0.0037415464806334225,0.0036097391844294507,-8.955044397830832e-05,0.005404316135613692,-0.001173264180125696
2016-03-25,-0.001173264180125696,0.0018200643656569046,8.935135718519953e-05,0.0013803140608543301,-0.0007144684537660043
2016-03-28,-0.0007144684537660043,0.005617914517074377,0.0,0.0015284777886343632,0.0038239447721831305
2016-03-29,0.0038239447721831305,0.004820098396109785,0.0001567679535226121,0.002742801309389848,0.00794059446678328
2016-03-30,0.00794059446678328,0.006556913236234347,0.0001693619394518396,0.00463771211973738,0.003767316237481857
2016-03-31,0.003767316237481857,0.008646328147562962,5.669113711377322e-05,0.0037590844004573463,0.0039636544882739695
2016-04-01,0.0039636544882739695,0.00843728655892126,5.688593803707057e-05,0.003063649121815271,0.0009107559348322408
2016-04-04,0.0009107559348322408,0.004566463812729218,-0.0006151326823728244,0.0025062502579746263,-9.10592102153291e-05
2016-04-05,-9.10592102153291e-05,0.005888031009270878,0.00017085148106877652,0.003138538403861972,-0.0006148142788692096
2016-04-06,-0.0006148142788692096,0.008482898257588358,9.112766399156347e-05,0.0021519433178974353,0.002016625650093088
2016-04-07,0.002016625650093088,0.009911896805645127,0.0004675448478619798,0.0018263250961109384,-0.002722054468835322
2016-04-08,-0.002722054468835322,0.0061537442474374655,0.0004322086227612469,0.001777780565741564,0.0025510387479342374
2016-04-11,0.0025510387479342374,0.006633489288754211,-0.00035353979235102083,0.0021278302789499636,0.0008669027018344033
2016-04-12,0.0008669027018344033,0.009720645299435442,6.842020871819701e-05,0.002135041419621703,-0.0024507096616071316
2016-04-13,-0.0024507096616071316,0.010454937250900903,-9.108721066461626e-05,0.0024863602021008226,-0.009348813403846658
2016-04-14,-0.009348813403846658,0.005141653896556239,-9.025193500042959e-05,0.004566646542189339,-0.0008005065896722636
2016-04-15,-0.0008005065896722636,0.006248587895717301,0.0004394791309847814,0.004594678196872498,0.002652082375212579
2016-04-18,0.002652082375212579,0.005046269248435661,-9.029594919291666e-05,0.004618957885689536,0.000802603680426066
2016-04-19,0.000802603680426066,0.007159291441179766,-9.04342964796711e-05,0.00460970043462031,0.0044656517299041295
2016-04-20,0.0044656517299041295,0.0056332399777021085,6.811143366381897e-05,0.005354138807709836,-0.004816204111791496
2016-04-21,-0.004816204111791496,0.010260700628721779,0.0,0.0035494736322300917,-0.0011524698211553375
2016-04-22,-0.0011524698211553375,0.0061125717805698525,-9.035921058562375e-05,0.003584060872179293,-0.00514716774006994
2016-04-25,-0.00514716774006994,0.004632731503401913,8.988676284251688e-05,0.0040238262108422285,0.0031053790136885565
2016-04-26,0.0031053790136885565,0.007193283405570475,0.0002028312362645176,0.004418416904444023,0.002663082532895828
2016-04-27,0.002663082532895828,0.004248743344293067,9.042492858085754e-05,0.003938078117301827,0.002647486180481382
2016-04-28,0.002647486180481382,0.005909427293788504,9.071204429694325e-05,0.00355915506690118,0.002370534440149008
2016-04-29,0.002370534440149008,0.00916794789510072,-0.0001816799253128626,0.003517704020601338,0.009389838457966277
2016-05-02,0.009389838457966277,0.0067904320383267835,9.173165972629644e-05,0.0030048414049715032,0.005390668042070114
2016-05-03,0.005390668042070114,0.00954440895341978,-9.215255332902391e-05,0.003001841590818919,-0.0018193263221850378
2016-05-04,-0.0018193263221850378,0.005042337605331075,0.00013804605141655768,0.004138737754752034,-0.0009543129523783916
2016-05-05,-0.0009543129523783916,0.009222617256301253,0.00016089996089020938,0.0046294310526558335,-0.007602457630280269
2016-05-06,-0.007602457630280269,0.006886869369484711,0.000353592555778912,0.006621303250265981,-0.0015841240747151719
2016-05-09,-0.0015841240747151719,0.004741901898456577,0.0,0.004608551002269391,0.0
2016-05-10,0.0,0.0038635315408339114,0.00037583792536607935,0.002996585365294732,-0.0011951133129709285
2016-05-11,-0.0011951133129709285,0.006331703542039686,-5.6906004799177874e-05,0.0030391119099776208,0.004617313404738642
2016-05-12,0.004617313404738642,0.0044682341320884745,9.139480364202032e-05,0.004370614114061479,-0.004389807118385353
2016-05-13,-0.004389807118385353,0.008443808724077805,0.0001478684103192239,0.0032873039183514575,-0.005287602378223741
2016-05-16,-0.005287602378223741,0.0034111249886631155,0.0,0.003941810986575815,-7.921648996507311e-05
2016-05-17,-7.921648996507311e-05,0.0038881878162530235,0.0,0.003935680034128978,0.0
2016-05-18,0.0,0.005033606714790483,0.0002036738419988317,0.003977200554847651,-0.00826043417725727
2016-05-19,-0.00826043417725727,0.004368683352192526,8.976315487021553e-05,0.003554831293693172,-0.0015140235000181696
2016-05-20,-0.0015140235000181696,0.0036619184312270377,0.0003921639992599289,0.0036276853168598004,0.0014018498908452475
2016-05-23,0.0014018498908452475,0.004725578324038655,6.735496929366233e-05,0.00381483392837547,-0.0005049370131429516
2016-05-24,-0.0005049370131429516,0.007489345763957376,-8.980243888545503e-05,0.003774421284297271,-0.006985559794362882
2016-05-25,-0.006985559794362882,0.0036816068322606432,8.90566217077014e-05,0.004219526413831862,0.0018840869032437442
2016-05-26,0.0018840869032437442,0.005647153033445884,0.0001785418166090261,0.003546822566815202,0.0029614821769575715
2016-05-27,0.0029614821769575715,0.006790692442930171,-7.838691654200378e-05,0.003969549778823639,-0.007359535642408992
2016-05-30,-0.007359535642408992,0.00449947981403781,-8.88357495655846e-05,0.00488666743752765,0.003450037985085013
2016-05-31,0.003450037985085013,0.004843480286952026,-0.0001448685320746267,0.0054741316855529696,-0.0011142917155116097
2016-06-01,-0.0011142917155116097,0.006551811917909021,0.0,0.004461529464391808,0.004755235777335846
2016-06-02,0.004755235777335846,0.006255656656969667,-0.0003468834064909053,0.004930503121163196,-0.0033176414112727104
2016-06-03,-0.0033176414112727104,0.019010094840425783,-0.00017848274066553969,0.004958679912643105,0.017686432682216875
2016-06-06,0.017686432682216875,0.0041188186607616865,0.0,0.008177238941254725,0.0011471163366170239
2016-06-07,0.0011471163366170239,0.0035146945808558227,-5.685289240663538e-05,0.008300443385670108,-0.0005453170730971647
2016-06-08,-0.0005453170730971647,0.0055871146224399605,0.00011357725851580136,0.008219192702414876,0.0043253899249274174
2016-06-09,0.0043253899249274174,0.00955215819688246,9.134555238609947e-05,0.008210845233304922,-0.008100387014143784
2016-06-10,-0.008100387014143784,0.004419527804075504,0.0002715730084038133,0.009442213964478908,-0.0066537493643782
2016-06-13,-0.0066537493643782,0.005786107064404433,-9.003524100228206e-05,0.005265384999460544,0.004528805094961433
2016-06-14,0.004528805094961433,0.009737435847624317,0.0002710944941206567,0.005939209194697909,-0.006931253741881397
2016-06-15,-0.006931253741881397,0.0061593633198304895,0.0,0.006407458327342732,0.004416478024524096
2016-06-16,0.004416478024524096,0.014916063536901142,0.0001238536786289207,0.006432033451162664,-0.0009456404670404876
2016-06-17,-0.0009456404670404876,0.006220977063888255,-0.001597740463906403,0.00563438103034968,0.008588304743647803
2016-06-20,0.008588304743647803,0.006696754004397348,0.0,0.006001260283473938,-0.0023012116407544942
2016-06-21,-0.0023012116407544942,0.009361575701005029,1.1265180884061916e-05,0.006039418957427707,-0.006410844372746685
2016-06-22,-0.006410844372746685,0.008661323629277363,-0.00012374361298083213,0.005880314525336299,0.006875235761559178
2016-06-23,0.006875235761559178,0.009007648577321458,2.2730628269303645e-05,0.0063556080877257976,-0.0003737486607474257
2016-06-24,-0.0003737486607474257,0.036746012479706124,-0.000532179051210397,0.006313218888360725,-0.025767007174789764
2016-06-27,-0.025767007174789764,0.00978005040387806,8.825940356952572e-05,0.012259616240171255,-0.0018964523546687237
2016-06-28,-0.0018964523546687237,0.008621461218792346,-8.81949109696722e-05,0.012288110365476914,0.005334508808740789
2016-06-29,0.005334508808740789,0.006907580856846608,-0.00036544028236610746,0.01316528587251594,0.004873297031417912
2016-06-30,0.004873297031417912,0.008986720243473809,0.00018911146540492353,0.012809209273951993,-0.0019788422459707227
2016-07-01,-0.0019788422459707227,0.008643868021992544,0.00021096217432090442,0.012729071928551817,0.0022459764311807523
2016-07-04,0.0022459764311807523,0.0044920528555175915,0.0,0.0035371131004349526,0.0013477567694007444
2016-07-05,0.0013477567694007444,0.009331150938206018,4.4601053205206024e-05,0.002959199695866736,-0.007296200089325156
2016-07-06,-0.007296200089325156,0.005061624104543837,5.537905725666588e-05,0.004680535708158905,0.003069620985244283
2016-07-07,0.003069620985244283,0.004505432930452883,-8.881620351218146e-05,0.004244690825367202,-0.003003258186911798
2016-07-08,-0.003003258186911798,0.008856015496492193,6.636500039161814e-05,0.004355837356966966,-0.001967759709113067
2016-07-11,-0.001967759709113067,0.004708685502488082,-0.0002761432914987429,0.00403240612806198,0.001270838382200458
2016-07-12,0.001270838382200458,0.006330535836526807,0.0,0.004018615324429155,0.00044243484305962847
2016-07-13,0.00044243484305962847,0.0068692077965530045,0.00019917212081772226,0.0024554995257039087,0.0028915333292139182
2016-07-14,0.0028915333292139182,0.007030740310007556,-8.884873207917313e-05,0.002399820807826388,0.0009990572450503967
2016-07-15,0.0009990572450503967,0.008845340023448896,-3.3380767654815666e-05,0.0017605174550693753,-0.004775224691423465
2016-07-18,-0.004775224691423465,0.0046814894960110764,-0.0001989455562034527,0.002908405983359001,0.0016924751736729915
2016-07-19,0.0016924751736729915,0.007108606977681905,4.4253771584211804e-05,0.0029542103033324872,-0.0052783645066787396
2016-07-20,-0.0052783645066787396,0.0041768140225092705,-8.809834632693752e-05,0.003837002062860797,0.0005398559400754168
2016-07-21,0.0005398559400754168,0.006532992912368199,0.00019833335064557342,0.0033730346088132676,0.0012128279705787804
2016-07-22,0.0012128279705787804,0.006525722612272823,-2.2149538122905798e-05,0.0034116162350478238,-0.005676765339448428
2016-07-25,-0.005676765339448428,0.004045561959851465,0.00010976272016778451,0.0036549190398578544,0.0018886435767625533
2016-07-26,0.0018886435767625533,0.004003113207117426,0.00012083792531932697,0.0036985749376743527,-0.000307637037586267
2016-07-27,-0.000307637037586267,0.0024706967531920227,-2.191497856217533e-05,0.003022899103538037,0.007765382015009816
2016-07-28,0.007765382015009816,0.005341426266421073,0.00047605343516712276,0.004819017623851344,0.0009860471480390611
2016-07-29,0.0009860471480390611,0.01100647261163834,6.646849447119121e-05,0.004817304052525884,0.007521339022459522
2016-08-01,0.007521339022459522,0.00250809765324165,2.2416151584421627e-05,0.003799807502721291,0.0
2016-08-02,0.0,0.006126837349381714,8.935035566138586e-05,0.0040915017273853395,0.004555674861185054
2016-08-03,0.004555674861185054,0.004990738725811882,4.484204866511356e-05,0.003599769193952842,-0.006039944627668386
2016-08-04,-0.006039944627668386,0.0033922493414976227,-7.803071844913413e-05,0.005121354835641417,-0.0015043550709452347
2016-08-05,-0.0015043550709452347,0.010089933106350632,2.2269115841156966e-05,0.005290548880781346,-0.004067036357604987
2016-08-08,-0.004067036357604987,0.0029123081568600217,0.0001663254861821904,0.004064557247716881,-0.0005321441129647425
2016-08-09,-0.0005321441129647425,0.004510715517209654,-0.00028816218972277477,0.0040251457407849646,0.0028970739216052574
2016-08-10,0.0028970739216052574,0.007574469846630632,-0.0002112241964715266,0.0034227842827154755,0.006333835466558864
2016-08-11,0.006333835466558864,0.004732273847619865,3.367597214059292e-05,0.004050970928674515,-0.0042418899444097
2016-08-12,-0.0042418899444097,0.00784277632826563,1.1237115442968411e-05,0.004563378861414205,0.0024982306112892433
2016-08-15,0.0024982306112892433,0.004500127194912887,0.0,0.003979754173821676,0.001531037673697168
2016-08-16,0.001531037673697168,0.012903829579318227,-3.357428299434186e-05,0.0038348229802351373,0.008186617742292809
2016-08-17,0.008186617742292809,0.0033992012041035684,-0.0002705688615191575,0.00481596916239203,0.0020317675714881405
2016-08-18,0.0020317675714881405,0.003922886405418736,-0.0002710743139156579,0.004407510383071903,0.004461649861066459
2016-08-19,0.004461649861066459,0.004055308232415409,0.0,0.0027217978599061925,-0.004529491868557557
2016-08-22,-0.004529491868557557,0.005201959740364156,-0.0002260614100092566,0.004653590417971301,0.0018660338545216854
2016-08-23,0.0018660338545216854,0.004168069117258631,5.666291652246411e-05,0.004641493903015753,-0.0016287651923312064
2016-08-24,-0.0016287651923312064,0.005972680314659618,-0.00021472564422175507,0.0035255000612793657,-0.003283078973066947
2016-08-25,-0.003283078973066947,0.0034951679897857486,0.00011262006235363621,0.0037214652980886403,0.0023681928133100437
2016-08-26,0.0023681928133100437,0.009366115794450566,0.0001128816791976739,0.0030665698320579138,-0.008096322643500537
2016-08-29,-0.008096322643500537,0.00440158854003123,0.00022400408147380452,0.004262509189732948,-0.0005933771387031251
2016-08-30,-0.0005933771387031251,0.004718923846365464,7.82874164319788e-05,0.003863441536741956,-0.003541916776530722
2016-08-31,-0.003541916776530722,0.0034525364417775936,0.00022300777405508067,0.0038816410584703526,0.000669398242409528
2016-09-01,0.000669398242409528,0.006272614003953095,0.00022317908727552285,0.004110903837545959,0.0035779727913655378
2016-09-02,0.0035779727913655378,0.008670962254264997,0.0,0.004442636019594388,-0.003466254170083479
2016-09-05,-0.003466254170083479,0.003862621112080733,0.00011172486203955552,0.0029963340691710047,-0.0007811168636914772
2016-09-06,-0.0007811168636914772,0.009813681458568922,0.00011149145529700394,0.0029962970643175528,0.008962688331043682
2016-09-07,0.008962688331043682,0.0028672963391231506,0.00045008454319386224,0.0047470746393067365,-0.0011246487850704737
2016-09-08,-0.0011246487850704737,0.008141031031828254,0.0,0.0049179183656164385,0.0027014349127084296
2016-09-09,0.0027014349127084296,0.007158004596225824,0.00022543065082495346,0.004837336974545122,-0.0026902998742258147
2016-09-12,-0.0026902998742258147,0.004258545246075754,1.1135100477314036e-05,0.004656950090348212,0.00021366267368390018
2016-09-13,0.00021366267368390018,0.0035585083209805682,0.0002024422016377497,0.004559985302002669,-0.002212531531855482
2016-09-14,-0.002212531531855482,0.005410100355799584,-7.851966524484802e-05,0.002168170963768608,0.0025498453552103796
2016-09-15,0.0025498453552103796,0.005391129548954547,0.00016865691007819913,0.002545335389406138,-0.00012369679165697225
2016-09-16,-0.00012369679165697225,0.008346498793272174,-0.0001799591626239445,0.002101869471784211,-0.007807775057992466
2016-09-19,-0.007807775057992466,0.005018906231204075,-0.0002006988678513699,0.003921892680057714,0.001988107023017429
2016-09-20,0.001988107023017429,0.00422858047001429,0.00011185771783597436,0.004184515125200265,-0.002389772824843842
2016-09-21,-0.002389772824843842,0.003895091906320715,-0.00015612130144255655,0.004196803942302007,0.003508451907178094
2016-09-22,0.003508451907178094,0.006849755664073367,0.0,0.004424193492054316,0.0015122434449735868
2016-09-23,0.0015122434449735868,0.003032728886011349,5.604466132062279e-05,0.00456035718131965,0.002592942292141068
2016-09-26,0.002592942292141068,0.005075647340195969,-4.486359557854947e-05,0.0022682890507080096,0.0009444893031245314
2016-09-27,0.0009444893031245314,0.005867501615438527,-7.872589919969772e-05,0.0022534873215754136,-0.002696311903076753
2016-09-28,-0.002696311903076753,0.004742736532522707,0.0001122138983926528,0.002377469639753479,0.00048258291459646655
2016-09-29,0.00048258291459646655,0.004502135575313943,3.377273287255148e-05,0.0019872566616689824,-0.00048258291459651463
2016-09-30,-0.00048258291459651463,0.008555987230726158,-0.00022435227045666204,0.0019499861361280057,0.0013472078218555506
2016-10-03,0.0013472078218555506,0.003340922544945376,-0.0001123559504411589,0.0016132387263551103,-0.0021658898894434467
2016-10-04,-0.0021658898894434467,0.009812150273400983,-0.00025780380078283053,0.001715435937545698,3.360232562436578e-05
2016-10-05,3.360232562436578e-05,0.004280821826768247,0.0,0.0013085946224309338,-0.00022417864622131028
2016-10-06,-0.00022417864622131028,0.005576590317906703,0.0,0.001259484148877357,-0.005699907005050658
2016-10-07,-0.005699907005050658,0.008611337464094022,-0.00011144666325267676,0.0027406109228435512,0.004691651837804532
2016-10-10,0.004691651837804532,0.004573878015298089,0.00013437791755522245,0.003774212866245999,-0.005025978007065702
2016-10-11,-0.005025978007065702,0.007835989503934312,-0.00022283604060044845,0.004244488375912774,-0.007104769738430128
2016-10-12,-0.007104769738430128,0.005057312762826036,0.0,0.004862460194872497,-0.004536195589891394
2016-10-13,-0.004536195589891394,0.005675492636701354,-0.00012112283793339164,0.0046992894889885005,0.0034305603068918436
2016-10-14,0.0034305603068918436,0.006596376378493029,0.0,0.005373386575418078,-0.007441761541419575
2016-10-17,-0.007441761541419575,0.004260766611919386,-6.575327934970985e-05,0.004414371548733809,0.004352579694611333
2016-10-18,0.004352579694611333,0.005175210673777323,0.0003303910630732994,0.005736118017522968,-0.0035187297515541743
2016-10-19,-0.0035187297515541743,0.004439662680769361,0.00010980631187534083,0.005175719207331084,-0.0001646506380020189
2016-10-20,-0.0001646506380020189,0.010296074040667942,-5.48488501452449e-05,0.004905820073501015,-0.004085401957879828
2016-10-21,-0.004085401957879828,0.006300741186684147,1.0906338545429775e-05,0.004467794914807251,-0.004384409358858094
2016-10-24,-0.004384409358858094,0.003815656251139711,-0.0002177209284242448,0.003711373193547682,-0.0006527512292521241
2016-10-25,-0.0006527512292521241,0.0042848796614275335,0.0,0.0019968583296113675,0.0010881930929809549
2016-10-26,0.0010881930929809549,0.006562397246977234,1.0949492945405938e-05,0.0024548995244421247,0.002267123672550751
2016-10-27,0.002267123672550751,0.004413310854922484,8.729499469729341e-05,0.0030004761258252024,-0.0010687761345710978
2016-10-28,-0.0010687761345710978,0.005080876921801587,3.270048596859332e-05,0.0025299330002826856,0.007703391184510834
2016-10-31,0.007703391184510834,0.004134957494108739,4.384536434615713e-05,0.00352838589262264,-0.001032047021780874
2016-11-01,-0.001032047021780874,0.008124843836568656,0.0,0.0035994761140143057,0.007600509088301996
2016-11-02,0.007600509088301996,0.006168405868039195,-0.00022107532287378705,0.004375837202185637,0.0036554982779582594
2016-11-03,0.0036554982779582594,0.006089288365245356,0.0,0.004354243115004244,0.0004439735815214477
2016-11-04,0.0004439735815214477,0.003776588479950049,0.0,0.004007298283636593,-0.00011102860930874295
2016-11-07,-0.00011102860930874295,0.007068748565084954,0.00044401400260950886,0.003539608630792956,-0.004430681626231969
2016-11-08,-0.004430681626231969,0.0033912440303221934,0.0001546959776346874,0.004492288328618658,-0.0030016218881543464
2016-11-09,-0.0030016218881543464,0.033397407589077756,-0.00013218436062163673,0.0031559763339542375,-0.008973283929278824
2016-11-10,-0.008973283929278824,0.008167893242442392,2.1832466603009598e-05,0.0037981564869708764,-0.00283529727672874
2016-11-11,-0.00283529727672874,0.006279521292550602,0.0,0.0032524001215784924,-0.005971422941238589
2016-11-14,-0.005971422941238589,0.015103386954925193,-0.00010824168485284801,0.002536001240809183,-0.006904091630366802
2016-11-15,-0.006904091630366802,0.008646973093685577,0.0003224567678317927,0.002626454346274677,-0.0021477752071920996
2016-11-16,-0.0021477752071920996,0.008349519892882556,0.0001072489629636545,0.0028507098474815713,-0.0019290221275351884
2016-11-17,-0.0019290221275351884,0.007796130193370083,0.00010701060908279961,0.002312328539800826,-0.00783857389608081
2016-11-18,-0.00783857389608081,0.006301134082939851,-0.0001593236955961472,0.002747001767539374,-0.0036582460348251198
2016-11-21,-0.0036582460348251198,0.006306432024551096,-0.00010585999250195926,0.0027284185567201104,0.005146602943733133
2016-11-22,0.005146602943733133,0.006714194120785799,1.0644936354837337e-05,0.004687831743231671,-0.000478683384408412
2016-11-23,-0.000478683384408412,0.01085708872672362,-3.194873852928186e-05,0.004741401414323555,-0.008365597792199581
2016-11-24,-0.008365597792199581,0.006169834013174176,-0.00010546095593539037,0.005598020541888222,0.0015830883643818613
2016-11-25,0.0015830883643818613,0.008241799791827455,-0.00021124305025034334,0.005145961815133094,0.004764163866232262
2016-11-28,0.004764163866232262,0.011065381196636498,0.00010616398189752446,0.005488607831309764,0.0008493102559907696
2016-11-29,0.0008493102559907696,0.006158252348837515,0.00010618610383092747,0.0048886123504469576,0.0025523434536833026
2016-11-30,0.0025523434536833026,0.007700331023331049,0.0,0.005050735819278832,-0.005310066148516394
2016-12-01,-0.005310066148516394,0.004678403510699024,0.0,0.0037648158617806394,0.006684755681079142
2016-12-02,0.006684755681079142,0.005979390917116821,-1.062047497894351e-05,0.004599226788298021,-0.00763756940783257
2016-12-05,-0.00763756940783257,0.01883261532208422,0.0010581394811201253,0.005848369205580973,0.016430543065026223
2016-12-06,0.016430543065026223,0.0054994021425349825,-0.00010759168479159956,0.009686752760757979,-0.0034364582995452253
2016-12-07,-0.0034364582995452253,0.005175397170200199,0.00010720677529046894,0.010048947639904788,0.0038667787464509358
2016-12-08,0.0038667787464509358,0.022912624972667887,0.00017216509236424549,0.009342499455603863,-0.01315032709034517
2016-12-09,-0.01315032709034517,0.00876582086330911,0.0,0.011455383236253069,-0.006985527551627237
2016-12-12,-0.006985527551627237,0.009440076131833541,0.00010557399018612476,0.011361201007237729,0.008899219392906341
2016-12-13,0.008899219392906341,0.004353358948795214,-0.00010640859781470342,0.008722538895850911,-0.0011699590234880463
2016-12-14,-0.0011699590234880463,0.004860672315992599,-0.00010630889462299031,0.008698561601025761,-0.010888585673538545
2016-12-15,-0.010888585673538545,0.011560220460524654,-0.00010520553113545224,0.008836314615029713,-0.009105718970210059
2016-12-16,-0.009105718970210059,0.00658790652673937,0.00010424482406139894,0.008011257983354196,0.0029842312480278035
2016-12-19,0.0029842312480278035,0.006559720285304427,0.0001671494795547092,0.00827223162015578,-0.004233759574618508
2016-12-20,-0.004233759574618508,0.006221531806476069,0.00010391683994732895,0.005683286065735641,-0.001476509481291881
2016-12-21,-0.001476509481291881,0.006372186103492122,-0.00033248997024908647,0.005640103284432749,0.0036641609249652264
2016-12-22,0.0036641609249652264,0.006717757808873343,0.00010426139887473142,0.005291708263174649,0.0008659788395229713
2016-12-23,0.0008659788395229713,0.0036609143994291286,-0.00017745215700290843,0.0032609612994598997,0.0016400925651978298
2016-12-26,0.0016400925651978298,0.0023056728605850693,-0.00010454878420709096,0.0030384364975400415,0.00020909756917603204
2016-12-27,0.00020909756917603204,0.002484626551338134,0.000115039072810156,0.0018895879636412049,0.0005125259245785663
2016-12-28,0.0005125259245785663,0.0090542417032694,-1.0482501571308455e-05,0.001384988044672341,-0.004342951339742504
2016-12-29,-0.004342951339742504,0.007102439506702008,-7.289127653909015e-05,0.002364249063821927,0.01508250693397183
2016-12-30,0.01508250693397183,0.007657361426332081,0.0005922658494275614,0.007331624755226547,-0.004579297436805474
2017-01-02,-0.004579297436805474,0.0071259590579243635,-0.00035794201678931444,0.008033485426202726,-0.006379961365256615
2017-01-03,-0.006379961365256615,0.013804529961840608,8.365838338494356e-05,0.008778705023866774,-0.0038418862814960275
2017-01-04,-0.0038418862814960275,0.008401914455834748,0.00014588785057422602,0.008936972392168957,0.007740590997296724
2017-01-05,0.007740590997296724,0.011653817943378586,0.00020994811136380628,0.009366994997588711,0.009951694252328959
2017-01-06,0.009951694252328959,0.006536443589763475,3.180989060523963e-05,0.00764387322344086,-0.007007159987028705
2017-01-09,-0.007007159987028705,0.0044910089834894265,-0.00021071393207248241,0.008115946194919742,0.0053751462447140155
2017-01-10,0.0053751462447140155,0.006041399494437245,9.525382611312709e-05,0.007447277328155083,-0.003424761684181173
2017-01-11,-0.003424761684181173,0.010471857750741609,-0.00015824407584288125,0.007361100913085277,0.004282834624410967
2017-01-12,0.004282834624410967,0.010450051541034388,0.00010597293617685839,0.006896632150233015,0.001803209323731725
2017-01-13,0.001803209323731725,0.0063862213199141395,-0.0001062086595984392,0.005270290276081319,0.0011154729925587558
2017-01-16,0.0011154729925587558,0.004901419236833962,0.00017006052965778235,0.003417171557378,-0.002420493946028179
2017-01-17,-0.002420493946028179,0.010995078495157755,-8.487734212259429e-05,0.003164585710251028,0.008807419508532732
2017-01-18,0.008807419508532732,0.005146483657796951,-9.627834068312185e-05,0.004163495877619789,-0.006471944983548921
2017-01-19,-0.006471944983548921,0.008191711465468477,-0.0001593647481139782,0.005661391524918293,0.0030014703955947883
2017-01-20,0.0030014703955947883,0.00641856491199384,-0.000149272673093405,0.005751463369647211,0.005054843962894572
2017-01-23,0.005054843962894572,0.004461495580730461,0.00021423595112951175,0.006065629906304475,0.004380785936046075
2017-01-24,0.004380785936046075,0.004188526103870883,0.00030130481941415183,0.005691275655597991,-0.0029870187452542053
2017-01-25,-0.0029870187452542053,0.005279292612790393,7.511775485920755e-05,0.005069172783010432,0.002169451772020358
2017-01-26,0.002169451772020358,0.008922075528974904,-0.00027965132589401003,0.0031771704587948966,-0.0064410634062073814
2017-01-27,-0.0064410634062073814,0.006014717595835884,1.0712585569566974e-05,0.004972699651685573,0.002899318852993123
2017-01-30,0.002899318852993123,0.011147324217155117,-0.0004821020047769803,0.004547343806474599,-0.0005034903875596175
2017-01-31,-0.0005034903875596175,0.011607462706837594,0.00013928223222990855,0.0038420789837376955,0.008852261972059784
2017-02-01,0.008852261972059784,0.0063927752823134615,0.00010803464347684836,0.005556115142322249,-0.0033759205059840968
2017-02-02,-0.0033759205059840968,0.005499901852708649,-9.686470535749275e-05,0.005905434325513579,-0.0005274662699758506
2017-02-03,-0.0005274662699758506,0.006340126589850214,-0.00015062676238849744,0.004687969175378569,0.0019713419350956586
2017-02-06,0.0019713419350956586,0.007627307334539546,-4.3114007586296555e-05,0.004635256657553972,-0.0036916646517806554
2017-02-07,-0.0036916646517806554,0.008067298242366926,0.0,0.00513486778443386,-0.006083672000636754
2017-02-08,-0.006083672000636754,0.006114718741581684,-8.539692490696759e-05,0.0031140064860418503,0.001324952574866799
2017-02-09,0.001324952574866799,0.0049319460349044626,1.0703316009942043e-05,0.003418374244524702,-0.0031492420707108556
2017-02-10,-0.0031492420707108556,0.005543739305678932,0.0001598496943056371,0.0034517421509031284,-0.003670492466827683
2017-02-13,-0.003670492466827683,0.006081394256312555,2.1216574073346482e-05,0.0026995318253068747,-0.001983821861077884
2017-02-14,-0.001983821861077884,0.006739316658463305,-6.354577078151963e-05,0.00270671798379023,-0.0019059474091679728
2017-02-15,-0.0019059474091679728,0.006224211112907923,-3.1778167654866714e-05,0.0019429336214197,0.0027435541785106898
2017-02-16,0.0027435541785106898,0.00699811218422241,0.0005197058703150573,0.0025394017062674154,0.006096606333929302
2017-02-17,0.006096606333929302,0.004783676744713687,0.0004909402909097818,0.004043784421749488,-0.004281128670700643
2017-02-20,-0.004281128670700643,0.002472212291218486,-1.065694095559585e-05,0.004198284269838934,-0.0016245565514428882
2017-02-21,-0.0016245565514428882,0.008097473508713048,-8.482604705677211e-05,0.004155839464275609,-0.006366536572582725
2017-02-22,-0.006366536572582725,0.0056338493228570395,-1.051628752413656e-05,0.005095093816756951,0.001139192733998484
2017-02-23,0.001139192733998484,0.005310946785261789,0.00022154559743912464,0.004870659419253783,0.0028748666409450312
2017-02-24,0.0028748666409450312,0.004897115082148117,-2.1173343346372582e-05,0.0037889049734743333,-0.0030014925084968615
2017-02-27,-0.0030014925084968615,0.005859274169816605,-1.0505644581165933e-05,0.0036056754478287585,0.0029803184926625644
2017-02-28,0.0029803184926625644,0.00475755889395231,0.00013765150536339604,0.004088392648647811,-0.001427914978222764
2017-03-01,-0.001427914978222764,0.006889205602859629,-1.0602135901787228e-05,0.002654100622562625,-0.003155193618451753
2017-03-02,-0.003155193618451753,0.004245928486552463,-4.22017931347455e-05,0.0030639894677486233,-0.002483361285800688
2017-03-03,-0.002483361285800688,0.006678619671778964,0.00011559613003668447,0.0025497836977469417,0.010480388215962188
2017-03-06,0.010480388215962188,0.0056369482087704715,0.00015930114956134222,0.005672408081846102,-0.003890114210058578
2017-03-07,-0.003890114210058578,0.004085983120599886,-0.00019039730622715656,0.005980958210286413,-0.000856528977351755
2017-03-08,-0.000856528977351755,0.0035950606345762203,0.00011628881449362425,0.005954529482406651,-0.002153918443973989
2017-03-09,-0.002153918443973989,0.00837834447168282,0.0003165626720605022,0.005836762123010519,0.0029364122241478294
2017-03-10,0.0029364122241478294,0.00856721489674863,-0.00027500290099332264,0.005711277777007701,0.010495752325234368
2017-03-13,0.010495752325234368,0.005512153557022911,0.00019239923745211212,0.005717450511520422,-0.0036172570315181995
2017-03-14,-0.0036172570315181995,0.003255147856571385,-5.3158433507137165e-05,0.005656428934542361,-0.0036681311722004924
2017-03-15,-0.0036681311722004924,0.0028714847956660496,0.0,0.006057512900729086,0.01175313951260352
2017-03-16,0.01175313951260352,0.0036002886891987078,0.0,0.007405706570061984,0.0034204682168346265
2017-03-17,0.0034204682168346265,0.004933133624105131,0.0003878264122625753,0.007398350468566683,-0.0029478685547739913
2017-03-20,-0.0029478685547739913,0.003230739372709685,6.447468996683522e-05,0.0067116343282883455,-0.000494026216523266
2017-03-21,-0.000494026216523266,0.007659131617962202,8.593655972191195e-05,0.006309136196752553,0.0069390189319521985
2017-03-22,0.0069390189319521985,0.004087479154120713,0.00010816881877775409,0.005856633419029598,-0.002062955051731874
2017-03-23,-0.002062955051731874,0.0031924180954070766,4.330987308218468e-05,0.004132972910380043,-0.0005825075184240264
2017-03-24,-0.0005825075184240264,0.004671919347127377,-1.0722649064719699e-05,0.003922180761973098,0.006068102164538236
2017-03-27,0.006068102164538236,0.006068077574087268,0.000325556289638704,0.0041933570857379835,0.0010529288766618662
2017-03-28,0.0010529288766618662,0.0025195308919951573,-0.00016285667284894346,0.004019236378807839,-0.003988814539129683
2017-03-29,-0.003988814539129683,0.007911793791738966,2.170952718743598e-05,0.00382063074644072,-0.005383655395307185
2017-03-30,-0.005383655395307185,0.004377214685273854,-3.235054518957224e-05,0.004515472691141002,-0.006766263018980494
2017-03-31,-0.006766263018980494,0.0026822187613427645,-4.2720032427070046e-05,0.005299609316451421,-0.001708436576849294
2017-04-03,-0.001708436576849294,0.0037518731152223275,6.414060693775646e-05,0.003094140147730896,0.00011731597159801833
2017-04-04,0.00011731597159801833,0.003543628312068547,-1.0613566953955442e-05,0.002772168790719445,0.0009608024846293539
2017-04-05,0.0009608024846293539,0.0032840673011123502,7.478807904809734e-05,0.0033894996484943245,-0.0007367113708814336
2017-04-06,-0.0007367113708814336,0.004874608484863648,-7.472031816335894e-05,0.0030393514712257095,-0.002611329354407584
2017-04-07,-0.002611329354407584,0.004580389816931115,0.00014908087329357843,0.0014188002685884126,-0.005900993777431867
2017-04-10,-0.005900993777431867,0.003538986985675299,-0.00021162977111681194,0.0027279865673403626,0.0014719638399648264
2017-04-11,0.0014719638399648264,0.004743130132925981,-2.125960577062895e-05,0.002999209428660756,0.001293776491387639
2017-04-12,0.001293776491387639,0.0025674558179991456,0.00015921344736776464,0.003066652356226423,0.0055757821106804445
2017-04-13,0.0055757821106804445,0.006212134922842453,-8.534449573802546e-05,0.004375066150498944,-0.005098219512770225
2017-04-14,-0.005098219512770225,0.0023050480980038603,-0.00014864721491367178,0.004856201883530127,-0.0005518231785464774
2017-04-17,-0.0005518231785464774,0.005665247836195524,-6.358604630052788e-05,0.0038657929223085362,0.003198762931699693
2017-04-18,0.003198762931699693,0.006635253142052406,6.372703950585194e-05,0.004043123838182181,0.00787603933151079
2017-04-19,0.00787603933151079,0.003255598963541736,3.222369019033089e-05,0.005134379065409595,-0.0012759417804318331
2017-04-20,-0.0012759417804318331,0.006302676203695339,1.0680541877292145e-05,0.004917975205285023,-1.068048484067434e-05
2017-04-21,-1.068048484067434e-05,0.0047122328251321755,0.0001499951040173763,0.0037793740455889222,0.01473387077510292
2017-04-24,0.01473387077510292,0.005177970253639637,-0.0001304408209175928,0.006532858764332051,-0.0008370344334140607
2017-04-25,-0.0008370344334140607,0.008185019918063122,-0.00026084666351559215,0.007026919594899015,0.005818837615714092
2017-04-26,0.005818837615714092,0.008238542371960617,-2.181625326139351e-05,0.006807139599416288,-0.0017688276041054596
2017-04-27,-0.0017688276041054596,0.007166151827391461,-3.2672685798582184e-05,0.006899893147937933,-0.004104213277379672
2017-04-28,-0.004104213277379672,0.008272147270094638,-0.00022806870890731723,0.007637016195520453,0.003973291140565258
2017-05-01,0.003973291140565258,0.003663546115040893,0.00013094785258638405,0.004135820576518744,0.00013092213681450298
2017-05-02,0.00013092213681450298,0.003326166234440831,-6.534323665812397e-05,0.004072955186105327,0.0024465527570567713
2017-05-03,0.0024465527570567713,0.0031092848830089705,0.0,0.0032276639745077054,-0.004277630513799503
2017-05-04,-0.004277630513799503,0.008468815737544112,2.1786406508508303e-05,0.003750397438113183,0.008463877857979456
2017-05-05,0.008463877857979456,0.004246103577137368,1.1072666763860075e-05,0.004708196667396359,-0.0014924328465038186
2017-05-08,-0.0014924328465038186,0.006997427876668306,-0.00016446099078759068,0.004811656929732929,-0.0034152831494478875
2017-05-09,-0.0034152831494478875,0.005615653577074676,4.374636924226597e-05,0.0052253541353340085,-0.003752144975261105
2017-05-10,-0.003752144975261105,0.0037620400446972888,-1.0949730335516162e-05,0.0053362630683417055,-0.0014795427623111868
2017-05-11,-0.0014795427623111868,0.004784383624465857,0.0003695832036117132,0.005030777884581576,-0.0005325441349082685
2017-05-12,-0.0005325441349082685,0.007003805495344181,-9.785981033607355e-05,0.0013842563425380443,0.0057204864600827665
2017-05-15,0.0057204864600827665,0.006110309579200292,-6.556070877998612e-05,0.0038257806578876285,0.0049733891475483355
2017-05-16,0.0049733891475483355,0.00998949542545698,9.890062886035427e-05,0.004157809803200128,0.010165609234827322
2017-05-17,0.010165609234827322,0.006048696893782299,-0.0001553544423420144,0.004801716991036643,0.005607107178077628
2017-05-18,0.005607107178077628,0.006016265201210006,0.00018970049231285512,0.0038080986818691707,-0.003841584496626299
2017-05-19,-0.003841584496626299,0.008769196461086187,0.00024451561874360816,0.00511413251020937,0.008179592912204795
2017-05-22,0.008179592912204795,0.009010017324664901,0.0002240026322703619,0.005369702470719543,0.0030299874646010755
2017-05-23,0.0030299874646010755,0.0062629410621034155,0.00015732484535931627,0.005443461321281302,-0.005313076821422747
2017-05-24,-0.005313076821422747,0.002954825295821291,-0.0001453208808725029,0.005890064572985386,0.004605241095272315
2017-05-25,0.004605241095272315,0.004934950740714951,-2.2395872196430837e-05,0.005731706113588906,-0.0017953372916787
2017-05-26,-0.0017953372916787,0.0061179662130039026,1.11652667903282e-05,0.005328848967454348,-0.0031006300645787972
2017-05-29,-0.0031006300645787972,0.0024814523066551968,7.819148743230646e-05,0.0041871855796265945,-0.0042155232961007755
2017-05-30,-0.0042155232961007755,0.008163700763422686,-3.3311810975716865e-05,0.0038974663628637708,0.0038245199942626854
2017-05-31,0.0038245199942626854,0.007737403550555995,-0.000178701644535025,0.0040727762994351765,0.0064107218921609175
2017-06-01,0.0064107218921609175,0.004811932787525046,0.0004722450489315814,0.004638952587765977,-0.0024705630841269518
2017-06-02,-0.0024705630841269518,0.006706816228069803,0.00022431588439248348,0.004721554266361301,0.005781635295709812
2017-06-05,0.005781635295709812,0.003955176358722506,0.00047375071112825724,0.004889100179802415,-0.002129806388517568
2017-06-06,-0.002129806388517568,0.0033564868622582298,-0.0001237812733016394,0.004293135293896513,0.001295371377476745
2017-06-07,0.001295371377476745,0.0066273942377851475,7.890503504028758e-05,0.004214420949356638,-0.0014417352935042875
2017-06-08,-0.0014417352935042875,0.006547457842359807,4.501593140292309e-05,0.0034499799698150774,-0.006272006430605266
2017-06-09,-0.006272006430605266,0.00440170764812558,-0.0007494516233611922,0.004458903563815145,0.001533596439746188
2017-06-12,0.001533596439746188,0.0032961951793650988,-3.362699847859115e-05,0.003167876981359603,-0.0005151964433409355
2017-06-13,-0.0005151964433409355,0.0035213805711314656,-0.0002575982159726861,0.0031575331267557683,0.0011314867284345825
2017-06-14,0.0011314867284345825,0.008610303776962503,-0.00016811514004969446,0.003127418122963631,0.0006166547146009237
2017-06-15,0.0006166547146009237,0.008448753933682012,-3.369184503239253e-05,0.0032077358983242698,-0.006160839863208682
2017-06-16,-0.006160839863208682,0.005439163818930387,-4.459359355836052e-05,0.003159492290348147,0.005488135775370295
2017-06-19,0.005488135775370295,0.004767414640102419,0.0004371118145428633,0.004181469860050107,-0.005699907005050658
2017-06-20,-0.005699907005050658,0.004049109600221292,-1.1124391447653428e-05,0.0049484316535748085,-0.0006795750515412816
2017-06-21,-0.0006795750515412816,0.0023183622230373855,5.5770537955544134e-05,0.0048250231684955945,0.0027099826986903166
2017-06-22,0.0027099826986903166,0.0027783699411265683,-0.00011154081305033916,0.005113692508849733,-0.001573337331533338
2017-06-23,-0.001573337331533338,0.005591363451882156,-1.1119308036907549e-05,0.004268423557459063,0.004402570472360325
2017-06-26,0.004402570472360325,0.00411878993394267,-7.833954230973923e-05,0.003937371458342684,-0.0013652747414871296
2017-06-27,-0.0013652747414871296,0.013377360656623653,0.00025727596253516085,0.0026965580796241002,0.013817200221092344
2017-06-28,0.013817200221092344,0.007998867111887855,0.00020410028106112378,0.006269864177688869,0.003828564481944142
2017-06-29,0.003828564481944142,0.005017982482827857,0.00040976272527520424,0.006250172333122026,0.005169753787889567
2017-06-30,0.005169753787889567,0.004553993300652743,0.00010305345619305945,0.005474310080184176,-0.001623434279564029
2017-07-03,-0.001623434279564029,0.006043383163328613,-0.00017132680086431344,0.00628844816704443,-0.00453607873585738
2017-07-04,-0.00453607873585738,0.003630669126879465,-0.000341113873557104,0.007071533208002146,-0.0009888509651572001
2017-07-05,-0.0009888509651572001,0.004733259633027238,2.26667683870923e-05,0.0040276906979865015,-0.0011693597201411616
2017-07-06,-0.0011693597201411616,0.006904066713396973,0.0001702247849810738,0.0035461665519727847,0.0068427801095858175
2017-07-07,0.0068427801095858175,0.004843379518195489,0.0003084277812957912,0.004241029516906195,-0.001837701715489709
2017-07-10,-0.001837701715489709,0.0030086111445619974,-0.00022814703119887136,0.004258853693446925,0.006131251207802693
2017-07-12,0.006131251207802693,0.008380847416649965,0.0,0.004301654714371402,-0.004807464986444529
2017-07-13,-0.004807464986444529,0.0072445839179526355,-1.1379071423731396e-05,0.005170784567995082,-0.0013123920117594798
2017-07-14,-0.0013123920117594798,0.0065294721050954095,0.0,0.005186379312876512,0.006246082259973272
2017-07-17,0.006246082259973272,0.004441809983029941,2.2958570169144133e-05,0.005022702041224992,-9.183638917386693e-05
2017-07-18,-9.183638917386693e-05,0.009798997898470833,8.031503442377184e-05,0.00484368887734668,0.00655029783305211
2017-07-19,0.00655029783305211,0.0036844226034893693,1.1560077931439655e-05,0.0049520412914405565,-0.0018462368588922442
2017-07-20,-0.0018462368588922442,0.01473348983952342,-3.4639314774188626e-05,0.004148326305678492,0.008660672812457637
2017-07-21,0.008660672812457637,0.004725021619956844,5.812815648960885e-05,0.004586559439074654,0.0045455288539196816
2017-07-24,0.0045455288539196816,0.004280501969626866,1.1735648296921426e-05,0.004429820805472809,-0.0036730128113636957
2017-07-25,-0.0036730128113636957,0.006469780837416016,0.0,0.005360392824687828,0.0004889523241933991
2017-07-26,0.0004889523241933991,0.0033716666977199193,0.00010484131386643091,0.004985947549417705,0.007140275713109553
2017-07-27,0.007140275713109553,0.010238801694991041,-0.00019938771102990437,0.0050366906336433166,-0.003360330911062203
2017-07-28,-0.003360330911062203,0.007764891930870269,-0.00011696555257421729,0.004779656506125671,0.005003595982651434
2017-07-31,0.005003595982651434,0.008591135908299708,3.521414053750377e-05,0.004867509512470427,0.006517456509259816
2017-08-01,0.006517456509259816,0.003930826962756904,4.728628640224861e-05,0.0044766936958356325,-0.0010872165978424119
2017-08-02,-0.0010872165978424119,0.006150686314089625,0.00016544925023426866,0.004758263884914501,0.0033718824872047953
2017-08-03,0.0033718824872047953,0.00513465570718199,-2.3738392454168557e-05,0.004169395744502728,0.0028482358366718977
2017-08-04,0.0028482358366718977,0.012961917771643227,-0.0002377611662509243,0.002859477780489674,-0.009003661780450659
2017-08-07,-0.009003661780450659,0.002952899252959807,5.8907615955137905e-05,0.005975078309140975,0.001909827198615512
2017-08-08,0.001909827198615512,0.008970894746895934,5.899727066888432e-05,0.005113912217465475,-0.003933743568074327
2017-08-09,-0.003933743568074327,0.005778825010785477,0.00010578695197566515,0.005363007755395306,0.0005879322590374358
2017-08-10,0.0005879322590374358,0.005104557634229148,-0.0002704441708591086,0.00492747182247146,0.0007412406839569163
2017-08-11,0.0007412406839569163,0.007015579023531141,2.3497561368577246e-05,0.004535167946888798,0.004683757024378315
2017-08-14,0.004683757024378315,0.00564045124819669,-7.086226371769442e-05,0.0031133588954395737,-0.004212813668356419
2017-08-15,-0.004212813668356419,0.008785059860817424,-0.00010597922220158422,0.003712961969748163,-0.002939654885911989
2017-08-16,-0.002939654885911989,0.006294488149963254,0.00011738309618408851,0.0034986548190173573,0.002810170102040692
2017-08-17,0.002810170102040692,0.010467684975016121,0.0,0.003759620856352731,-0.005003297987145882
2017-08-18,-0.005003297987145882,0.0047765112297671495,-0.00015230174016711302,0.0043849300769883805,0.003473724677504832
2017-08-21,0.003473724677504832,0.0078942407796168,-8.233052155694547e-05,0.0040152958838881505,0.004725443074964282
2017-08-22,0.004725443074964282,0.006726994823176252,1.1808081733725132e-05,0.004303709144963949,-0.0042197846676600495
2017-08-23,-0.0042197846676600495,0.006383793184073435,0.00011757907522251717,0.004596059813963991,0.0046095726316787945
2017-08-24,0.0046095726316787945,0.002852675746697486,1.1702594303742046e-05,0.004896757099238064,-0.0012162816868652579
2017-08-25,-0.0012162816868652579,0.009271949544659765,0.0003304999187645005,0.0040018556492695655,0.012601173730479498
2017-08-28,0.012601173730479498,0.004872258924220923,3.580838067719932e-05,0.006465343434849884,0.0010044878799235918
2017-08-29,0.0010044878799235918,0.00868760637308333,-0.00010770040993904415,0.006474396352883253,0.0005504650901480018
2017-08-30,0.0005504650901480018,0.007468968675842477,1.195049269391691e-05,0.005505285554636314,-0.006455156902391667
2017-08-31,-0.006455156902391667,0.007044146619763823,0.0002854396025541781,0.006979250369815099,0.0014281759693642322
2017-09-01,0.0014281759693642322,0.010703324277025732,-3.583026582535641e-05,0.006839993856852786,-0.0023197286450906125
2017-09-04,-0.0023197286450906125,0.003683269888929889,2.3776541442210766e-05,0.0033050339262945456,0.0008915526757262396
2017-09-05,0.0008915526757262396,0.005695435953483113,-8.32851679138228e-05,0.003286893637249581,0.0025723291798226953
2017-09-06,0.0025723291798226953,0.0038171949325742534,3.5791857352638547e-05,0.0036567181864052755,0.00031007026908479087
2017-09-07,0.00031007026908479087,0.011839909811722976,2.388687177527231e-05,0.0018211994278800078,0.008456670882772186
2017-09-08,0.008456670882772186,0.006186582132137593,3.61731968700113e-05,0.004023653350778275,-0.0009498391490405942
2017-09-11,-0.0009498391490405942,0.00556792795727542,0.00019237656994262436,0.0036903301712542178,-0.0048553725898403035
2017-09-12,-0.0048553725898403035,0.00418089570686682,7.177333979293392e-05,0.0049137669514046755,0.0012684952800507596
2017-09-13,0.0012684952800507596,0.00921470250872222,0.0002514311911493569,0.004850740198188987,-0.007040230737258596
2017-09-14,-0.007040230737258596,0.005410462593699593,1.1830232158093743e-05,0.006025338664129408,0.0026074388715421597
2017-09-15,0.0026074388715421597,0.006976277935184735,-9.548510432353928e-05,0.004073054383892386,0.0013003754213913215
2017-09-18,0.0013003754213913215,0.004361160970989892,-2.386692759842686e-05,0.0043072178981940785,0.0018519597279447737
2017-09-19,0.0018519597279447737,0.003853698797270384,-0.0002033042927103452,0.003971566725911685,0.0027783834456705627
2017-09-20,0.0027783834456705627,0.0027149851114683507,-2.405486736306542e-05,0.004145930988543708,-0.010094523826527133
2017-09-21,-0.010094523826527133,0.007359737388632525,-7.118645429207129e-05,0.005501223480861355,0.006168672724767713
2017-09-22,0.006168672724767713,0.005182984180207421,5.9680180102408394e-05,0.00616417434410692,-0.0015397038475801963
2017-09-25,-0.0015397038475801963,0.0072960637296909285,3.5882421201853214e-05,0.00619137052822137,-0.00601701171679182
2017-09-26,-0.00601701171679182,0.008312019110253668,0.0,0.0065401434592825365,-0.005886836853223914
2017-09-27,-0.005886836853223914,0.006450579926109843,0.0004006919829121197,0.006181477671655769,-0.0030949455631941935
2017-09-28,-0.0030949455631941935,0.006876507853699016,-7.050822531709933e-05,0.004983836928789843,0.0027296467229846197
2017-09-29,0.0027296467229846197,0.004977713813226847,9.420863782929767e-05,0.0036098043830010288,0.0021702076480590985
2017-10-02,0.0021702076480590985,0.0064756978589206515,-2.3624532279504604e-05,0.004248559219889776,-0.006250154855581916
2017-10-03,-0.006250154855581916,0.006325198661263307,4.693906019670311e-05,0.0043043105414198295,0.0011741541657486819
2017-10-04,0.0011741541657486819,0.003347379262931366,-2.344033966796126e-05,0.0038743556177367098,0.000822629559822298
2017-10-05,0.000822629559822298,0.0064729837767301705,2.352355950390841e-05,0.00364681290540791,-0.0038255380743325205
2017-10-06,-0.0038255380743325205,0.005755302250059975,-0.00014053965599637223,0.0036565620839117997,0.0025682950913297697
2017-10-09,0.0025682950913297697,0.0025453049975264694,-3.522613759106007e-05,0.0037509099152805018,-7.0457239084023e-05
2017-10-10,-7.0457239084023e-05,0.006476101209805597,-2.3452181408207045e-05,0.00240840550507829,0.006218846333423547
2017-10-11,0.006218846333423547,0.005221246643768975,7.08351004269177e-05,0.003676178997417606,0.0042743566814671605
2017-10-12,0.0042743566814671605,0.004122671660020594,1.1855270456207622e-05,0.003917228992764314,-0.0028436443420639165
2017-10-13,-0.0028436443420639165,0.0057585549880793735,3.556718066112638e-05,0.0035720323540866118,-0.001501544931142891
2017-10-16,-0.001501544931142891,0.0033831328306464796,-8.273500955135327e-05,0.0038698433656160587,-0.0016526703470598411
2017-10-17,-0.0016526703470598411,0.004789682125770078,-4.729927219760908e-05,0.0040612443263260715,-0.0019205864297465773
2017-10-18,-0.0019205864297465773,0.004038686816151345,-8.242365230746737e-05,0.0028449591126140095,0.0019796105030956174
2017-10-19,0.0019796105030956174,0.007394770459727555,0.00014151191328131126,0.0018456588287024467,0.004468522795391605
2017-10-20,0.004468522795391605,0.007852600591636496,-0.0003318188419995148,0.0028365451907119334,-0.008000833040873344
2017-10-23,-0.008000833040873344,0.003823048456688044,-9.401052552796494e-05,0.004718706616427776,0.0004702904875673446
2017-10-24,0.0004702904875673446,0.0028345624614961006,0.0003292748793182722,0.004743577548257996,-1.1759635881293249e-05
2017-10-25,-1.1759635881293249e-05,0.005421832277612573,-7.045188957017428e-05,0.004687263417610728,0.005234651900610724
2017-10-26,0.005234651900610724,0.012128321563087562,-0.0001181792807923578,0.005259991522688547,-0.01564581794464382
2017-10-27,-0.01564581794464382,0.005860974789255046,-0.000151277640560434,0.008245641820636475,-0.0028122811584414065
2017-10-30,-0.0028122811584414065,0.0038516169055719017,-0.00023210737163788237,0.00786979698808737,0.004139812097083693
2017-10-31,0.004139812097083693,0.002861484546899048,0.0002447658781628865,0.00837697836901698,-8.164019452064136e-05
2017-11-01,-8.164019452064136e-05,0.0042158957696580325,1.1663497060184872e-05,0.008373266687015253,-0.0019787939054160286
2017-11-02,-0.0019787939054160286,0.005037275717292562,-3.485314933057351e-05,0.007418024974655887,0.00284140815238091
2017-11-03,0.00284140815238091,0.006989631523537682,-0.00011662166358298955,0.0030063974115079072,-0.004026851354010363
2017-11-06,-0.004026851354010363,0.0037682231280737086,-3.4791861536820915e-05,0.003361162108282502,-0.00019738548972792174
2017-11-07,-0.00019738548972792174,0.005271523711796542,6.970739422999998e-05,0.002543578771080047,-0.0009981989804078012
2017-11-08,-0.0009981989804078012,0.002445416139479352,-0.0001276081718136152,0.0025218302299566666,-0.0003596121387038146
2017-11-09,-0.0003596121387038146,0.005704665354601667,0.00011596527210202477,0.0024470182839483523,0.0043000786630653445
2017-11-10,0.0043000786630653445,0.004392892600894566,0.00013973150054740968,0.002980864069572394,0.001223701080318296
2017-11-13,0.001223701080318296,0.0031229608723638493,0.0,0.0021214896623427313,0.00032656489137086097
2017-11-14,0.00032656489137086097,0.00950041378571725,0.0,0.0020726743646646405,0.010907609447217186
2017-11-15,0.010907609447217186,0.006222646154045215,9.43220453872021e-05,0.004621117465409573,-0.0013080981138198554
2017-11-17,-0.0013080981138198554,0.003994779568980609,1.1741451616095693e-05,0.004822919761717735,-0.00387900941326029
2017-11-20,-0.00387900941326029,0.00695114869385895,-2.33701243443029e-05,0.0056294994087273675,0.0007980439055142195
2017-11-21,0.0007980439055142195,0.003507474476234527,0.00021132973114797513,0.0056370690326247395,-0.0003403883384462701
2017-11-22,-0.0003403883384462701,0.00533196558973786,-0.00031688428728093886,0.0056756627556898195,0.006582660069541397
2017-11-23,0.006582660069541397,0.003430759143999447,-3.551509704399372e-05,0.0038779862857966575,0.003313668861567561
2017-11-24,0.003313668861567561,0.008980852633927061,0.0002608329412791919,0.0039283013749405096,0.00609963059633493
2017-11-27,0.00609963059633493,0.004382757196870538,-0.00019077466104769166,0.003087302896032794,-0.0018111957909795597
2017-11-28,-0.0018111957909795597,0.004496644839657953,7.140107536209631e-05,0.0037609924457835467,-0.004786254653440127
2017-11-29,-0.004786254653440127,0.005477784050566081,-0.00014214882750858478,0.00500098934039812,0.00033187390605268443
2017-11-30,0.00033187390605268443,0.009680480281371112,0.00016598725901919437,0.004257436638124821,0.0038949725055720153
2017-12-01,0.0038949725055720153,0.007373931116127768,-7.143082555700766e-05,0.0043558575647898055,-0.003231052357120294
2017-12-04,-0.003231052357120294,0.004005417752436858,0.000237170856316299,0.003377632431964557,0.0006643836844994911
2017-12-05,0.0006643836844994911,0.005933872786663327,-7.121265202746137e-05,0.003432048162393114,-0.0029389064537555013
2017-12-06,-0.0029389064537555013,0.005662404399198402,0.0002011250102779314,0.0029356514541963447,-0.002422797988340597
2017-12-07,-0.002422797988340597,0.0027098149977907555,-5.897360083093576e-05,0.0030539062270846253,-0.0027231131814485885
2017-12-08,-0.0027231131814485885,0.003849634195639323,-0.0001883146888294017,0.001590026696820837,-0.0001882666154521876
2017-12-11,-0.0001882666154521876,0.0035309137259688064,5.884864897258335e-05,0.0016447531584049045,0.0006474925079881131
2017-12-12,0.0006474925079881131,0.0062883106472221995,3.5325992612501164e-05,0.001639148227891484,-0.002975242802169791
2017-12-13,-0.002975242802169791,0.003386356850766298,-8.212182493575921e-05,0.0016470449076066613,0.007910432083082026
2017-12-14,0.007910432083082026,0.007454798185330148,-0.00034323233234474906,0.004412195339958229,-0.005158903947455346
2017-12-15,-0.005158903947455346,0.004445333103856538,-2.3487054077713262e-05,0.0049619777601997124,-0.002669402938509293
2017-12-18,-0.002669402938509293,0.007762999458544111,-0.0002701473937169927,0.005113161634270306,0.0034585584970408443
2017-12-19,0.0034585584970408443,0.0047420687668254064,0.00011776389431843843,0.005409821846814697,0.00483143721251939
2017-12-20,0.00483143721251939,0.00600449561995179,0.00035519714247071184,0.005422196705418597,0.0031072487323386346
2017-12-21,0.0031072487323386346,0.003523636818723173,3.5629041261641416e-05,0.0043632541191222715,-0.0017564352044179
2017-12-22,-0.0017564352044179,0.0037475930340774995,0.00048612839221175266,0.003370833821881511,-0.00010667475836512538
2017-12-25,-0.00010667475836512538,0.0030287795897480053,-5.931925623725516e-05,0.0027329428817122556,0.0013881944230198205
2017-12-26,0.0013881944230198205,0.0025602932544368747,0.00010684509529799238,0.002592283471123283,-0.001234067632668466
2017-12-27,-0.001234067632668466,0.004620230392245262,-0.00026091189107953704,0.0019881157020473043,0.003611301394254342
2017-12-28,0.003611301394254342,0.00476905493378316,4.758262723218869e-05,0.0021716460143299233,0.0034333082699906565
2017-12-29,0.0034333082699906565,0.007103308987801679,0.00015525331800302498,0.00213489003220737,0.005280299334562936
2018-01-01,0.005280299334562936,0.0013331044134047645,0.0,0.0025007700979994855,0.0005523534177722327
2018-01-02,0.0005523534177722327,0.006026869873421541,6.0047017310810706e-05,0.0026184864313385657,0.004309459786959923
2018-01-03,0.004309459786959923,0.005151607891213257,0.00012067199178363087,0.0017685105620784103,-0.0044055338609388685
2018-01-04,-0.0044055338609388685,0.007239648340086799,-7.205382480261371e-05,0.003909509814660472,0.004851896369631849
2018-01-05,0.004851896369631849,0.0052241799425271065,0.00021725217395428002,0.00410135847096075,-0.0026034254630769985
2018-01-08,-0.0026034254630769985,0.0078324348166929,-0.0001685239284175306,0.004096976149964735,-0.005581836821075154
2018-01-09,-0.005581836821075154,0.004828837628305678,7.180684138934387e-05,0.004927057573971337,-0.003441541320087566
2018-01-10,-0.003441541320087566,0.007699373481570375,0.0,0.004114854416018388,0.0022451934756692197
2018-01-11,0.0022451934756692197,0.010710260818516023,0.00010759376662125632,0.004308626923801458,0.007163443657419676
2018-01-12,0.007163443657419676,0.009529932996061533,0.0,0.005127150752958284,0.012395577440172478
2018-01-15,0.012395577440172478,0.009093202341889598,-6.090965787641558e-05,0.007421881699166551,0.0062252298447128904
2018-01-16,0.0062252298447128904,0.006886162844162391,-0.00012270748081365674,0.005909544322083684,0.00023307764364815267
2018-01-17,0.00023307764364815267,0.009970752601514482,-1.233724310605541e-05,0.00471857870556005,-0.007140809171959861
2018-01-18,-0.007140809171959861,0.0071805524925880534,0.00020717235183678303,0.007474952098655595,0.004310183172470693
2018-01-19,0.004310183172470693,0.0060901273379633915,6.118363840391762e-05,0.007257375923016866,0.0015430167694837121
2018-01-22,0.0015430167694837121,0.004242334223451196,-3.6766712002370324e-05,0.0051334764797645255,6.12782288566978e-05
2018-01-23,6.12782288566978e-05,0.006804787453248818,-8.57795331784439e-05,0.00423705396249461,0.00439735155950313
2018-01-24,0.00439735155950313,0.008680591028935852,4.919576068121796e-05,0.004724381357500609,0.006545840132911253
2018-01-25,0.006545840132911253,0.011573422237452618,-0.0003964978936470132,0.002564705240982079,9.918292422570005e-05
2018-01-26,9.918292422570005e-05,0.008290165408904858,0.0,0.002854451187973714,0.0028791319849888757
2018-01-29,0.0028791319849888757,0.007553266663616432,-1.2373445550112133e-05,0.0028010740226357116,-0.00378339768589846
2018-01-30,-0.00378339768589846,0.009318168382332515,-4.948699127565525e-05,0.004007549425620274,0.002293139592610932
2018-01-31,0.002293139592610932,0.006121673814671562,9.924232853420014e-05,0.0038016821437695495,0.0007324958037122442
2018-02-01,0.0007324958037122442,0.00815836696735866,9.945768680236817e-05,0.0026183107529207956,0.007328950679841816
2018-02-02,0.007328950679841816,0.008482721240278875,-0.00021264457830636596,0.004007815656902847,-0.005053840607735393
2018-02-05,-0.005053840607735393,0.006154145852595866,-1.245045675919374e-05,0.0049725117254923274,-0.006377383172319716
2018-02-06,-0.006377383172319716,0.009084540560380563,-3.710749308198499e-05,0.005601094728423687,0.0010890581283255556
2018-02-07,0.0010890581283255556,0.010073960761138137,-1.232391365886669e-05,0.00549108597654065,-0.009181762489920852
2018-02-08,-0.009181762489920852,0.006354034920518933,-2.4486207463473767e-05,0.006627087483425879,-0.000600981855033339
2018-02-09,-0.000600981855033339,0.004814647402113905,0.0,0.0042149113204883945,-0.0006496959447372854
2018-02-12,-0.0006496959447372854,0.004961281398755623,-4.903249833128983e-05,0.004402176099104271,0.004150100441697588
2018-02-13,0.004150100441697588,0.006983822907900272,0.000209129196877986,0.004952357840238465,0.004056140127369198
2018-02-14,0.004056140127369198,0.0111434942117151,6.17614739068738e-05,0.005426151025400385,0.009146425433200864
2018-02-15,0.009146425433200864,0.0049318689917976204,1.2526084854567375e-05,0.004070048642527258,0.0029091421930713865
2018-02-16,0.0029091421930713865,0.010200046220836445,-0.000300040297661325,0.00351037492115197,-0.007362497093656409
2018-02-19,-0.007362497093656409,0.005395205994408671,0.0,0.00605647857645315,-0.0010668553718264204
2018-02-20,-0.0010668553718264204,0.007029503879245446,-3.7207527919346386e-05,0.0061667111680631485,-0.0051198390023570895
2018-02-21,-0.0051198390023570895,0.0037516839621091615,-1.2273203046035046e-05,0.006580868470748012,-0.004345012256307387
2018-02-22,-0.004345012256307387,0.00746149792720531,0.00012279774619055182,0.003999660024223698,0.0036420916071722422
2018-02-23,0.0036420916071722422,0.004422674708561578,4.9323785408857656e-05,0.0042742460759787665,-0.003212105009122603
2018-02-26,-0.003212105009122603,0.005891034489717092,-9.827126964249145e-05,0.003514383432545867,0.0023126013299230768
2018-02-27,0.0023126013299230768,0.009949422382154127,-3.697453809413099e-05,0.00403065419119251,-0.006946405230548163
2018-02-28,-0.006946405230548163,0.004392595884200232,0.0006726071848219401,0.00451236508232955,-0.003199213284151492
2018-03-01,-0.003199213284151492,0.005233716579247382,2.4348463474873594e-05,0.004371987925037668,0.00650694664057467
2018-03-02,0.00650694664057467,0.006328636175212602,-3.672075141149031e-05,0.005300344372727037,0.0036263787619993924
2018-03-05,0.0036263787619993924,0.005907893049267128,-0.0002463838143059578,0.005437562185966969,0.001713382605229048
2018-03-06,0.001713382605229048,0.007187996955349016,-9.865056462713468e-05,0.005392945105237837,0.006472901653150981
2018-03-07,0.006472901653150981,0.004393018943064226,-0.00021107611093543554,0.00402600303002858,-0.00016140177040260427
2018-03-08,-0.00016140177040260427,0.011151928388291982,-0.00012404642908063067,0.00293287661879181,-0.008738819743630995
2018-03-09,-0.008738819743630995,0.0047364511749444374,-9.840605437438158e-05,0.005759368815815055,0.00017221271392751176
2018-03-12,0.00017221271392751176,0.004115122712784967,1.2300000300236228e-05,0.005504500906745434,0.002501775781071896
2018-03-13,0.002501775781071896,0.006805784917179603,7.390997996314935e-05,0.005580498343542265,0.004266335039781299
2018-03-14,0.004266335039781299,0.005333102463096835,-4.953845073545361e-05,0.005002872549211311,-0.0013499625381387281
2018-03-15,-0.0013499625381387281,0.00535215489663944,2.4660033502967393e-05,0.005017393865818558,-0.005381152570823163
2018-03-16,-0.005381152570823163,0.005971597890779832,0.00012310593861691882,0.0037168737589884683,-0.0023114690130010985
2018-03-19,-0.0023114690130010985,0.005860585338276383,0.0,0.003858365645381756,0.004554221061101681
2018-03-20,0.004554221061101681,0.007234298228525837,-9.864813408630595e-05,0.004331707968559753,-0.006909380265738895
2018-03-21,-0.006909380265738895,0.0040155140704508175,0.00030629254529494456,0.00443341982517643,0.007785708051778046
2018-03-22,0.007785708051778046,0.00699644882119265,-8.639943530505494e-05,0.006371303092241332,-0.0018381487711449
2018-03-23,-0.0018381487711449,0.0032616474385642816,-8.626826781345435e-05,0.005862832890821229,0.002381543956155749
2018-03-26,0.002381543956155749,0.007816686075947349,3.7054138122194706e-05,0.005722994322415309,0.00831188172368744
2018-03-27,0.00831188172368744,0.00841542266728765,0.0001992722638181006,0.006472130249108627,-0.003990881759450981
2018-03-28,-0.003990881759450981,0.006867479267139838,-1.2393590457742372e-05,0.005537988921861727,-0.007897382931562176
2018-03-29,-0.007897382931562176,0.0042971545041780934,-0.00020931838594805593,0.006216790002015611,-0.0006029938609045437
2018-03-30,-0.0006029938609045437,0.0028848755122873565,2.461211214363551e-05,0.0061800502582589085,0.0009230866886203371
2018-04-02,0.0009230866886203371,0.005024537006964341,0.00011075866490498426,0.0060514084664346586,-0.0017470394477167334
2018-04-03,-0.0017470394477167334,0.006666197304932862,-4.91641941537664e-05,0.0034316417862711845,-0.001154869778581974
2018-04-04,-0.001154869778581974,0.004313700209340515,-7.368407665745729e-05,0.00339144125394729,0.0006755016584394306
2018-04-05,0.0006755016584394306,0.005830637898719445,-8.605116445076025e-05,0.0011544540897337721,-0.002870925082302187
2018-04-06,-0.002870925082302187,0.005057706307809996,4.894480164833416e-05,0.0016164473020581704,0.001618556583301758
2018-04-09,0.001618556583301758,0.005532427812070565,0.0,0.0018223428042483708,0.004144001211158943
2018-04-10,0.004144001211158943,0.006006415343422677,1.2286374294815323e-05,0.00267679401912456,0.0032954948055088436
2018-04-11,0.0032954948055088436,0.0032076284203630505,-6.180372582941612e-05,0.002735513431769539,0.0006925638918780253
2018-04-12,0.0006925638918780253,0.006412742541086811,-0.0003711252424883981,0.00273443697399396,-0.0033963667390498223
2018-04-13,-0.0033963667390498223,0.0032422244479038227,-0.0003082324449589062,0.002940765684768235,0.00023433623354313018
2018-04-16,0.00023433623354313018,0.005487793856218892,-3.6923534935331856e-05,0.0029649055144563468,0.0042513295822551745
2018-04-17,0.0042513295822551745,0.006187750243084344,3.715463992148628e-05,0.002993661724276222,-0.0009655845061456074
2018-04-18,-0.0009655845061456074,0.0042422609231330104,1.2332305930210903e-05,0.0027813108326206143,0.00048266805112577506
2018-04-19,0.00048266805112577506,0.005778774317046503,4.949985881946882e-05,0.002772895851935777,-0.0027196968051803935
2018-04-20,-0.0027196968051803935,0.007909095421110167,0.0001110571598649335,0.0025671747366227634,-0.005859248577880163
2018-04-23,-0.005859248577880163,0.0063098333708248005,-3.681021517464699e-05,0.0037529463623823117,-0.0052637028397498915
2018-04-24,-0.0052637028397498915,0.004078356706089121,-0.0001831405102610914,0.0027182289000852572,0.0026528923546068075
2018-04-25,0.0026528923546068075,0.005914110379263229,0.00042846984339027787,0.003666625580246567,-0.005712650234150854
2018-04-26,-0.005712650234150854,0.009054941972526664,7.306855613202881e-05,0.0036044436577570985,-0.00511110874201837
2018-04-27,-0.00511110874201837,0.005034118462736272,0.00016964405271076033,0.0036531740203656457,0.0010903377604621455
2018-04-30,0.0010903377604621455,0.005956517442337845,-0.0004728638466643392,0.004006714235999238,-0.003436890367874952
2018-05-01,-0.003436890367874952,0.008366788449010771,-0.00015706290783802486,0.003764089315514699,-0.007450468811979633
2018-05-02,-0.007450468811979633,0.006416682439880198,-4.7913810808228704e-05,0.0032490393117445148,-0.0033877940587112173
2018-05-03,-0.0033877940587112173,0.004887570126840832,-5.9645964297202475e-05,0.003129015415999368,0.003195912401978984
2018-05-04,0.003195912401978984,0.006903430914683034,0.0,0.004190641510660399,-0.0028613126228246057
2018-05-07,-0.0028613126228246057,0.006641317785505468,-5.982541746674853e-05,0.0038187697416519856,-0.0017797005116395965
2018-05-08,-0.0017797005116395965,0.00833853607372075,9.55064609721239e-05,0.003820298736314386,-0.005533851088539423
2018-05-09,-0.005533851088539423,0.0061154105191047565,9.493136813681368e-05,0.0032471168883007186,-0.0017430672818787454
2018-05-10,-0.0017430672818787454,0.00825051541194669,-3.551836691982307e-05,0.0031628850710541897,0.00591735512042152
2018-05-11,0.00591735512042152,0.006246580900214651,0.00019059064491071953,0.00426702306907222,0.0029002183504962887
2018-05-14,0.0029002183504962887,0.00380044852553607,4.7777183970884445e-05,0.004478952301890211,-0.0017554472898831247
2018-05-15,-0.0017554472898831247,0.009750514557480567,-7.163325929231735e-05,0.004476620309219101,-0.00928694064996898
2018-05-16,-0.00928694064996898,0.007468474692774293,-0.00014187060271713967,0.005758573746093861,-0.0003309314358126005
2018-05-17,-0.0003309314358126005,0.004931704462916633,0.00023631602091447236,0.005734944814787229,-0.0018417401567752197
2018-05-18,-0.0018417401567752197,0.006088901376109701,0.00027123264876808894,0.004471086585012119,-0.002426900758167098
2018-05-21,-0.002426900758167098,0.00512644854768354,0.0002470577529418417,0.0035279614222414827,0.002191086827304078
2018-05-22,0.002191086827304078,0.0058267971408260105,0.00030659725083790945,0.004274426837469755,-0.0003302127283434639
2018-05-23,-0.0003302127283434639,0.008890317193080245,-9.433872597623393e-05,0.0017889366966264485,-0.006673574838505587
2018-05-24,-0.006673574838505587,0.004880290366078784,0.0002576202648786255,0.003249392400966829,0.0010661932567612865
2018-05-25,0.0010661932567612865,0.0072401286804053356,-4.6877577122766174e-05,0.0034946718209563727,-0.0028795704251883274
2018-05-28,-0.0028795704251883274,0.010414579166619689,0.00011699017629288803,0.003538863350772329,-0.005315985270053203
2018-05-29,-0.005315985270053203,0.010789363547201274,-4.6443175544438587e-05,0.003255182369786309,-0.007563750116088786
2018-05-30,-0.007563750116088786,0.013078843311320728,0.00015002392943667874,0.0034687261422205354,0.011022910220800021
2018-05-31,0.011022910220800021,0.006949587926024406,9.339601288946726e-05,0.0073093977488930895,0.0022192132434978853
2018-06-01,0.0022192132434978853,0.007317608023616816,-1.1723857683377956e-05,0.007398042930497987,-0.002102537023960953
2018-06-04,-0.002102537023960953,0.006482814605661981,-0.00011665580296751754,0.007343611349880884,0.002734209840494974
2018-06-05,0.002734209840494974,0.005005837409773329,-0.00010533634536855115,0.006847864664318974,0.0021903341397488986
2018-06-06,0.0021903341397488986,0.007020470255004352,-3.517329302045598e-05,0.004783103828968748,0.0050432443457019025
2018-06-07,0.0050432443457019025,0.004874172056817058,0.00012958876759785752,0.0025842825382243494,0.0008253392859986731
2018-06-08,0.0008253392859986731,0.007085812810271504,0.0001179575096226479,0.002631746309326358,-0.0009549196576974336
2018-06-11,-0.0009549196576974336,0.0037562533408813823,-0.0002474826203384861,0.002232866429364375,-0.0008363539989248185
2018-06-12,-0.0008363539989248185,0.005547212816391296,7.067528513629901e-05,0.0024833318910973115,-0.002199270438669329
2018-06-13,-0.002199270438669329,0.004768875250452707,5.8754436391408334e-05,0.002822155293121802,0.005052684987134998
2018-06-14,0.005052684987134998,0.018018036208711192,0.00011803423820883021,0.002826059281864965,-0.020638107698380467
2018-06-15,-0.020638107698380467,0.007021206775647476,0.00027752417099447674,0.009763011442347336,0.002536267703775233
2018-06-18,0.002536267703775233,0.0049390442737555175,-9.282205887961206e-05,0.010145023673321705,0.0029962096356120605
2018-06-19,0.0029962096356120605,0.00977063984633135,5.8015514742845474e-05,0.01050814532878868,-0.0036336856020982174
2018-06-20,-0.0036336856020982174,0.00466918192826001,-6.943112966813771e-05,0.010519148475118601,-0.0008224597834486959
2018-06-21,-0.0008224597834486959,0.009863384836115235,0.0001737114001839055,0.009729965474117164,0.0023068753656377444
2018-06-22,0.0023068753656377444,0.006398558696252836,-0.00010445074161567118,0.002842643698887747,0.004781358516060751
2018-06-25,0.004781358516060751,0.006009226264072685,7.002940008029997e-05,0.003343086095604983,0.003539625505008509
2018-06-26,0.003539625505008509,0.005858218282652768,8.180375757378641e-05,0.0034268831441727553,-0.0044953797831452195
2018-06-27,-0.0044953797831452195,0.007578062950516661,0.0001864678004291011,0.0037402416138366183,-0.007463204842131897
2018-06-28,-0.007463204842131897,0.005963229927383348,0.00010413154804433735,0.005391328961991106,-5.783505454369426e-05
2018-06-29,-5.783505454369426e-05,0.010327206386081906,-0.00012720399738046356,0.005209853640868503,0.00994714712822947
2018-07-02,0.00994714712822947,0.00736126557095589,1.163672472745821e-05,0.006836547153876186,-0.003124912448468689
2018-07-03,-0.003124912448468689,0.004534145037552788,0.00011633404789356651,0.0066937678672428745,0.0014679804760208625
2018-07-04,0.0014679804760208625,0.0043236181179915146,-1.1655750476965578e-05,0.006450779522129984,0.0002681516744493763
2018-07-05,0.0002681516744493763,0.0059126519241519725,4.661321752538401e-05,0.00491144639081415,0.002873078600661516
2018-07-06,0.002873078600661516,0.00740375551013598,0.00017533992754179437,0.004823294452897564,0.004806882998706923
2018-07-09,0.004806882998706923,0.004076375826291026,4.696669696001714e-05,0.002976443439097104,0.0003996761874951096
2018-07-10,0.0003996761874951096,0.006036023695119257,-4.704490568054055e-05,0.0019024622183923376,-0.0025479448635795567
2018-07-11,-0.0025479448635795567,0.004843069621552783,-0.0002813988643435056,0.002799854225690417,-0.004294710183780235
2018-07-12,-0.004294710183780235,0.003979705157568025,9.331973628700168e-05,0.0037466978525972344,-0.0009336480898713101
2018-07-13,-0.0009336480898713101,0.005219160280795421,0.00018662682841400616,0.00345519195449269,0.0011321950635473854
2018-07-16,0.0011321950635473854,0.00423225423983298,1.1636180723768399e-05,0.0022051801596892112,0.002596160411045844
2018-07-17,0.002596160411045844,0.006903052559039167,-9.365267946932727e-05,0.0027637382216907577,-0.004812627760435433
2018-07-18,-0.004812627760435433,0.005285177606109481,-0.00038448905699150403,0.0032607389463344847,-0.0006524588597063798
2018-07-19,-0.0006524588597063798,0.006964015839369236,-4.6573371843540906e-05,0.0027863289813593586,0.0008155070803001822
2018-07-20,0.0008155070803001822,0.00809293522808423,3.498111428964199e-05,0.0028330338909138336,0.007416802719637017
2018-07-23,0.007416802719637017,0.005299076227711544,1.1675464721757195e-05,0.004479061706304599,-0.004077814856735979
2018-07-24,-0.004077814856735979,0.0050806616195769125,-0.0003858956809948058,0.004887385466720417,-0.0007364777587126888
2018-07-25,-0.0007364777587126888,0.003953165531652678,-0.00018695769646086938,0.004235003774171379,0.004438682606524418
2018-07-26,0.004438682606524418,0.007856486979504947,-0.0001995309550193116,0.004477760177677289,-0.008089604616353593
2018-07-27,-0.008089604616353593,0.0033884175586255784,-0.0001397396399692634,0.006267050915353298,0.0015031493557779215
2018-07-30,0.0015031493557779215,0.005982829001666719,-0.00023314111711901766,0.004870317419011451,0.004019211446705516
2018-07-31,0.004019211446705516,0.004728595770279599,-0.00010537653479376768,0.005095142219527825,-0.0015207742859472315
2018-08-01,-0.0015207742859472315,0.002848573143563069,0.0,0.005144056912570074,-0.002031950545646603
2018-08-02,-0.002031950545646603,0.0056415980409680695,0.00017497338861211455,0.004549889990222053,-0.00687094620857647
2018-08-03,-0.00687094620857647,0.004301552991609686,3.467538030506309e-05,0.0041006228026909215,-0.0020485936709178547
2018-08-06,-0.0020485936709178547,0.00338080893207431,8.09414115130445e-05,0.003863659341662283,-0.0003698943193174424
2018-08-07,-0.0003698943193174424,0.00493122065734963,4.620880003256662e-05,0.0025000413683299288,0.00387939481100834
2018-08-08,0.00387939481100834,0.004710036938303386,-3.493056061373174e-05,0.0038615199055182722,0.0006732375104906637
2018-08-09,0.0006732375104906637,0.005114985792333568,5.801269851765747e-05,0.003954710927405601,-0.007507102373803506
2018-08-10,-0.007507102373803506,0.012427060894377638,-0.00041484937410686404,0.004195812230861388,-0.011275742016472816
2018-08-13,-0.011275742016472816,0.005953395996768557,-0.00010251519997054257,0.0062551198513048365,0.0006839682303000879
2018-08-14,0.0006839682303000879,0.007321498804301212,0.0003534922207657227,0.006379058806591073,-0.004993251859406075
2018-08-15,-0.004993251859406075,0.004160556853518923,-0.00021555690576275028,0.0052161105998611255,-0.00012483080083799814
2018-08-16,-0.00012483080083799814,0.00616868678207301,0.0,0.0050276601938977,0.0023851641885435427
2018-08-17,0.0023851641885435427,0.00480699627938446,-7.96664658582547e-05,0.005539355577937603,0.0058162558222769525
2018-08-20,0.0058162558222769525,0.004733885196092686,-1.146458392002473e-05,0.003940027954497872,0.004677486716083236
2018-08-21,0.004677486716083236,0.0045675979600897955,0.00019527363106647833,0.004309837317033729,0.007404847816651862
2018-08-22,0.007404847816651862,0.006114741766923739,3.470310004749279e-05,0.002956671887413521,0.0006948261978871789
2018-08-23,0.0006948261978871789,0.0038346229458938973,-0.00012747865735669787,0.002678203998186665,-0.0035848160899412435
2018-08-24,-0.0035848160899412435,0.008457069210162694,4.616427065151418e-05,0.004439075276161392,0.009102781442062224
2018-08-27,0.009102781442062224,0.007186695357368587,0.0003844164629754223,0.005146907938659318,0.002974957959103103
2018-08-28,0.002974957959103103,0.005953522123073945,1.173372883802999e-05,0.005118925880229739,0.0006544181771762134
2018-08-29,0.0006544181771762134,0.0044738954111600325,-0.00015200592772124637,0.0046394855555862025,0.0015796090309269939
2018-08-30,0.0015796090309269939,0.006268654862681595,3.512345538242011e-05,0.0045954283149525045,-0.0038568234970335043
2018-08-31,-0.0038568234970335043,0.007960426075384972,-0.000105047415930645,0.004681034956952417,-0.005467329671144762
2018-09-03,-0.005467329671144762,0.003183212924144523,0.0002204628136276236,0.003645327913392666,0.0012420767865190061
2018-09-04,0.0012420767865190061,0.007104640790034906,0.0002091003296640691,0.003255496428265441,-0.00249423774492734
2018-09-05,-0.00249423774492734,0.007407789228642341,-0.00012745945832507777,0.0031159983178353197,0.004191522661239633
2018-09-06,0.004191522661239633,0.0041746564970589085,2.325796557163957e-05,0.00393530518831035,-0.0013023413584009917
2018-09-07,-0.0013023413584009917,0.007490135285317499,-0.00032540939742939265,0.0036737709417787533,-0.005088212679201461
2018-09-10,-0.005088212679201461,0.007504318607602338,0.00018501797840528734,0.0035544582733443688,0.0030103695028976135
2018-09-11,0.0030103695028976135,0.006550062565613708,0.00022025149800837944,0.003868849304035731,1.1616617293630954e-05
2018-09-12,1.1616617293630954e-05,0.006671497643639601,1.1616684766763699e-05,0.0036770189042880713,0.0028567736307313144
2018-09-13,0.0028567736307313144,0.007837971652419755,0.00023254235439085694,0.0033450422146523834,0.005363777321440373
2018-09-14,0.005363777321440373,0.0056087014860423294,0.0001169614615551283,0.004009628684259479,-0.005387046922890108
2018-09-17,-0.005387046922890108,0.006219206501458775,0.00046510111000712986,0.004127851856362965,0.0034481379521063144
2018-09-18,0.0034481379521063144,0.004395125938853779,0.0,0.004180918164866285,0.000922261926881197
2018-09-19,0.000922261926881197,0.005400685662029245,9.339674785378867e-05,0.004132569218273107,-0.00045540858189432155
2018-09-20,-0.00045540858189432155,0.0089220573635079,4.666640525310551e-05,0.004114270941708304,0.008641386999915996
2018-09-21,0.008641386999915996,0.005598497888921876,-1.1843926206873304e-05,0.005156588037073139,-0.0021173676071735976
2018-09-24,-0.0021173676071735976,0.0076393841421784695,0.0,0.004192548312325,0.00016453172755568672
2018-09-25,0.00016453172755568672,0.005097325392642649,-2.3429600592251617e-05,0.004183356516646343,0.0008700869206251829
2018-09-26,0.0008700869206251829,0.0040830290907462085,-0.00024700834195194544,0.004185007766778299,-0.001246155739867916
2018-09-27,-0.001246155739867916,0.008055798936317365,0.00011751302258430445,0.004287317178983187,-0.009506265183163436
2018-09-28,-0.009506265183163436,0.007081438385288637,4.650835454978222e-05,0.004158578487779178,-0.0027542106030115305
2018-10-01,-0.0027542106030115305,0.0048408414293933276,3.4822976014673724e-05,0.0041587726194177435,-0.0023995177924754293
2018-10-02,-0.0023995177924754293,0.006515266384464762,0.0,0.0038989024194493703,-0.002231905179333874
2018-10-03,-0.002231905179333874,0.006657271023508144,0.00011548955392340411,0.0033335019153625414,-0.0065514443949888455
2018-10-04,-0.0065514443949888455,0.006220818489276391,-9.181636768009847e-05,0.003228668307806208,0.003633144332951674
2018-10-05,0.003633144332951674,0.004754571717507267,4.605850941848521e-05,0.0036473179919571685,0.0003916613335415117
2018-10-08,0.0003916613335415117,0.006113272557189463,-0.00011523778707036167,0.0037671632865376465,-0.0024743353677267104
2018-10-09,-0.0024743353677267104,0.006225493200713091,-4.594287112869086e-05,0.0037721143846470894,0.001115539847432275
2018-10-10,0.001115539847432275,0.005330513267284502,0.0002531531189852819,0.003893006704583804,0.0022925758813270494
2018-10-11,0.0022925758813270494,0.005670662304581828,0.0001037846241634032,0.002294465629542582,0.004936896711930574
2018-10-12,0.004936896711930574,0.00626323825956523,0.0,0.002706734199906737,-0.0033787127696782524
2018-10-15,-0.0033787127696782524,0.0053698819119271,3.467622877397081e-05,0.003433996969324591,0.002776130660952263
2018-10-16,0.002776130660952263,0.004571824229289567,1.1526432012715985e-05,0.0030824843229416516,-0.0007063381347120403
2018-10-17,-0.0007063381347120403,0.0052108908215489766,-9.267890220398667e-05,0.00324960690998679,-0.006449661883067655
2018-10-18,-0.006449661883067655,0.0038670665302736372,0.0,0.004582581718355237,-0.0035590143590289915
2018-10-19,-0.0035590143590289915,0.007053734037298972,0.0004239654317277247,0.003473781749009499,0.004306794612387999
2018-10-22,0.004306794612387999,0.007787493112262865,-0.0001496434705477456,0.004426641000891194,-0.003618821551799291
2018-10-23,-0.003618821551799291,0.004344091100548817,0.00027533669477033544,0.004071230554753748,0.00045873224217338594
2018-10-24,0.00045873224217338594,0.007993451628770193,4.592715496029899e-05,0.004195610812349539,-0.006461454314165764
2018-10-25,-0.006461454314165764,0.005664587444709173,4.5597369994287294e-05,0.0041988993890663935,-0.0018790143987380253
2018-10-26,-0.0018790143987380253,0.005473972281244369,0.00023893961115722227,0.004086129742542648,0.0018334180682723267
2018-10-29,0.0018334180682723267,0.0045070281129748055,0.0,0.0032885443015306407,-0.001981368545787147
2018-10-30,-0.001981368545787147,0.0034869435571183486,9.096472915985479e-05,0.0031576728323506748,-0.002624516859612044
2018-10-31,-0.002624516859612044,0.004269692787834243,4.528460163839899e-05,0.0029477512322103406,-0.0026175181948033402
2018-11-01,-0.0026175181948033402,0.008785823522558514,0.00024897871837829225,0.0018701441445827605,0.007622510096303147
2018-11-02,0.007622510096303147,0.006993685402495285,4.558125297467077e-05,0.004419631216401222,-0.0005016012498707026
2018-11-05,-0.0005016012498707026,0.004488872735259741,4.560412336584789e-05,0.004359400030622122,0.0013457141043092423
2018-11-06,0.0013457141043092423,0.003927886900254338,0.0003765838412095154,0.00423748472737478,0.0022395351045813323
2018-11-07,0.0022395351045813323,0.00868798992008079,-0.00021724633754975306,0.003838844567665887,-0.0003889112093649832
2018-11-08,-0.0003889112093649832,0.0034246689597880807,6.850224175410781e-05,0.0033182398703976374,-0.005757617992678804
2018-11-09,-0.005757617992678804,0.0038847512268104564,-1.142961762056962e-05,0.003102548804034921,-0.0038237886881901163
2018-11-12,-0.0038237886881901163,0.008043159866789079,2.2631800500783848e-05,0.0034130419105400742,-0.008120992837308301
2018-11-13,-0.008120992837308301,0.006114641137845562,0.0008311863320934576,0.004142253640183174,0.006898682860815559
2018-11-14,0.006898682860815559,0.0066177886386249805,-0.0004298086182314637,0.005839737643409921,5.659312249609174e-05
2018-11-15,5.659312249609174e-05,0.006731861785168469,-0.00015836794405217733,0.005878285138670385,0.0011543485143173634
2018-11-16,0.0011543485143173634,0.008090935444937239,-3.4104049771702856e-05,0.00562489438118596,0.007833541738013036
2018-11-19,0.007833541738013036,0.005996307987957684,0.00015982125089899455,0.006403225163505776,0.0035904124545615974
2018-11-20,0.0035904124545615974,0.007481504114197656,2.2895335845437334e-05,0.003423114333246737,-0.007236214894346958
2018-11-21,-0.007236214894346958,0.004897440544593795,-2.2746097576775417e-05,0.005525504860611736,0.001399771088484465
2018-11-22,0.001399771088484465,0.004195433509287721,-4.553219759653454e-05,0.005495898267267508,0.00129913302540532
2018-11-23,0.00129913302540532,0.0076375260136176655,4.568632251867337e-05,0.005495001773724783,-0.005787459882789548
2018-11-26,-0.005787459882789548,0.004958854785392985,-0.0001360421777011377,0.004830252299497807,-0.0003514642433933732
2018-11-27,-0.0003514642433933732,0.005780930502612583,-7.940785927474461e-05,0.004087533864323123,-0.0030552182237152223
2018-11-28,-0.0030552182237152223,0.0035635766509762947,0.00014688617144781858,0.003088772376412562,0.006154085648589298
2018-11-29,0.006154085648589298,0.004564297209065637,0.0001705296098028726,0.004525122405598817,0.0021282563230342836
2018-11-30,0.0021282563230342836,0.007586524773345262,0.0,0.004614882083123747,-0.004444753317076851
2018-12-03,-0.004444753317076851,0.005145797057793643,3.405422841579414e-05,0.0042302135488886195,0.0011120969434071908
2018-12-04,0.0011120969434071908,0.0065584282784895455,-9.090895730365292e-05,0.004242976369131062,-0.001055343439309746
2018-12-05,-0.001055343439309746,0.003989027546843892,-6.79925529763924e-05,0.003920312692027361,0.0005445647806004922
2018-12-06,0.0005445647806004922,0.007833799916052925,0.00015884401895538625,0.0025663203040492545,0.00226102987934065
2018-12-07,0.00226102987934065,0.0043422469936073085,-0.0001820073429537015,0.0025987663966756916,0.002300368502689518
2018-12-10,0.002300368502689518,0.0073003339987237304,-0.0002507785739135089,0.0013892698508527195,-0.003902916391754538
2018-12-11,-0.003902916391754538,0.008081410331436705,0.0001362692891120943,0.0026001271625054833,-0.0029483233608125887
2018-12-12,-0.0029483233608125887,0.00567541705756135,2.263564383246086e-05,0.0029161906268953632,0.004437154988177638
2018-12-13,0.004437154988177638,0.005176847226564705,6.82382927305215e-05,0.0036433319777019963,-0.0008640370211150429
2018-12-14,-0.0008640370211150429,0.008398628314958842,3.4095019567394e-05,0.0035164174352478347,-0.005089346754260064
2018-12-17,-0.005089346754260064,0.004348216671281007,-6.789838269004536e-05,0.00375029384836083,0.003874133037778065
2018-12-18,0.003874133037778065,0.005670873397688378,-1.1448327971895366e-05,0.004182348420362482,0.0022498726790908695
2018-12-19,0.0022498726790908695,0.005651212480915591,-2.2740148014651492e-05,0.003942108159597583,0.0012406398541560727
2018-12-20,0.0012406398541560727,0.00935104822234105,0.00014801928940501823,0.0034590352521340546,0.005894325669239869
2018-12-21,0.005894325669239869,0.0075616721145847264,-8.021660773017588e-05,0.004150481711378011,-0.007362502855146589
2018-12-24,-0.007362502855146589,0.005833207375186658,6.824217691496091e-05,0.00508934859824918,0.002733204388363113
2018-12-25,0.002733204388363113,0.00455514907147632,-0.00010264129928415533,0.004962308240625946,0.001015549167608685
2018-12-26,0.001015549167608685,0.00378956346973179,0.0001826767692803893,0.004911992066251605,-0.004760354329909309
2018-12-27,-0.004760354329909309,0.006619233287445858,-0.00020445823864420165,0.00545165991528632,0.006119700433588459
2018-12-28,0.006119700433588459,0.0036943129897052365,1.1471533962244123e-05,0.00551822966679566,0.0007775629855240129
2018-12-31,0.0007775629855240129,0.0038123186712852846,9.149985139090195e-05,0.003946196026727541,0.0046324981013964464
2019-01-01,0.0046324981013964464,0.00739699210078206,-0.00010340094738914163,0.004215642910963738,-0.002731637394770495
2019-01-02,-0.002731637394770495,0.013199260596783611,3.442734633806406e-05,0.004646974162579685,-0.012608298115566716
2019-01-03,-0.012608298115566716,0.008111379482207895,6.793999918472e-05,0.007467310682463245,0.006426636088957116
2019-01-04,0.006426636088957116,0.006108191393694687,1.1407138566384313e-05,0.00753894526339211,0.0016987238668561887
2019-01-07,0.0016987238668561887,0.006067108765093204,-0.0002167362137489098,0.007595145691293137,0.006054385516065887
2019-01-08,0.006054385516065887,0.005372640344626752,3.4373286203701354e-05,0.00785819181197723,-0.0020641436330750672
2019-01-09,-0.0020641436330750672,0.008598086689500413,-0.00010311063240216767,0.007810637274857923,0.008594450913368567
2019-01-10,0.008594450913368567,0.005187561242687244,-2.3212103224105696e-05,0.004277467609858973,-0.0038864264493645136
2019-01-11,-0.0038864264493645136,0.006886201249539443,-0.00043738776086556605,0.0052714170684498305,-0.00435283427225836
2019-01-14,-0.00435283427225836,0.0027999287249261687,-0.00022920936393068915,0.006021955251042848,0.0011121961372727578
2019-01-15,0.0011121961372727578,0.009192181715239904,-2.296252287680305e-05,0.005323121935953257,-0.004898327287011697
2019-01-16,-0.004898327287011697,0.0038023917394875224,0.00023979528000172117,0.005718224867416633,-0.0016427589079669254
2019-01-17,-0.0016427589079669254,0.00309588230187807,-7.989814868440352e-05,0.00248077885405597,-0.0004784957874557275
2019-01-18,-0.0004784957874557275,0.004924014600648164,6.843737383801787e-05,0.0025520064820121905,-0.0023781934087444396
2019-01-21,-0.0023781934087444396,0.0026630627739170883,1.1432735761366709e-05,0.002240750135646971,0.0003296032683529126
2019-01-22,0.0003296032683529126,0.0033801048894663657,-2.2647458546238667e-05,0.0020149018793147533,-0.00046606963613473793
2019-01-23,-0.00046606963613473793,0.003653163371983805,2.265904287783272e-05,0.0010736546884010322,0.002127322710837133
2019-01-24,0.002127322710837133,0.007040097308370498,0.00010248995095976238,0.001626821282314756,-0.006583448410776002
2019-01-25,-0.006583448410776002,0.009351190865679801,0.0003167344123452151,0.003321542863310764,0.008760988515929479
2019-01-28,0.008760988515929479,0.004786420666056679,3.426076958044763e-05,0.005510738791214542,0.0014848026534814308
2019-01-29,0.0014848026534814308,0.003395428499196824,2.2841129928795123e-05,0.005508537464150673,0.0004686962359195961
2019-01-30,0.0004686962359195961,0.0036441324380535535,2.2830426641252268e-05,0.005459237847536213,0.004561711164055767
2019-01-31,0.004561711164055767,0.0054973050493222955,0.0001838134365234911,0.005661657343817568,-0.0033259073301630383
2019-02-01,-0.0033259073301630383,0.004658420499549016,-0.00011451601938568819,0.004541151038840521,0.0005039053289244775
2019-02-04,0.0005039053289244775,0.003247034357249123,-0.00017188573635577503,0.0028205117812011037,-0.0016595470915365055
2019-02-05,-0.0016595470915365055,0.003468616608206447,4.5866730046148186e-05,0.0029596584480280847,-0.0023074618573273305
2019-02-06,-0.0023074618573273305,0.0031171187228873475,0.00010271300252571586,0.003130938070222854,-0.003860612972666276
2019-02-07,-0.003860612972666276,0.0038749969977323164,-3.408572234043267e-05,0.0017040753729541055,-0.002395346293797252
2019-02-08,-0.002395346293797252,0.0025728454206882063,-0.00010207493856318644,0.0015876379519998614,-0.001280408356981286
2019-02-11,-0.001280408356981286,0.0051214398434775025,0.0,0.0009867122442400813,-0.004000844109966494
2019-02-12,-0.004000844109966494,0.005412434139998459,-0.000112865206922188,0.0011486512091370723,0.004918473500405294
2019-02-13,0.004918473500405294,0.005420375133121965,0.00016998748866837735,0.0036646301982459595,-0.0061695798826221495
2019-02-14,-0.0061695798826221495,0.0051161320492454955,7.895039576267088e-05,0.004174272292819407,0.002695914497866886
2019-02-15,0.002695914497866886,0.005596383073460932,5.646621547170082e-05,0.004588725056669132,0.00023722211329449253
2019-02-18,0.00023722211329449253,0.003478563646962931,0.00028243343209688536,0.004596485093046037,0.0012322692836785431
2019-02-19,0.0012322692836785431,0.005732540527028681,-1.1275896096516611e-05,0.00416530869416454,0.0027411608677647453
2019-02-20,0.0027411608677647453,0.003848365689956541,0.0,0.003684825837034506,0.00029495792912739876
2019-02-21,0.00029495792912739876,0.00381087863383279,0.0,0.0012319992293154355,-0.0002949579291274804
2019-02-22,-0.0002949579291274804,0.003263512473925951,0.00028352135414087826,0.001195492229428825,-6.799872349992361e-05
2019-02-25,-6.799872349992361e-05,0.00260222200477773,0.0001814390767841553,0.00124102737168598,0.0022255802146592192
2019-02-26,0.0022255802146592192,0.0028279864426118107,0.0001136902816624288,0.0014005587314827638,0.00225328383968603
2019-02-27,0.00225328383968603,0.003503405940879985,-9.112649717885938e-05,0.0012567789132349964,-0.001138629745206279
2019-02-28,-0.001138629745206279,0.005381926894916682,0.0002048312944499625,0.0015528812421028737,-0.0005916024068000906
2019-03-01,-0.0005916024068000906,0.004795011376989179,7.966466208733182e-05,0.0016003461685656088,0.000216102237530327
2019-03-04,0.000216102237530327,0.005745791255846746,5.690471070399616e-05,0.001578427772461868,-0.0033956403273075345
2019-03-05,-0.0033956403273075345,0.004054902905873553,-7.937995737053025e-05,0.0020548387147891786,-0.0026719963826242242
2019-03-06,-0.0026719963826242242,0.0029517925197077854,7.918321720673452e-05,0.0014888310979810247,0.0006107727107340299
2019-03-07,0.0006107727107340299,0.009823852985587531,0.0001357276620246331,0.0017773843444400625,-0.010276757477315702
2019-03-08,-0.010276757477315702,0.005222995530157359,-0.00032478813480410284,0.00437443553397343,0.00303939147306997
2019-03-11,0.00303939147306997,0.003104292116329326,0.0001235501695418263,0.0050414266558048764,0.0023841175775367028
2019-03-12,0.0023841175775367028,0.003915963793904645,3.3775878516953054e-05,0.005442524333664605,0.0025026548306310145
2019-03-13,0.0025026548306310145,0.003075112719985096,5.6505761844810384e-05,0.005625046456708043,0.00385648502303467
2019-03-14,0.00385648502303467,0.0036384363813338873,-0.00015862513661432109,0.005941714347178507,-0.0020036509660536087
2019-03-15,-0.0020036509660536087,0.003605042969987196,6.778758302265781e-05,0.002288369077688847,0.001006960990779451
2019-03-18,0.001006960990779451,0.011048986000314037,-1.1268115865717758e-05,0.0022274705788494233,0.0014500240764859019
2019-03-19,0.0014500240764859019,0.0025904643486737394,5.668342245460673e-05,0.0021785864172727386,0.0016450012745673303
2019-03-20,0.0016450012745673303,0.0027351805977187966,0.00015886791125447374,0.0020986713763057013,0.0064134108071521164
2019-03-21,0.0064134108071521164,0.007422677444258985,-0.00018282916080267946,0.0030198948744617426,-0.004640417885864895
2019-03-22,-0.004640417885864895,0.010242347268946687,9.097404378471727e-05,0.003923799482676181,-0.006982574004310345
2019-03-25,-0.006982574004310345,0.003647030205299792,-2.2583680715721164e-05,0.005369729646113828,0.0017637043133131368
2019-03-26,0.0017637043133131368,0.0043589691186044005,0.00011315616351297418,0.00539883569973068,-0.0036257832363158385
2019-03-27,-0.0036257832363158385,0.003803541690037468,3.383483967077192e-05,0.005423950082638175,-0.0020498839618826913
2019-03-28,-0.0020498839618826913,0.004251451397915545,3.379831622933694e-05,0.0032589045378478114,-0.0019334983338959073
2019-03-29,-0.0019334983338959073,0.0031323420902256488,4.490443953102355e-05,0.003163938970437147,-0.0005500201511865513
2019-04-01,-0.0005500201511865513,0.003595657129335004,3.377614424900468e-05,0.0020198689822547252,-0.0016149625564932128
2019-04-02,-0.0016149625564932128,0.002628070008959523,-2.2339798116308222e-05,0.001105732291750545,-0.00016809826851559137
2019-04-03,-0.00016809826851559137,0.004688207894174962,8.959703891363271e-05,0.0008514372649505164,0.0038390967308610242
2019-04-04,0.0038390967308610242,0.003610318375134147,0.00014618509895745325,0.0023118939475265557,-0.0018764497341418646
2019-04-05,-0.0018764497341418646,0.0026608436840087363,0.00011236336911685365,0.002300606784117043,-0.0005611678088361302
2019-04-08,-0.0005611678088361302,0.005217998322292944,-0.00022435227045666204,0.0023011886494231585,0.0032814920734817597
2019-04-09,0.0032814920734817597,0.00279933789352266,0.0,0.0025146703686184666,0.0009346878341712132
2019-04-10,0.0009346878341712132,0.00459994371216177,0.00018021703718746287,0.0024446292897022655,0.0008454413460726391
2019-04-11,0.0008454413460726391,0.0027829419454524344,3.382987842195697e-05,0.0019245451712645218,-0.0013973625671130883
2019-04-12,-0.0013973625671130883,0.005921743176227717,0.00012387460713485975,0.0017817336711622893,0.003926453887287985
2019-04-15,0.003926453887287985,0.002037040005196466,0.0001243383779842397,0.002133218310579834,-1.1282974956001002e-05
2019-04-16,-1.1282974956001002e-05,0.0025608279683539243,4.523964992716705e-05,0.0019534423846719064,-0.0017620218189264153
2019-04-17,-0.0017620218189264153,0.0037131732879694705,-1.1197176790322936e-05,0.0022735707267789213,0.0010726753274142547
2019-04-18,0.0010726753274142547,0.006043859451038259,-0.00031635938806241743,0.002288912857494467,-0.005430513022733237
2019-04-19,-0.005430513022733237,0.0016085255567881204,-1.1246078195467024e-05,0.003470981921831742,0.0007643436363329363
2019-04-22,0.0007643436363329363,0.0024088775438481547,0.0,0.002672530049082057,0.0012827031012071087
2019-04-23,0.0012827031012071087,0.006023367986925176,1.1223332673344903e-05,0.00285735072208155,-0.0030802152729997824
2019-04-24,-0.0030802152729997824,0.0037015957124236208,-1.1257703162845053e-05,0.0030226556610176455,-0.00633289171461129
2019-04-25,-0.00633289171461129,0.0037894540631701083,-0.00031231461995702176,0.0034843509518304285,-0.0014934894594870038
2019-04-26,-0.0014934894594870038,0.0044747173758486435,-2.2370945600603693e-05,0.003096569819640503,0.0012035870718230023
2019-04-29,0.0012035870718230023,0.0021884816160594994,0.00011152129372419136,0.003191292524123054,0.003126975986935249
2019-04-30,0.003126975986935249,0.004746445388274367,8.953342533248078e-05,0.003687869032382649,0.0027552885720882737
2019-05-01,0.0027552885720882737,0.0031719582059111613,-0.00020190000657768967,0.0039065511391607665,-0.0013562607830761623
2019-05-02,-0.0013562607830761623,0.003983951803900128,-8.971148658192186e-05,0.002196546087654073,-0.0024387022843649175
2019-05-03,-0.0024387022843649175,0.005316192863782707,8.941315203447464e-05,0.002471787734309635,0.0010956263111556311
2019-05-06,0.0010956263111556311,0.0021949549712381757,-0.00011178143266713802,0.002466297691684502,0.001432791484107263
2019-05-07,0.001432791484107263,0.0038843051722982007,-0.00023523776622643198,0.0021323897619207072,-0.0009629197866595418
2019-05-08,-0.0009629197866595418,0.0022729630733511535,0.0001343420886519288,0.0016562844124671798,0.0006492528629151659
2019-05-09,0.0006492528629151659,0.0067257883701058235,7.835533013730175e-05,0.001623212111129708,0.0021187176311267208
2019-05-10,0.0021187176311267208,0.003014733634261396,0.0003142131229936637,0.0011549033286310918,0.0012801764504052242
2019-05-13,0.0012801764504052242,0.003499003694742706,-2.2384804982199836e-05,0.0011669353974610329,-0.0003482529293695144
2019-05-14,-0.0003482529293695144,0.0036684360402029575,1.1249742370286756e-05,0.001234871902017699,-0.002501708789448315
2019-05-15,-0.002501708789448315,0.003774018111073522,7.852514874271313e-05,0.0017777825252020705,0.000246485180568758
2019-05-16,0.000246485180568758,0.004465331350348962,-0.00020173951143305773,0.0017636510599635846,-0.0030101684148013666
2019-05-17,-0.0030101684148013666,0.002423434564226137,-0.0001116906269908561,0.00182925925521863,-0.0007372774880440244
2019-05-20,-0.0007372774880440244,0.0023062830598647986,0.0,0.0014123058028929715,0.00029036522491189705
2019-05-21,0.00029036522491189705,0.0036482509689265722,-7.823167804494661e-05,0.0015396608150900662,-0.0011720120537771794
2019-05-23,-0.0011720120537771794,0.005674564343983623,3.3448797585189174e-05,0.0013492517697463468,0.002602643865678214
2019-05-24,0.002602643865678214,0.0030366799733028815,6.715232364094356e-05,0.002062466502037269,0.002239375060896092
2019-05-27,0.002239375060896092,0.0026984086471586633,0.0002914713772979965,0.0017111684819705447,-0.0014113484229800796
2019-05-28,-0.0014113484229800796,0.0024702722815980616,2.2364579277732998e-05,0.0018667404750750674,-0.0020687923774010642
2019-05-29,-0.0020687923774010642,0.004452304919657672,0.0,0.002203790170130959,-0.0029892075171091474
2019-05-30,-0.0029892075171091474,0.0024701683659822346,-8.904571780554346e-05,0.0025722598730391405,-0.0005567402489159767
2019-05-31,-0.0005567402489159767,0.004749245594342716,0.00011128433909098581,0.0019968351824537892,0.0038475888526603077
2019-06-03,0.0038475888526603077,0.004366468415835586,5.579883230027567e-05,0.002659910498964372,0.006445830078431998
2019-06-04,0.006445830078431998,0.0044473798967871216,6.741960371265765e-05,0.004046599854365364,0.0006863168436886033
2019-06-05,0.0006863168436886033,0.005746686296835223,-9.002882087366536e-05,0.0037086647409257747,-0.0022258578473965626
2019-06-06,-0.0022258578473965626,0.0074822861016856125,0.00015725040082394538,0.003487459169176404,0.00421982834453577
2019-06-07,0.00421982834453577,0.008425574776619354,9.018285128169735e-05,0.0033882768377604578,0.003864012256703093
2019-06-10,0.003864012256703093,0.0030846555341618336,0.00010194766377660487,0.0033898026323223216,-0.0001811446154029547
2019-06-11,-0.0001811446154029547,0.0024676869824006424,-2.264461509492808e-05,0.0027430767875881033,0.0010077795044543913
2019-06-12,0.0010077795044543913,0.0030454901146257075,1.1258675756661927e-05,0.0027296334657360604,-0.0029977898381629686
2019-06-13,-0.0029977898381629686,0.0029961666164139483,0.00022589802646405936,0.0029908505674892927,-0.0013432139022485834
2019-06-14,-0.0013432139022485834,0.006690146873172433,7.905327154777637e-05,0.002585804566283239,-0.005635586181714624
2019-06-17,-0.005635586181714624,0.003623023602418991,8.981050408775963e-05,0.0025910855153944714,0.0006731322746558854
2019-06-18,0.0006731322746558854,0.0054966715803514915,-0.0002245700916171648,0.00275026682936391,-0.0023543285384641957
2019-06-19,-0.0023543285384641957,0.0029825187800639106,6.717692026717038e-05,0.0023111670908512677,0.0035898806005276213
2019-06-20,0.0035898806005276213,0.007059013711027533,0.00023606685668015094,0.003438969798969231,0.005070115747244044
2019-06-21,0.005070115747244044,0.0044039111213926615,0.0002146007012471119,0.004358562642569202,0.007858698550878718
2019-06-24,0.007858698550878718,0.002403405415949581,0.00014797692607206823,0.003947092477650494,0.001366994847334753
2019-06-25,0.001366994847334753,0.003121424141529936,1.1293344089700243e-05,0.003857439595056792,-0.0026640390021479346
2019-06-26,-0.0026640390021479346,0.0033997286591694958,0.00012509664056274824,0.003967949967370159,0.00042076235336564207
2019-06-27,0.00042076235336564207,0.003043649679925264,1.1318706909001578e-05,0.0041096024248997035,-0.0001592063874156251
2019-06-28,-0.0001592063874156251,0.002822653130425987,0.00013649210877477575,0.0039247951963805455,-0.0007048372340149661
2019-07-01,-0.0007048372340149661,0.005439292405287283,0.00011371612657276275,0.0015049265231530363,-0.006841027998014664
2019-07-02,-0.006841027998014664,0.0039246578901454875,3.390269082825147e-05,0.002949662030625404,0.0004967823546674645
2019-07-03,0.0004967823546674645,0.0030914250481431974,0.00019194459832742137,0.0031036887577992047,-0.000451686928460923
2019-07-04,-0.000451686928460923,0.0021101437814650998,0.0,0.0030015651335145725,-0.00019180164220283647
2019-07-05,-0.00019180164220283647,0.007062484215249349,-2.2603832659390558e-05,0.002997871334742338,-0.005189307743699327
2019-07-08,-0.005189307743699327,0.0025688544081537397,-4.4910995007872165e-05,0.003337667989018402,-0.0010099377256192056
2019-07-09,-0.0010099377256192056,0.0023858771547479625,0.0001121428489428384,0.002257336382175807,-0.0006951303941730276
2019-07-10,-0.0006951303941730276,0.005388867516733257,0.00032503091251444554,0.00208020577342133,0.0045046519407322076
2019-07-11,0.0045046519407322076,0.0032149554084285256,-0.0002139387047085887,0.003443396486825608,-0.0005740370210267257
2019-07-12,-0.0005740370210267257,0.003399973938441752,0.00019126060873854358,0.003438630801482533,0.001745659265439037
2019-07-15,0.001745659265439037,0.002688965216893066,2.2632406983980062e-05,0.002346157434588371,-0.000912672079438287
2019-07-16,-0.000912672079438287,0.005090898159172552,7.876089631574072e-05,0.002327789619770407,-0.0044048128062413846
2019-07-17,-0.0044048128062413846,0.0028840464683825154,-8.962004291150777e-05,0.0033120361603549667,0.001548420031514653
2019-07-18,0.001548420031514653,0.003658980627614752,0.0001683915653875278,0.0024829646557562595,0.0028339516693954517
2019-07-19,0.0028339516693954517,0.00500632803929016,0.0,0.0028974196331526298,-0.003844110215074048
2019-07-22,-0.003844110215074048,0.001671307001817844,2.2422029782406423e-05,0.0031966083950646803,-0.0010875570533576903
2019-07-23,-0.0010875570533576903,0.005454359775200338,0.00010085726547866454,0.0031969746734467025,-0.004907467549869097
2019-07-24,-0.004907467549869097,0.002304809815239989,2.234304332755878e-05,0.003336046888068396,-0.0007913887906001747
2019-07-25,-0.0007913887906001747,0.007458154001235468,1.1126746805634028e-05,0.003022559880454858,0.00033427774684148016
2019-07-26,0.00033427774684148016,0.00337013303421297,8.909812270342501e-05,0.002212391438155034,-0.0012586424965774683
2019-07-29,-0.0012586424965774683,0.002703913928797647,0.00011138153262059862,0.001980973052920388,0.0009801032980864398
2019-07-30,0.0009801032980864398,0.0022296937610511163,7.810208091760745e-05,0.0022911298145730833,0.0013379691883316093
2019-07-31,0.0013379691883316093,0.0032846199465875327,5.566556895446813e-05,0.001118081522675454,-0.007758017936413691
2019-08-01,-0.007758017936413691,0.004102651121871156,-4.425034108312159e-05,0.003759409528373513,0.0006423671708644623
2019-08-02,0.0006423671708644623,0.0039204310139180415,-0.00026591816583590547,0.0037946956671494037,0.0026290992844662667
2019-08-05,0.0026290992844662667,0.008287216034793408,5.5593900082736176e-05,0.0041629900529932965,0.012147950516988368
2019-08-06,0.012147950516988368,0.007030130387353738,0.00010115555911826707,0.007083021575509666,-0.0032778523360136405
2019-08-07,-0.0032778523360136405,0.00535958158970022,0.00010084935797362577,0.007449589960148512,-0.00023531912498826624
2019-08-08,-0.00023531912498826624,0.003922907958861122,-4.4790493265878355e-05,0.005859723862630495,-0.0015338026478229872
2019-08-09,-0.0015338026478229872,0.00319676402233859,-1.1188548893159481e-05,0.00609717622764179,0.0019035649861258426
2019-08-12,0.0019035649861258426,0.0059727487885768375,0.00014562277510438384,0.00608547758736056,0.000874715743938375
2019-08-13,0.000874715743938375,0.0044641154085940755,0.0,0.0020317194041927877,-0.003684014354080683
2019-08-14,-0.003684014354080683,0.004567409066174942,-4.468659816945591e-05,0.0021758678972099415,-0.003024408733292059
2019-08-15,-0.003024408733292059,0.005691144754634505,-0.00015595020631848627,0.002423288509176665,-0.0026708564106834526
2019-08-16,-0.0026708564106834526,0.004150278882393783,0.0001999810532972037,0.0025261895344403963,-0.001776590511615778
2019-08-19,-0.001776590511615778,0.001965464095491618,0.0,0.0017771788588284785,-0.0009646611520012486
2019-08-20,-0.0009646611520012486,0.002713605111890564,5.550350607903226e-05,0.0010674588715143076,0.0013197377273767932
2019-08-21,0.0013197377273767932,0.0016758143076150995,-6.659417210749691e-05,0.0017305610297232053,-0.0006323495735885972
2019-08-22,-0.0006323495735885972,0.004461597148378697,3.332147733671965e-05,0.0014914168546597839,-0.0006098411473298048
2019-08-23,-0.0006098411473298048,0.00866180458976609,6.647070357518809e-05,0.0011381191019928627,0.005312309309738264
2019-08-26,0.005312309309738264,0.003957968528817203,0.0,0.0026338285237237254,-0.003537256893122397
2019-08-27,-0.003537256893122397,0.0026760524972660807,0.00023324005878680378,0.0032618963611315507,-0.0012317467317716595
2019-08-28,-0.0012317467317716595,0.0023056003439750616,0.0,0.003275824350105132,-0.00037704624230177567
2019-08-29,-0.00037704624230177567,0.0030638229417453188,4.4305453409858456e-05,0.0032682079833430246,-0.002159328985370535
2019-08-30,-0.002159328985370535,0.006757200924108286,0.00021018629619860973,0.003400750536164324,-0.006362502791238596
2019-09-02,-0.006362502791238596,0.003519517913242127,7.689911530204945e-05,0.0023427278927445113,-0.0021191385919892562
2019-09-03,-0.0021191385919892562,0.004277223650922237,0.0001097819881889649,0.0023066705062387925,0.0005485905007386359
2019-09-04,0.0005485905007386359,0.005673296791663914,8.777549201802483e-05,0.0026531222455224847,0.005491346018407023
2019-09-05,0.005491346018407023,0.005842945362135586,-0.00023166776272339333,0.0043547910955133735,0.00012141682649037292
2019-09-06,0.00012141682649037292,0.0032795675231002013,0.0,0.004311786680200783,-0.001422711981305087
2019-09-09,-0.001422711981305087,0.0044575492770720215,-1.1033148337001674e-05,0.002983834507645942,0.0025158795130875685
2019-09-10,0.0025158795130875685,0.0025066750797956075,9.949140683459164e-05,0.002659827022151594,0.00017672051437775128
2019-09-11,0.00017672051437775128,0.006519526215110292,5.5236817064724186e-05,0.002696313952802857,-0.0033426925327245337
2019-09-12,-0.0033426925327245337,0.013433623870221513,-8.8207539460767e-05,0.0021686252500393373,0.004061228432765623
2019-09-13,0.004061228432765623,0.004654522169537295,5.530495236962178e-05,0.0029690652165199243,0.0022695435289529064
2019-09-16,0.0022695435289529064,0.008059859969935584,-6.646554922806394e-05,0.002860282050271203,-0.007013239349717472
2019-09-17,-0.007013239349717472,0.006831985641955471,0.00017614885943633698,0.004446140369045135,0.006226583852135981
2019-09-18,0.006226583852135981,0.0036434401661720153,3.315459633061103e-05,0.005472764766555238,-0.003912760857539547
2019-09-19,-0.003912760857539547,0.004664657122954984,0.0,0.005576237758611953,0.001545621897768486
2019-09-20,0.001545621897768486,0.006353691068644278,0.00022102051907877616,0.005259490591117082,-0.0026701114277863374
2019-09-23,-0.0026701114277863374,0.005422763511687531,-4.4029278280277255e-05,0.005147825664983802,-0.0023003809903156002
2019-09-24,-0.0023003809903156002,0.0026193307607737543,0.0,0.004142564225915675,0.002101950365998579
2019-09-25,0.002101950365998579,0.006439030956517322,0.00011016612575603939,0.002695163099241637,-0.0058218563359692605
2019-09-26,-0.0058218563359692605,0.0038505823000335045,9.861702145029065e-05,0.003275394445970092,-0.0027564192221066833
2019-09-27,-0.0027564192221066833,0.004814208085634224,-3.2849607403537566e-05,0.0028339625316437674,0.0018257472434580673
2019-09-30,0.0018257472434580673,0.005522792631425056,9.849093153463906e-05,0.0033493280344433617,-0.003942544389598497
2019-10-01,-0.003942544389598497,0.005121020376133753,4.35310602317843e-05,0.0035361954280984814,0.00323157095816303
2019-10-02,0.00323157095816303,0.004819309944848352,-4.371386452255793e-05,0.0038623550646136495,0.0026277761845698395
2019-10-03,0.0026277761845698395,0.005147859753794323,0.00015344270067893506,0.003302598368781182,0.0010641256168011464
2019-10-04,0.0010641256168011464,0.003018306650571348,4.388244977903448e-05,0.0028608043026672044,0.001021221175843762
2019-10-07,0.001021221175843762,0.003403345729948882,0.0,0.0028223983869554987,-0.0013175672354694208
2019-10-08,-0.0013175672354694208,0.004678680890777904,-5.486390221385487e-05,0.0017660504177976182,-0.0010965267988037083
2019-10-09,-0.0010965267988037083,0.0033258636091373904,-1.0876536840654791e-05,0.001655423761374679,0.0025240028453327565
2019-10-10,0.0025240028453327565,0.004862628045408164,0.00017589706690304758,0.0016217560997980251,0.0021118508038712965
2019-10-11,0.0021118508038712965,0.005277628735036361,-0.00030834758272920185,0.0017824397906844101,0.0017214227218684101
2019-10-14,0.0017214227218684101,0.002524361160568478,0.00016765597383292763,0.0018454279598951386,-9.046477989097708e-05
2019-10-15,-9.046477989097708e-05,0.004777880544555394,0.0002867290817782263,0.0015538650438873213,0.0005185753331736073
2019-10-16,0.0005185753331736073,0.004780048830023984,6.622740502964593e-05,0.0011025662653960941,0.003636940737031958
2019-10-17,0.003636940737031958,0.006689753762165745,5.759009458984658e-05,0.0014535254729841048,0.004706823401557925
2019-10-18,0.004706823401557925,0.00421462760754639,0.0,0.0020371589760884864,0.002562558558288225
2019-10-21,0.002562558558288225,0.0036464635800313484,-3.344581313450207e-05,0.002032944887035644,-0.00035686656150583955
2019-10-22,-0.00035686656150583955,0.0032286206105142734,-2.2234154076487843e-05,0.002112122204321003,-0.002016512323627505
2019-10-23,-0.002016512323627505,0.0022780819552515636,-3.3418178374897275e-05,0.00280979004989583,0.0002782411876379464
2019-10-24,0.0002782411876379464,0.00645369791922105,-2.227283581386334e-05,0.0026285654839367607,-0.0025570968400006238
2019-10-25,-0.0025570968400006238,0.004096869530471103,-4.444402934742988e-05,0.0020312062504052233,-0.0017751204828273918
2019-10-28,-0.0017751204828273918,0.0026639699303721938,-4.4307912027686555e-05,0.0011935987934392383,0.0013421613323956986
2019-10-29,0.0013421613323956986,0.003938611745420979,-0.0002996747063806635,0.0016705926079403335,0.0014106152649588333
2019-10-30,0.0014106152649588333,0.002033938152149385,0.00023343611960511534,0.0018179537643083445,0.003563011187457375
2019-10-31,0.003563011187457375,0.0038711929297480492,2.2336565010358715e-05,0.0025193832485363075,0.00023423408127475206
2019-11-01,0.00023423408127475206,0.003912917864411644,8.922445356967804e-05,0.0019450104677913446,0.0008483186461446384
2019-11-04,0.0008483186461446384,0.0031348752172338963,-0.0002568944734709229,0.0012563541352959178,-0.0034110980809337267
2019-11-05,-0.0034110980809337267,0.006681519963844565,2.2281513424665398e-05,0.002534545994438805,-0.004895684739124028
2019-11-06,-0.004895684739124028,0.002494911035974212,-2.2066940332607995e-05,0.0034055826689599993,-0.0003432343040610424
2019-11-07,-0.0003432343040610424,0.004821719046161739,-2.2182193771584568e-05,0.0025021158856700174,-0.004590274687228495
2019-11-08,-0.004590274687228495,0.0018451984813487503,-0.0013509430187249169,0.002588396965996095,0.0002491037604669932
2019-11-11,0.0002491037604669932,0.0023953378082788835,-3.298509722492592e-05,0.0024031026800340224,0.0011799926648196426
2019-11-12,0.0011799926648196426,0.0033799593225260476,5.520325221696153e-05,0.002850362651574886,-0.002094506567395076
2019-11-13,-0.002094506567395076,0.0017614501567086605,2.2083564858741217e-05,0.0022781706220449892,7.707129932540324e-05
2019-11-14,7.707129932540324e-05,0.002452006834402133,0.0004074807532210795,0.0023213329793522267,0.0006610320661621835
2019-11-15,0.0006610320661621835,0.0036798525073491045,-0.0002204029068958857,0.0012533195572255065,0.003134730585158303
2019-11-18,0.003134730585158303,0.0033468881693142828,9.943094655565054e-05,0.001890664444562136,0.0015599736293654563
2019-11-19,0.0015599736293654563,0.0018942381203953522,1.1089501536595786e-05,0.001927502527508682,0.0006901025558301477
2019-11-20,0.0006901025558301477,0.0026314263400203496,-2.9909013124139512e-05,0.0011917626415063193,-0.0001030761451725312
2019-11-21,-0.0001030761451725312,0.002947720807637841,-1.1082747884486349e-05,0.0012369920681311493,-0.001173751261188495
2019-11-22,-0.001173751261188495,0.004515918234732532,2.2084534426572082e-05,0.0016393224917058856,-0.0039206455924227866
2019-11-25,-0.0039206455924227866,0.002511897608538505,-0.0001432785439785651,0.0021173160039751264,-0.0007381815159191847
2019-11-26,-0.0007381815159191847,0.0016861168800766009,0.000220296793366371,0.0017519823767370589,0.0007381815159192047
2019-11-27,0.0007381815159192047,0.0026493565709277433,4.412724740719975e-05,0.0017640051985821957,-0.0016079721459086524
2019-11-28,-0.0016079721459086524,0.0016082907077257032,-0.00011004536555207463,0.001691168395391682,0.0006275423045720938
2019-11-29,0.0006275423045720938,0.003981234847496599,4.406226832124273e-05,0.001912887963710764,0.0006609029720220995
2019-12-02,0.0006609029720220995,0.007751657878093667,0.00012128987945776826,0.0010589595036306291,0.005436089218695758
2019-12-03,0.005436089218695758,0.002360061145962598,0.00027692709724670776,0.0025814990462366054,0.0005540853176035471
2019-12-04,0.0005540853176035471,0.00410561246623016,0.0003103454322154479,0.002590511727664039,-0.00019950418705007048
2019-12-05,-0.00019950418705007048,0.0022537079481469696,3.323719287058986e-05,0.0022751760880806646,0.002019123089264813
2019-12-06,0.002019123089264813,0.006309096455806498,0.00011111255444112585,0.002239474810395782,-0.004200130717519964
2019-12-09,-0.004200130717519964,0.0023811915831938105,9.842652319895903e-05,0.0035003536091173402,0.0005519736322186549
2019-12-10,0.0005519736322186549,0.00307369432632442,4.3096064359863205e-05,0.0023475837271057483,0.002504942866564743
2019-12-11,0.002504942866564743,0.002437113592620296,-9.982593323009749e-05,0.0026573326386979653,0.003878867315365377
2019-12-12,0.003878867315365377,0.0037283354996673957,0.00023385175469122253,0.0031153411564343665,0.004497849743318054
2019-12-13,0.004497849743318054,0.006082562613596659,0.00023482781034952143,0.0035011449197456684,-0.005521771250448632
2019-12-16,-0.005521771250448632,0.00309048321912639,-6.675598181279887e-05,0.0040421408985197825,0.001124222275714461
2019-12-17,0.001124222275714461,0.003796894813961038,-1.1131953791687963e-05,0.004027905697512251,0.0012927328987956917
2019-12-18,0.0012927328987956917,0.0036001024538465944,-1.1117572606301098e-05,0.003973118038279992,-0.0031842980116769575
2019-12-19,-0.0031842980116769575,0.002928882767046203,0.0,0.003973464243123582,0.0009008548009907165
2019-12-20,0.0009008548009907165,0.004640141774669136,0.00020029468717538517,0.003105222109076061,-0.004152561824686467
2019-12-23,-0.004152561824686467,0.0023509744100882347,0.0,0.0026410009761216064,0.001263934968798012
2019-12-24,0.001263934968798012,0.0024252651377861143,7.758871468920937e-05,0.002667109928752304,-0.0003327368246873999
2019-12-25,-0.0003327368246873999,0.0027741281591746178,-0.0001109184249798611,0.0024414508250892447,0.0004770388220483902
2019-12-26,0.0004770388220483902,0.0019965529030113427,3.330743232789298e-05,0.0021972394127232537,0.0005104234111590525
2019-12-27,0.0005104234111590525,0.007267811776561178,-1.116790755721566e-05,0.002147210403569298,0.007286623560670526
2019-12-30,0.007286623560670526,0.0035005981090137374,6.705922790414432e-05,0.003096117566217937,0.0017862810709916835
2019-12-31,0.0017862810709916835,0.0035966154909649376,-0.00019502072613867557,0.0030805493678349306,0.0016526425861239922
2020-01-01,0.0016526425861239922,0.006141801230272555,0.0,0.0028313464338348923,0.0
2020-01-02,0.0,0.005374328394869251,0.0001683114041493795,0.002916677705914991,-0.004411210053900604
2020-01-03,-0.004411210053900604,0.004921632378753769,5.591864136463439e-05,0.004198258980600155,-0.0008486965705175967
2020-01-06,-0.0008486965705175967,0.004492952347834334,-4.464023971595138e-05,0.0025217995458131238,0.0032231383954302996
2020-01-07,0.0032231383954302996,0.005768633592443503,0.00019378732735226138,0.0028839815420745574,-0.00387033975832015
2020-01-08,-0.00387033975832015,0.004871184158034077,-8.922743785389098e-05,0.003105174150294452,-0.0037298266820401005
2020-01-09,-0.0037298266820401005,0.002442923454457241,-0.00011101014729276819,0.0031970578694783037,-0.0001889169480695333
2020-01-10,-0.0001889169480695333,0.0031290648875686405,0.00016675390664485347,0.0029228438578202502,0.0005000532657696564
2020-01-13,0.0005000532657696564,0.002752071828388419,1.1045298053951171e-05,0.0030107808710262756,0.0017134288682368716
2020-01-14,0.0017134288682368716,0.003612547677900256,0.00011134557920578483,0.0025443689012016025,-0.0004341866069445138
2020-01-15,-0.0004341866069445138,0.003881110923690263,0.00011128681837111475,0.0020252320125705428,0.0020736147906197213
2020-01-16,0.0020736147906197213,0.0037790206480797575,0.00011714957553053206,0.001120826502563519,-0.001294140833420409
2020-01-17,-0.001294140833420409,0.005154873061919689,0.00014149276364051248,0.0014177119159625034,-0.004046570453323238
2020-01-20,-0.004046570453323238,0.002472595631224804,-5.5440144789029295e-05,0.0024841223215997174,0.00021079095030663436
2020-01-21,0.00021079095030663436,0.0029995334512649937,4.436867988029695e-05,0.0022441955669567203,-0.0010204176837492315
2020-01-22,-0.0010204176837492315,0.002360826157962433,-2.2151745261811585e-05,0.002242273502845484,0.0009760499881296328
2020-01-23,0.0009760499881296328,0.005963666240956524,-9.990012136253453e-05,0.0019191951604815639,-0.0037215309488002925
2020-01-24,-0.0037215309488002925,0.0035837555536886844,-1.1106445685059588e-05,0.002275180298268135,-0.0027048154401574376
2020-01-27,-0.0027048154401574376,0.002712044806963658,-8.822044126025307e-05,0.001960028717402029,-0.0005070083082547705
2020-01-28,-0.0005070083082547705,0.0025422831305705407,1.1034242825187773e-05,0.0018492620462754964,0.00025342813606535716
2020-01-29,0.00025342813606535716,0.0033553613753940603,-3.30928800344166e-05,0.001995803998409166,-0.000517957493631393
2020-01-30,-0.000517957493631393,0.002569574472321267,0.00025337507834766545,0.0016877111279023508,0.0011133636077491934
2020-01-31,0.0011133636077491934,0.006547625931659681,3.307537066303255e-05,0.0014167237225922386,0.005485525052044301
2020-02-03,0.005485525052044301,0.004174552290419416,6.665108607944767e-05,0.00250641790750621,-0.002425760277789674
2020-02-04,-0.002425760277789674,0.0028695332186455935,0.0,0.002936492510783818,-0.0014150782738122072
2020-02-05,-0.0014150782738122072,0.004542829432018249,0.00023194861771447798,0.0031016930879291292,-0.00407914716479985
2020-02-06,-0.00407914716479985,0.0043026599650443425,0.0001650432536859235,0.003725174666088852,-0.0017588635635339997
2020-02-07,-0.0017588635635339997,0.0036499852168435072,0.00017575724613255354,0.003680828492136639,-0.003070422989157765
2020-02-10,-0.003070422989157765,0.004722511614933469,5.476653993078105e-05,0.0010651890357574348,-0.003279425511196765
2020-02-11,-0.003279425511196765,0.0030714796527444243,0.00010913414563804256,0.0011078849697379743,0.000545789907371758
2020-02-12,0.000545789907371758,0.003472538744822661,-0.0002184051945727237,0.0018100761482309124,-0.003988568387690097
2020-02-13,-0.003988568387690097,0.00508888839443423,-4.3512552439954066e-05,0.0017884985112275142,-0.002758693593560904
2020-02-14,-0.002758693593560904,0.002874721389432508,0.0,0.001767197932732914,-0.00039037003474076096
2020-02-17,-0.00039037003474076096,0.0021912709371433386,0.00010842628376280112,0.001951639715247484,-0.00015174787186215667
2020-02-18,-0.00015174787186215667,0.004907986524646478,0.00028182400190103187,0.001929842594947083,-0.004132423073716513
2020-02-19,-0.004132423073716513,0.002304037548358492,6.47137971582471e-05,0.0019157171104228962,0.001360184848757387
2020-02-20,0.001360184848757387,0.003831755212298669,4.223743725727948e-05,0.0021986611388525286,-0.0020464967645173063
2020-02-21,-0.0020464967645173063,0.007039515100563791,2.585808222538634e-05,0.0020942086641563278,0.004721186336458318
2020-02-24,0.004721186336458318,0.005091584176110852,4.333450908455879e-05,0.003369546348503902,0.0009358327590463808
2020-02-25,0.0009358327590463808,0.00460654295235408,1.4064635791656303e-05,0.00339632196714818,0.0030184151366617726
2020-02-26,0.0030184151366617726,0.004405333637144409,9.13707652551531e-05,0.0025273133000461314,0.00035815540493814473
2020-02-27,0.00035815540493814473,0.011027459139814177,2.1792573901395574e-05,0.0025898235583204548,0.010175447527352655
2020-02-28,0.010175447527352655,0.009201699182148268,0.00015395083374133918,0.003941662061636748,0.004905810422639446
2020-03-02,0.004905810422639446,0.011473260592295427,-0.00011044556155528059,0.003952808404416423,0.008356433460812803
2020-03-03,0.008356433460812803,0.009888209680792402,-2.2356494305069516e-05,0.003964683622013665,0.0032817291958698153
2020-03-04,0.0032817291958698153,0.007937811079477908,0.0003019345890868617,0.003927330064622513,-0.0037273637898381047
2020-03-05,-0.0037273637898381047,0.007428291956241895,0.0,0.0053938098889576005,0.007580987646460575
2020-03-06,0.007580987646460575,0.012547201363915362,0.0,0.004817128941813413,0.014345408615899148
2020-03-09,0.014345408615899148,0.012211654011826261,-1.1411945585106953e-05,0.006702675714576051,0.0010481051458759174
2020-03-10,0.0010481051458759174,0.0077923487826239545,4.570716143380988e-05,0.006846781466490889,-0.007172069563950822
2020-03-11,-0.007172069563950822,0.009451306771861673,2.8337552713972474e-05,0.008667915196253269,-0.004871123222760194
2020-03-12,-0.004871123222760194,0.022380066824433647,6.764621347918422e-05,0.008882966397766161,-0.006823700781210399
2020-03-13,-0.006823700781210399,0.013943361760774011,0.00012300874268116635,0.00903058296749619,-0.0026473308768339967
2020-03-16,-0.0026473308768339967,0.013151816213114308,-0.0003793257935345902,0.0033935156169527907,0.0007030167891367934
2020-03-17,0.0007030167891367934,0.020703568502588962,-1.1212580814676221e-05,0.0032638411493646673,-0.013317896271767483
2020-03-18,-0.013317896271767483,0.01934648696622008,-0.00012108282454741642,0.0052398317709474816,-0.004911892531991977
2020-03-19,-0.004911892531991977,0.024048928942584466,0.0016552256929371699,0.005238851363862083,-0.0281440807711631
2020-03-20,-0.0281440807711631,0.016457105452342496,-0.00010658784460161788,0.011555902719946456,0.0034696894543758275
2020-03-23,0.0034696894543758275,0.015376483290458631,0.0006416928108431696,0.012746839530015814,0.006544952365581136
2020-03-24,0.006544952365581136,0.012552145567945108,-1.0741843922779653e-05,0.014000524897260001,0.0035262190611547056
2020-03-25,0.0035262190611547056,0.007344700475882121,0.00012968045741994604,0.014207017767421976,0.0080152144181938
2020-03-26,0.0080152144181938,0.013677316268398122,0.00018514986408818974,0.01512416897426691,0.014467411219748632
2020-03-27,0.014467411219748632,0.011883532832661718,0.00018777901776660785,0.004508899550278814,0.008187089303251458
2020-03-30,0.008187089303251458,0.011386708675169678,0.00033422481361239213,0.00399639646295283,-0.00979877568790389
2020-03-31,-0.00979877568790389,0.01032991801817069,0.00018754139287154625,0.009082731416201773,-0.0003529198097441969
2020-04-01,-0.0003529198097441969,0.010776494657537638,-0.0001433345076099557,0.00938776882207861,-0.006638045995333951
2020-04-02,-0.006638045995333951,0.010831942836769706,0.00024100975904487235,0.010120024097980464,-0.009744816047908876
2020-04-03,-0.009744816047908876,0.007627926850148862,0.0003255099188182,0.007662704563841883,-0.0037354318739070817
2020-04-06,-0.0037354318739070817,0.006024357536254633,-0.00011889781504860307,0.004057851995450322,-0.0002916967182406305
2020-04-07,-0.0002916967182406305,0.012213547404927371,0.00017282248360917795,0.004091714037703398,0.008419050808379198
2020-04-08,0.008419050808379198,0.005914759106341587,7.626811053032817e-05,0.006985476390892256,-0.0028938347371023966
2020-04-09,-0.0028938347371023966,0.009366296869341937,0.00022818518363659386,0.006607816728124339,0.005850777165835929
2020-04-10,0.005850777165835929,0.00302163021630196,0.00013114578097367122,0.005401936351671189,0.00048098003060578255
2020-04-13,0.00048098003060578255,0.006852699028512204,0.00012028508109482761,0.004665072182616521,-0.0008851384596626316
2020-04-14,-0.0008851384596626316,0.006245640694930459,0.0003168132992587789,0.004754599602373442,0.005696039300324107
2020-04-15,0.005696039300324107,0.011958162221335765,0.00027462144031455767,0.003951484890406746,-0.007335406043470732
2020-04-16,-0.007335406043470732,0.007160033677814554,0.00011774629008970224,0.005445190935855721,-0.004285139918145141
2020-04-17,-0.004285139918145141,0.007419462569271336,-0.00015202854931504277,0.004940138691599641,0.0007820191746308519
2020-04-20,0.0007820191746308519,0.004968915754850441,6.516531914879613e-05,0.004968501756666916,-0.0001956120482852273
2020-04-21,-0.0001956120482852273,0.00570896334235949,0.00011949961593328212,0.004989143874088756,-0.0007709720633413682
2020-04-22,-0.0007709720633413682,0.005425458147053963,-8.673831544309829e-05,0.0033742663373072753,-0.00432246331143561
2020-04-23,-0.00432246331143561,0.007921669955782822,0.0002594470666762415,0.0023890314443457896,-0.0030221678851646873
2020-04-24,-0.0030221678851646873,0.008356136472390337,6.460292761883564e-05,0.0021049729752761837,0.004320208971249524
2020-04-27,0.004320208971249524,0.004448011429624972,0.0,0.003313926260480898,0.00010825926220592308
2020-04-28,0.00010825926220592308,0.007243507163556024,-0.00021645993971691288,0.0033304848899855808,0.0010830485703049676
2020-04-29,0.0010830485703049676,0.003934596396676665,0.0003901245768468932,0.003427610171757314,0.0037456223174487475
2020-04-30,0.0037456223174487475,0.012348623195640864,5.4362104001938625e-05,0.0029680436248894233,0.0062521016248604224
2020-05-01,0.0062521016248604224,0.0073851046508145255,6.567824716828043e-05,0.0024929937523688215,0.0012924943262924613
2020-05-04,0.0012924943262924613,0.005319896449704344,0.00019735011237206784,0.0024907839311646253,-0.00506151744593804
2020-05-05,-0.00506151744593804,0.0086534828642345,-2.1754856006357227e-05,0.004209768998416326,-0.00604445719420874
2020-05-06,-0.00604445719420874,0.005589491755499662,-0.00014087229975554916,0.005406862198662015,-0.0036999484209204125
2020-05-07,-0.0036999484209204125,0.004464875630941737,-0.00018355112599710178,0.005149222804882117,0.003569826442106355
2020-05-08,0.003569826442106355,0.005263518001231564,2.1670543713941784e-05,0.0041977135754162325,0.00021678724144043578
2020-05-11,0.00021678724144043578,0.00450023969385173,-5.4215490850748294e-05,0.004010912042445528,-0.0027818730242306733
2020-05-12,-0.0027818730242306733,0.008793517218303565,2.1615915401483095e-05,0.003724184724200517,0.003454153486910613
2020-05-13,0.003454153486910613,0.00571086994079786,4.341342028620105e-05,0.003392457441279478,-0.0021344971862724505
2020-05-14,-0.0021344971862724505,0.004461998886950837,0.00016236897435131998,0.0029973390432851757,-0.0015466442661771166
2020-05-15,-0.0015466442661771166,0.005427591610463855,6.486527273254779e-05,0.0025052964945895496,0.0013302007365226065
2020-05-18,0.0013302007365226065,0.01033654497588459,0.00017320355847371966,0.0026374246201863387,0.008629270343230282
2020-05-19,0.008629270343230282,0.0066325042839498905,-6.541537287472388e-05,0.004363738597170607,0.00115766159200992
2020-05-20,0.00115766159200992,0.006522396506727046,-0.00021856540820689113,0.004285537150089103,0.005039383759406821
2020-05-21,0.005039383759406821,0.006304983682087228,0.00032941903034432033,0.003958274410737577,-0.0027418957158269978
2020-05-22,-0.0027418957158269978,0.006315438213114081,4.3863668669970546e-05,0.004315579104284738,-0.004126281178358824
2020-05-25,-0.004126281178358824,0.003905519562733938,-0.00011452081290107555,0.005316899226490191,-0.00044052806362397163
2020-05-26,-0.00044052806362397163,0.008547799132241875,0.0001755154906361269,0.003578640282086151,0.007198964933553617
2020-05-27,0.007198964933553617,0.00849104397364468,0.00010986666724567414,0.004926927561173227,0.0031897006443984094
2020-05-28,0.0031897006443984094,0.007147998486843415,0.00014317740199571767,0.004605439943297287,0.005634519843012668
2020-05-29,0.005634519843012668,0.0067038045791039565,8.866886193858569e-05,0.004602109583755099,0.0035516384955549527
2020-06-01,0.0035516384955549527,0.004543098699309759,0.00035587203879713106,0.0028866522823779947,0.0006673092775855425
2020-06-02,0.0006673092775855425,0.007192235822533486,3.343045308550224e-05,0.002492877183205828,0.005690338279647767
2020-06-03,0.005690338279647767,0.006160415410413812,0.0003357052955112472,0.0020719880559334626,0.004148682561719183
2020-06-04,0.004148682561719183,0.014648181584191119,-0.00011234332799976577,0.0020518252813767207,0.00902938836116282
2020-06-05,0.00902938836116282,0.00866858664060252,5.65699177368392e-05,0.0030649469066401547,-0.0016199817594836688
2020-06-08,-0.0016199817594836688,0.004417672459096075,0.0003056065689928544,0.00418318924493778,-0.0012330280426620514
2020-06-09,-0.0012330280426620514,0.010589113200124381,0.0002374085407590703,0.004581688181656549,0.00235429926666161
2020-06-10,0.00235429926666161,0.004999710187646069,-0.0001699663022873825,0.004366795429716317,0.0029280210908834464
2020-06-11,0.0029280210908834464,0.006521064658309287,-0.00028416430946604795,0.0042874884724430785,-0.00683004994336145
2020-06-12,-0.00683004994336145,0.009311098274075865,-0.00011298599818377648,0.0039063093962642854,-0.003200658370140185
2020-06-15,-0.003200658370140185,0.00562302419431307,-0.00019129984004325113,0.004042731733033534,0.007590147436824098
2020-06-16,0.007590147436824098,0.010422797863394256,-2.260540189197751e-05,0.005634825806982141,-0.006374216046632514
2020-06-17,-0.006374216046632514,0.007689023322404292,6.751524939827694e-05,0.006260536982072108,-0.002025784015529507
2020-06-18,-0.002025784015529507,0.005151926100837522,0.00014613166781408658,0.005825268516061506,-0.0028415210931360207
2020-06-19,-0.0028415210931360207,0.007052391793731257,0.0003351657714375793,0.0052743046123601475,-0.0029877213296054883
2020-06-22,-0.0029877213296054883,0.008246543747593227,-0.0001676266276815475,0.005256661807984185,0.009095057230979923
2020-06-23,0.009095057230979923,0.010167319430049266,0.00022558265918403136,0.005898797469470286,0.0028917950091841924
2020-06-24,0.0028917950091841924,0.005873554966060849,-0.00011316511770594709,0.005214706829300061,-0.0054489396656502145
2020-06-25,-0.0054489396656502145,0.006093082413532818,-4.492315385968295e-05,0.005866723235315253,-0.0025620007730021385
2020-06-26,-0.0025620007730021385,0.0036670761024782256,0.0001121887201255688,0.005832420391919797,0.0003367903676439813
2020-06-29,0.0003367903676439813,0.006115894572100159,0.00015718831733961991,0.005561719239643234,0.0018989199031385483
2020-06-30,0.0018989199031385483,0.006163646494369749,1.1235084497904604e-05,0.0034159096410511804,-0.0010005176272754655
2020-07-01,-0.0010005176272754655,0.007601161202461179,0.00020226039253372634,0.0028192640829140846,0.0013717322924298595
2020-07-02,0.0013717322924298595,0.006711243714466739,-0.00017997807000605213,0.0018142115284357253,-0.001203159527819667
2020-07-03,-0.001203159527819667,0.0026738118239425495,-0.00016853014982107592,0.0013834278929559186,0.0008319448626654612
2020-07-06,0.0008319448626654612,0.008861944302800554,-0.00014624504714124315,0.001405980756208058,0.005820437088329796
2020-07-07,0.005820437088329796,0.0067365218982009525,0.00022629143955399402,0.002833919566071199,-0.0033317075936469443
2020-07-08,-0.0033317075936469443,0.007129998508195791,0.00021424822613360948,0.0034118971584421614,0.005653583667688177
2020-07-09,0.005653583667688177,0.007472162449595296,0.00011344886331933951,0.0040927528147179995,-0.004525481756836305
2020-07-10,-0.004525481756836305,0.005985834018990134,-0.00011298727478217216,0.004851663812688186,0.0019547842241859023
2020-07-13,0.0019547842241859023,0.005830271689712325,0.00011310836329352158,0.004874252712617435,0.003129836355739189
2020-07-14,0.003129836355739189,0.007117465766522662,-3.0680054938312076e-05,0.004344544755147191,0.005731084189124986
2020-07-15,0.005731084189124986,0.005210095744950921,-1.1491727575629162e-05,0.004194474722098837,0.0005684764957306626
2020-07-16,0.0005684764957306626,0.00555775052947365,-1.3677795206041094e-05,0.003803195427179322,-0.0021988281362380624
2020-07-17,-0.0021988281362380624,0.0055085597086767125,0.0004933159458305313,0.002947297543486849,0.004452839784056593
2020-07-20,0.004452839784056593,0.00547502210635888,0.00029751381615605274,0.0031751608904838466,0.001374087699634121
2020-07-21,0.001374087699634121,0.006264716252089652,9.166230897876535e-05,0.0031625760499587987,0.006552908037431887
2020-07-22,0.006552908037431887,0.008010176692703031,-9.228700742584873e-05,0.003417024760474752,0.003003306800597305
2020-07-23,0.003003306800597305,0.007097705981857571,0.00017345399465168058,0.0033070368798490744,0.002362799250454524
2020-07-24,0.002362799250454524,0.00503397532418636,9.273539497207605e-05,0.0020171444219277994,0.004859005509410978
2020-07-27,0.004859005509410978,0.010895988309628893,0.0,0.002070116389365147,0.009965846353997186
2020-07-28,0.009965846353997186,0.006354843780639787,0.00023545001955329337,0.0030587755174625603,-0.0042983898977795604
2020-07-29,-0.0042983898977795604,0.005464863315347888,-0.00015236063375514243,0.005135467656620888,0.0054524132545194165
2020-07-30,0.0054524132545194165,0.0063370936842132705,-0.00034174244958034655,0.005230497345477629,0.007557730482728887
2020-07-31,0.007557730482728887,0.008876342996087137,-0.00011877090287572166,0.005418900316263119,-0.007604877620557198
2020-08-03,-0.007604877620557198,0.007316679816239381,-0.00015315776099134547,0.00771290276421223,-0.0016128392275391056
2020-08-04,-0.0016128392275391056,0.00687114338671558,0.00023536643167865933,0.0064363901052002966,0.004420992329538805
2020-08-05,0.004420992329538805,0.008917307470343576,4.732095300161648e-05,0.006191458561409757,0.004844217313191569
2020-08-06,0.004844217313191569,0.007673167368867274,-7.128262133707725e-05,0.006103245742690233,0.0003086983850073394
2020-08-07,0.0003086983850073394,0.01069306696155257,0.00011875680994532197,0.005087163964686522,-0.007925657651976599
2020-08-10,-0.007925657651976599,0.005007148878376799,2.3675023275192333e-05,0.005208741643826055,-0.0038221210488238013
2020-08-11,-0.0038221210488238013,0.006968055815944827,1.1781139735895284e-05,0.005467778914598855,-0.00010562834554598832
2020-08-12,-0.00010562834554598832,0.008488092111156954,-0.0002816788138539673,0.004796306784511123,0.004867204375342793
2020-08-13,0.004867204375342793,0.005952175186625209,-0.00022757566233915847,0.00480372189822488,0.0019277181561497953
2020-08-14,0.0019277181561497953,0.004513516741777611,-0.00020101990621558996,0.004993093692268375,0.0030415396512393574
2020-08-17,0.0030415396512393574,0.004245350054306486,0.00017775093462588207,0.003327684197273655,0.0020169448636142393
2020-08-18,0.0020169448636142393,0.007561290760341783,-0.00023762968404183205,0.001812036300727244,0.005991819503850231
2020-08-19,0.005991819503850231,0.005117040094722014,4.7794317205794546e-05,0.0017983523427695068,-0.008772937668035469
2020-08-20,-0.008772937668035469,0.005229365776592121,0.00014808361580123655,0.005620607539993529,0.002543704941241629
2020-08-21,0.002543704941241629,0.0110720986567543,0.0002374977995050606,0.00565701457207414,-0.006391340754740066
2020-08-24,-0.006391340754740066,0.00562428923414869,-9.436412772942431e-05,0.006324561599178035,-0.00029498449271552575
2020-08-25,-0.00029498449271552575,0.005029727179447373,-5.9022331462757054e-05,0.006137698932313682,0.00342631292556195
2020-08-26,0.00342631292556195,0.005395583814316251,0.00014204368014422773,0.005433727739649367,0.0006511822732343915
2020-08-27,0.0006511822732343915,0.0111714838166891,0.00021314332131461405,0.003859063930643153,-0.0019521980310365427
2020-08-28,-0.0019521980310365427,0.009172643621912842,-7.089745998503994e-05,0.0036314732834835206,0.008308183307316435
2020-08-31,0.008308183307316435,0.006585485026873745,0.000142952663761516,0.004016523413702276,0.0017415756438499876
2020-09-01,0.0017415756438499876,0.006196997914763721,-1.1881831491466399e-05,0.003820580226243505,-0.0013243685869996468
2020-09-02,-0.0013243685869996468,0.008407688246163211,1.1897860764448288e-05,0.004093403094971353,-0.006382304050645197
2020-09-03,-0.006382304050645197,0.004928315096618783,0.00011844492381485639,0.005438916968543488,-0.0006395501907557035
2020-09-04,-0.0006395501907557035,0.006906209880032392,-0.0003314469809638917,0.005347321061113617,-0.0004498626544599933
2020-09-07,-0.0004498626544599933,0.002945062303927958,-0.00017755662147718045,0.0030074499959682473,-0.0010763825397819159
2020-09-08,-0.0010763825397819159,0.005204207331731738,0.00021271499065797544,0.002488203790076954,-0.004364450442230898
2020-09-09,-0.004364450442230898,0.006533080092290581,9.419947011278716e-05,0.002655439888896735,0.0030650000384232798
2020-09-10,0.0030650000384232798,0.009469395206295377,0.0,0.0026368099784198056,0.0015241955964892995
2020-09-11,0.0015241955964892995,0.004406083548836966,-0.00015372150179758395,0.0028190432970953533,0.0015501619098305707
2020-09-14,0.0015501619098305707,0.004639635545213043,-7.096049101036264e-05,0.0029253136208050186,0.0023001587836135036
2020-09-15,0.0023001587836135036,0.005014924761566551,0.0002611837369325256,0.00296387942972765,-0.0021580365093011983
2020-09-16,-0.0021580365093011983,0.005774867139709654,0.00014213237416126046,0.0020110229772712204,-0.0034643925057169208
2020-09-17,-0.0034643925057169208,0.007496275040900571,-7.079269233596899e-05,0.0025818476648600155,0.003784194404350613
2020-09-18,0.003784194404350613,0.0033559744646111463,-0.00036730676139131216,0.0030766580324552138,-0.00022509848153577297
2020-09-21,-0.00022509848153577297,0.01184582007363773,0.0,0.003012866026463139,-0.006566912063439029
2020-09-22,-0.006566912063439029,0.006761743705297972,0.0005271365881745658,0.0038489622427705984,-0.005080188782394758
2020-09-23,-0.005080188782394758,0.004703365235171825,7.025760408740412e-05,0.004141674990067189,-0.004264457091039797
2020-09-24,-0.004264457091039797,0.004403318808298357,-0.00029143143536287534,0.004212255317807315,0.0012599555256344206
2020-09-25,0.0012599555256344206,0.006138032353419948,-3.49244447421759e-05,0.0033351595822905147,-0.0032515291017523847
2020-09-28,-0.0032515291017523847,0.005410720297593203,2.336015311126885e-05,0.0029653731732639413,0.003730263732286211
2020-09-29,0.003730263732286211,0.006427635638361668,9.350756364920005e-05,0.0038242187702200578,0.005398432735944618
2020-09-30,0.005398432735944618,0.005990591217454201,-5.877859301934288e-05,0.004235357879313,-0.0013611364287141254
2020-10-01,-0.0013611364287141254,0.004169755487392339,0.00019939830721920504,0.003549583123253552,0.0016077063645410661
2020-10-02,0.0016077063645410661,0.0042456768038163385,7.044483068422536e-05,0.0035555507814928867,-0.002088376631710885
2020-10-05,-0.002088376631710885,0.006597150212559999,-0.00012895235668059142,0.00321079896965283,0.006125130992924238
2020-10-06,0.006125130992924238,0.0033932702919172663,0.00035383721748641486,0.003765360239202953,-0.0046590314432261234
2020-10-07,-0.0046590314432261234,0.004769939731345327,2.3359702035828502e-05,0.004122932863434257,0.002538556036391257
2020-10-08,0.002538556036391257,0.0039124639750113144,0.00016474753352374203,0.004187195141864586,-4.001590303448758e-05
2020-10-09,-4.001590303448758e-05,0.005589067152891567,-4.761458526112056e-06,0.004163139321478197,0.0042262424063774584
2020-10-12,0.0042262424063774584,0.0033271516904151985,0.00029536549638558207,0.004186665937494591,-5.911793222122852e-05
2020-10-13,-5.911793222122852e-05,0.006806733227086243,0.0001653808532360462,0.003361984030581213,-0.006278180816362914
2020-10-14,-0.006278180816362914,0.004135913053136112,-0.00015266608374730855,0.003990489113349152,0.00015267773840009084
2020-10-15,0.00015267773840009084,0.005993767894363002,-0.00030534041295521503,0.0037585359454720916,-0.0031425047396492416
2020-10-16,-0.0031425047396492416,0.004423940722493487,0.000117011984410405,0.003936210694441131,0.00071446274989687
2020-10-19,0.00071446274989687,0.007707112821699756,-1.1701511733753229e-05,0.002957725479750963,0.004544144882611173
2020-10-20,0.004544144882611173,0.006567680617800978,7.06056015668163e-05,0.004100574735928971,0.005168120008133394
2020-10-21,0.005168120008133394,0.004467436126183783,4.7364140246630114e-05,0.0034171012005829214,0.002036803587023197
2020-10-22,0.002036803587023197,0.004731480511215909,0.00022521564221732727,0.003336044517328506,-0.0032899579374845926
2020-10-23,-0.0032899579374845926,0.0060582206262211,8.27418551995335e-05,0.00339155852279178,0.00282765456409247
2020-10-26,0.00282765456409247,0.003967009101110906,1.1771678929798907e-05,0.0033484521142133575,-0.003300162903845182
2020-10-27,-0.003300162903845182,0.0032681641983998548,0.0,0.003814395743417471,-0.0021470612785488377
2020-10-28,-0.0021470612785488377,0.005853479210199619,0.00021207843340413407,0.0029778084036113438,-0.003012149800032766
2020-10-29,-0.003012149800032766,0.008761705772238266,0.00010573893503438393,0.0026207910036656896,-0.005973974709475419
2020-10-30,-0.005973974709475419,0.005168830638575672,0.00016354952702334348,0.003214015038438098,-0.0031366510442316082
2020-11-02,-0.0031366510442316082,0.002800395940290932,-3.491541459239069e-05,0.0014456805664442506,5.826095554634443e-05
2020-11-03,5.826095554634443e-05,0.008927386643251017,0.0,0.002169071731943839,0.010204356761020732
2020-11-04,0.010204356761020732,0.013704763855495685,-0.00020002360967650814,0.006285703099690973,-0.002513986342437094
2020-11-05,-0.002513986342437094,0.012274632402660126,0.0002345581135511275,0.006237154127481152,0.007206380695062468
2020-11-06,0.007206380695062468,0.007987879679246069,0.0002836397672034935,0.006006000949202285,0.006366183456068054
2020-11-09,0.006366183456068054,0.010239079925184783,-1.1927792950166921e-05,0.00529135987644706,-0.0055386456714018525
2020-11-10,-0.0055386456714018525,0.00530858513390548,0.000343010144913216,0.006784820969569736,-0.000721221293889815
2020-11-11,-0.000721221293889815,0.007244972753056361,-7.090248679126006e-05,0.005598472397110318,-0.0032625230156320003
2020-11-12,-0.0032625230156320003,0.005383003289809887,0.0001355168378405923,0.00572320375341266,0.0019586090254565085
2020-11-13,0.0019586090254565085,0.002898376836254737,-0.00015813437786845765,0.004634609088489191,0.00354019285936168
2020-11-16,0.00354019285936168,0.0045577329445050125,8.293330260238464e-05,0.0037071577730883112,0.0011970869835477517
2020-11-17,0.0011970869835477517,0.003979425478676466,-2.3721794811098622e-05,0.0026217934225892074,0.0003558725515353005
2020-11-18,0.0003558725515353005,0.0033592371031963345,-5.928127780693836e-05,0.0025348159798020864,-0.0013516014389545322
2020-11-19,-0.0013516014389545322,0.0032045012738315163,0.0004027371632184709,0.0018205245812193801,0.0015888129539181797
2020-11-20,0.0015888129539181797,0.0032897264836594105,-8.317302268927285e-05,0.0017861428534391584,0.0
2020-11-23,0.0,0.008656741397682192,9.48421636513452e-05,0.0011478102079341445,-0.0020033468877050592
2020-11-24,-0.0020033468877050592,0.004637119037171945,7.811851162088361e-05,0.0014224476117558071,0.004867342357784169
2020-11-25,0.004867342357784169,0.003799307073224124,0.0,0.002744634605911257,0.0016364653286421252
2020-11-26,0.0016364653286421252,0.004535752427963653,0.00020745914660269643,0.0025244264094951016,-0.00033608257865220067
2020-11-27,-0.00033608257865220067,0.004292375755850195,0.000347964940505701,0.002599374033297258,0.004643726768977662
2020-11-30,0.004643726768977662,0.004837793078917775,5.994948907002309e-05,0.003022542235320424,-0.0027854849009629613
2020-12-01,-0.0027854849009629613,0.009848364189563986,3.584946659189207e-05,0.003275739884305591,0.01134569984525999
2020-12-02,0.01134569984525999,0.005517674834231325,0.000374323464658608,0.005448942880539615,0.0033258801250090177
2020-12-03,0.0033258801250090177,0.005990179942545443,9.683626856772834e-05,0.005403124588628343,0.002559485522245511
2020-12-04,0.002559485522245511,0.003625456519157364,2.4341737580154755e-05,0.005069027102430673,-0.0020020007037437897
2020-12-07,-0.0020020007037437897,0.006825048413509146,6.058509663667147e-05,0.005637724421024805,-0.0006786241721560766
2020-12-08,-0.0006786241721560766,0.0030537626577873517,0.0003028107750628695,0.005207274308132439,-0.00018158890339934348
2020-12-09,-0.00018158890339934348,0.006197714626567146,8.485481361079085e-05,0.0022520028538964712,-0.002660881592207315
2020-12-10,-0.002660881592207315,0.006565378978095303,-0.00024154300990020464,0.002023374188902419,0.005411394685255718
2020-12-11,0.005411394685255718,0.004620524311863746,7.048438083809096e-05,0.0031961891368222075,-0.0008971006575494956
2020-12-14,-0.0008971006575494956,0.004656602120779673,-1.3361663990895205e-05,0.0030604121119666883,0.0012760274826384625
2020-12-15,0.0012760274826384625,0.0032546601574117676,1.2167468722000717e-05,0.003045140736583606,0.0004447932579340932
2020-12-16,0.0004447932579340932,0.005431567826138043,4.3843645908122554e-05,0.0030182499687940885,0.003718838418115041
2020-12-17,0.003718838418115041,0.005783508182823416,0.00020739604395466921,0.002545957166804107,0.0051614926845374685
2020-12-18,0.0051614926845374685,0.003364048687277334,6.134503510131799e-05,0.0024631240731166184,-0.0038064083361426973
2020-12-21,-0.0038064083361426973,0.00850450216249962,0.0004520159668050408,0.0034478939095983637,0.0016994360559733645
2020-12-22,0.0016994360559733645,0.007596740048597861,-0.00012243922309865377,0.0034505467100691732,-0.004115299835438132
2020-12-23,-0.004115299835438132,0.0050591299693316105,6.0945301738428046e-05,0.00428282122152602,0.0003900283455694203
2020-12-24,0.0003900283455694203,0.0031246052075254143,-0.0002072536428738181,0.003905626310353305,-0.0005485085946641497
2020-12-25,-0.0005485085946641497,0.0037744768661158424,0.0,0.002579859671871321,0.0016708003921992543
2020-12-28,0.0016708003921992543,0.005610069409445404,-0.00015859375,0.0023929613015402956,0.001502332029679512
2020-12-29,0.001502332029679512,0.004580071971584302,0.0002811464022576778,0.0023555767312293495,0.0024109354771881916
2020-12-30,0.0024109354771881916,0.004627709047606076,-2.441926179677876e-05,0.0011647713157954122,0.003824067102786903
2020-12-31,0.003824067102786903,0.007033698036063731,6.765399498294257e-05,0.0015879971838120568,-0.009773517884413802
2021-01-01,-0.009773517884413802,0.006732142245450413,0.0006091273125048353,0.005499536922926719,0.005765555261008046
2021-01-04,0.005765555261008046,0.011315479880077237,0.0001346926389888865,0.006096612519086143,7.356226640494462e-05
2021-01-05,7.356226640494462e-05,0.0036633828874384983,-0.00011032716772453622,0.00608576691296672,0.003965123188171507
2021-01-06,0.003965123188171507,0.006774134836073438,0.0001353129868870339,0.006247849644652457,0.003314261048349765
2021-01-07,0.003314261048349765,0.008024556840144073,0.0002715064511287289,0.006189455458173695,-0.005660827653219397
2021-01-08,-0.005660827653219397,0.0054770559335632525,0.00022095346179856507,0.004496530778274697,-0.006970396164782812
2021-01-11,-0.006970396164782812,0.005320894142643748,-0.0001339997456937311,0.005044087869266457,-0.0020950213174325376
2021-01-12,-0.0020950213174325376,0.0032579704848556216,-7.410390151160196e-05,0.005015871994937623,0.003955158044529991
2021-01-13,0.003955158044529991,0.005696200863090916,-3.046317202624273e-05,0.005013164102191376,-0.003808028393292716
2021-01-14,-0.003808028393292716,0.004910005129066143,6.0870322101043556e-05,0.004261887506580506,-0.0009239134183000088
2021-01-15,-0.0009239134183000088,0.006398766238129972,-0.00014331009636794735,0.004018697653908057,-0.006866108748783546
2021-01-18,-0.006866108748783546,0.0025475462111942478,7.241126754886575e-05,0.003986387522293622,0.0007605172831768469
2021-01-19,0.0007605172831768469,0.005598761603917574,-9.662314447045188e-05,0.004160720776660197,0.0050853733131119285
2021-01-20,0.0050853733131119285,0.006777689600946534,-4.860892070894563e-05,0.004536520831540128,-0.0019161371485267263
2021-01-21,-0.0019161371485267263,0.005121944308006197,2.4205255846602438e-05,0.004333812417527049,0.004172884115166977
2021-01-22,0.004172884115166977,0.002959485791793257,8.524614579638516e-06,0.004856994964244267,0.00025913209312755636
2021-01-25,0.00025913209312755636,0.005649523258720796,7.298392678409209e-05,0.0028985885689329946,-0.0019087660606736155
2021-01-26,-0.0019087660606736155,0.005479828501409117,0.0002428697267008759,0.0033232221704779154,0.0013782815622589177
2021-01-27,0.0013782815622589177,0.008992304071975467,-1.9503576162003957e-05,0.002544915640972033,-0.004773378169334243
2021-01-28,-0.004773378169334243,0.00508849747072004,2.4324852396401733e-05,0.0033784713672475606,0.0012354407583351585
2021-01-29,0.0012354407583351585,0.005033921430696127,-0.0001090662366434428,0.0025990148429197893,0.0003151851458534282
2021-02-01,0.0003151851458534282,0.005521114617969763,8.496105705715155e-05,0.0026046345899939437,-0.00456032922487926
2021-02-02,-0.00456032922487926,0.005765928434095173,8.446029378352481e-05,0.0031186040535873577,-0.0024589779925830125
2021-02-03,-0.0024589779925830125,0.003741722893674292,0.0,0.0027510913111544093,0.000276917273947226
2021-02-04,0.000276917273947226,0.006367324603084097,4.811213334545046e-05,0.002405962975578486,-0.006302406474781382
2021-02-05,-0.006302406474781382,0.007203921094371207,-5.9866383412011307e-05,0.0029296299682696927,0.006832463888964413
2021-02-08,0.006832463888964413,0.003913331863760289,-4.818094189468808e-05,0.005138193594549398,0.0004001279473606964
2021-02-09,0.0004001279473606964,0.005355696983836581,8.684117787100841e-05,0.0048055387342187126,0.005493380213142898
2021-02-10,0.005493380213142898,0.002766502996413785,0.0002509730987533396,0.00519224440399861,0.0001006147186412552
2021-02-11,0.0001006147186412552,0.003026255875043396,0.00014547735112399696,0.0052018591947834885,0.0008488716587744375
2021-02-12,0.0008488716587744375,0.004280585595743979,0.00012137103074980395,0.0031759630473292277,-0.0007761953783183526
2021-02-15,-0.0007761953783183526,0.0024418932948389225,8.487506645924237e-05,0.00246522330691466,0.0008330887385099504
2021-02-16,0.0008330887385099504,0.006194714786664995,-1.5819387789692538e-05,0.002436958801914064,-0.0032787569674480477
2021-02-17,-0.0032787569674480477,0.006015727663198905,0.0003264106660355403,0.0017135292617052353,-0.0036849485827756168
2021-02-18,-0.0036849485827756168,0.004374369656894287,0.00017724235829122138,0.0021798201656250257,0.003636543984999715
2021-02-19,0.003636543984999715,0.0053520415552192014,1.202764742075481e-05,0.00302948554828666,0.0028456766837020647
2021-02-22,0.0028456766837020647,0.00518770290960996,0.00015760926313785787,0.0034029668321948515,0.003329382255763756
2021-02-23,0.003329382255763756,0.0034502391623014487,-1.0973548750627183e-05,0.0037119436810935905,-0.001204987918721342
2021-02-24,-0.001204987918721342,0.0051626659635048665,1.2164216133007463e-05,0.0032631808107338044,0.001580961359324078
2021-02-25,0.001580961359324078,0.006981429247370761,0.0001533032891540874,0.0019749181257153977,-0.0009002015062184444
2021-02-26,-0.0009002015062184444,0.007461988648060466,2.431217141787969e-05,0.002095118226731204,-0.005844176882910137
2021-03-01,-0.005844176882910137,0.005924591907790773,-0.00011121424062857342,0.0034696489488868962,-0.0031866658408165566
2021-03-02,-0.0031866658408165566,0.00716575568057269,0.00016868683580813538,0.002775390266144384,0.002848097048624638
2021-03-03,0.002848097048624638,0.005443367914361651,3.620165525410307e-05,0.003524071913019616,-0.0028842034545033873
2021-03-04,-0.0028842034545033873,0.0032358848360942373,0.00019283897559661846,0.0032280440431272533,-0.00690519775863099
2021-03-05,-0.00690519775863099,0.005901827066207244,-7.171326169444095e-05,0.003788119250599253,-0.0035242896042219775
2021-03-08,-0.0035242896042219775,0.0070299266939190625,8.347403957369258e-05,0.0035146358402154544,-0.006217744884170941
2021-03-09,-0.006217744884170941,0.00673792307655169,-2.3737267872653983e-05,0.0038576629385136878,0.003890155314310437
2021-03-10,0.003890155314310437,0.004627937936536833,0.00010230803315480324,0.004280325111804646,0.0023633748120306186
2021-03-11,0.0023633748120306186,0.005086711188175728,-0.0001192344687359827,0.004946609062321451,0.005021504926535071
2021-03-12,0.005021504926535071,0.006660390310329738,0.0003715078362882169,0.0049128736781982475,-0.0030159811771838406
2021-03-15,-0.0030159811771838406,0.004484663251728011,-9.56575463829378e-05,0.00481812894246306,-0.002029413754968581
2021-03-16,-0.002029413754968581,0.005753261874374254,-0.0001312294379312244,0.00358424817925774,-0.0020252271693676203
2021-03-17,-0.0020252271693676203,0.0025511267025540513,-3.7959965357274885e-05,0.0034676183611520206,0.006794990677772875
2021-03-18,0.006794990677772875,0.006746986513488253,0.00017979942066178922,0.004587999420086861,-0.005401606379240041
2021-03-19,-0.005401606379240041,0.005245282811273942,4.76130031115223e-05,0.004642716115337541,-0.0029514157086693777
2021-03-22,-0.0029514157086693777,0.0051657853545663355,-0.00011886293608905432,0.004636263355392331,0.004191626170597192
2021-03-23,0.004191626170597192,0.0066021974491496235,-2.3975085091572836e-05,0.00513948823544347,-0.0078093163477120295
2021-03-24,-0.0078093163477120295,0.003192518457990126,-8.285423684653754e-05,0.006270120362791598,-0.002294449520728023
2021-03-25,-0.002294449520728023,0.0046461377901111465,-5.91315512534968e-05,0.004500246892747515,-0.0030901862514860034
2021-03-26,-0.0030901862514860034,0.0026667824684941084,4.707201441193236e-05,0.004286646947349,0.0009661342348527806
2021-03-29,0.0009661342348527806,0.0026947477851786343,3.418230515555123e-05,0.004510716166810707,-0.0014430194363622135
2021-03-30,-0.0014430194363622135,0.005319905256467437,0.00015892362215802477,0.0032185607548377063,-0.004035176121666364
2021-03-31,-0.004035176121666364,0.0046135674594424735,2.338766932926808e-05,0.001905465414196827,0.00044567955889988594
2021-04-01,0.00044567955889988594,0.0051986735043179815,-1.1586578676426497e-05,0.002168118710517686,0.004348963077613154
2021-04-02,0.004348963077613154,0.0030196105179068704,0.00018836266888747703,0.0030981650402404606,-0.0010007294698471864
2021-04-05,-0.0010007294698471864,0.006518329788913004,0.00015298352316798686,0.003078601938514353,0.00430470340840242
2021-04-06,0.00430470340840242,0.004981622261910681,-1.1699968036897665e-05,0.003592505312974218,0.004667518332491089
2021-04-07,0.004667518332491089,0.004155077516169594,-0.00010680705235742563,0.0026379408785231267,-4.7487154005886665e-05
2021-04-08,-4.7487154005886665e-05,0.004463597270457912,0.00014258557042060333,0.002743548956603165,0.0035326838721787264
2021-04-09,0.0035326838721787264,0.0045841165528714214,0.0,0.0026243391616595146,-0.00127417156305379
2021-04-12,-0.00127417156305379,0.003948462531778176,0.000345109925628196,0.002711494981262992,0.0011907313782124399
2021-04-13,0.0011907313782124399,0.005777723482698496,0.00021445818435678155,0.0024640694374246813,0.00330576270865255
2021-04-14,0.00330576270865255,0.002515690782342238,-0.0002749580783640493,0.0020888614702333037,0.00266938663461784
2021-04-15,0.00266938663461784,0.0029433101010018633,0.00031159423029360493,0.001988156496595862,-0.001197872792266197
2021-04-16,-0.001197872792266197,0.003660396097476069,8.384961760292266e-05,0.002128586722342804,-0.0001915020593817065
2021-04-19,-0.0001915020593817065,0.008752073808355708,9.581917626584902e-05,0.0018887496895038734,0.006315822590865152
2021-04-20,0.006315822590865152,0.004391685063084702,0.00012045801760943789,0.0029852100246755557,-0.0010714026456539285
2021-04-21,-0.0010714026456539285,0.003763708572109066,-1.198776692967431e-05,0.0032062857804448473,0.0004452368864991329
2021-04-22,0.0004452368864991329,0.005488514207322502,-3.6045453316632277e-05,0.003122852932699673,-0.0019122059613187559
2021-04-23,-0.0019122059613187559,0.005335605582700795,-0.0002643489660285293,0.003254118675452252,0.006231051392350071
2021-04-26,0.006231051392350071,0.004510386470595718,2.4158262056599753e-05,0.003990121053848005,-0.0006768412074528475
2021-04-27,-0.0006768412074528475,0.0028118842712973988,0.00020418894257168718,0.0032583634810372827,0.0007143095577937462
2021-04-28,0.0007143095577937462,0.0036810978573141103,0.0001462438120032345,0.0031240255832396435,0.00376599054132821
2021-04-29,0.00376599054132821,0.0039512393974666885,1.2180476150529468e-05,0.00333313683008712,-0.0007279412418516312
2021-04-30,-0.0007279412418516312,0.0085626163994642,0.00018188804112675413,0.0030489543847114086,-0.008224575158544535
2021-05-03,-0.008224575158544535,0.005245887926172024,0.00010834092281468896,0.004416503517103046,0.002782257454785237
2021-05-04,0.002782257454785237,0.005219551266845495,0.00012069383236723901,0.0047443709344866395,-0.003840141391094418
2021-05-05,-0.003840141391094418,0.0035043336363741896,-0.00010813450225756691,0.004925579444524584,-0.000588627419968323
2021-05-06,-0.000588627419968323,0.006329384103155578,-9.608907536698978e-05,0.004139437818129114,0.00503198317631046
2021-05-07,0.00503198317631046,0.009282650158294789,0.00021725741120455453,0.005270560494124465,0.008459516107695119
2021-05-10,0.008459516107695119,0.0032787980300179073,0.0002921565375119883,0.004786899945404686,-0.002479800741129696
2021-05-11,-0.002479800741129696,0.004464310261266461,-9.709842609225542e-05,0.005231153184314806,0.00029383327808927054
2021-05-12,0.00029383327808927054,0.0067977123045836856,-8.254496835907081e-05,0.0044859807017407225,-0.005448904780959188
2021-05-13,-0.005448904780959188,0.0044217510833053295,0.0001365143648052876,0.005611384954466617,-0.00010027954906675598
2021-05-14,-0.00010027954906675598,0.006313782743136552,-0.00024157218493653352,0.005181574110616171,0.0060326971844055525
2021-05-17,0.0060326971844055525,0.0034947361150464776,0.00023090996287660005,0.004235272541134867,0.0005347615740198004
2021-05-18,0.0005347615740198004,0.00644493918566171,0.00013377060498816635,0.004065772904022353,0.00550632825897061
2021-05-19,0.00550632825897061,0.004593127988522202,-0.00019929260874006685,0.00469535907598219,-0.004192610282990834
2021-05-20,-0.004192610282990834,0.004770974985628709,0.0,0.004256718833989384,0.00430631296814461
2021-05-21,0.00430631296814461,0.0055831085248958644,-0.0002078473082701196,0.004284109810392917,-0.0034538002924195703
2021-05-24,-0.0034538002924195703,0.0043998853624728695,0.00017057638573006692,0.004393108178171473,0.002573974062547223
2021-05-25,0.002573974062547223,0.004470457319605297,1.2199580451548439e-05,0.004486149073764925,0.002817025025208322
2021-05-26,0.002817025025208322,0.00530418429310567,1.5960884155124223e-05,0.003929719516560553,-0.004623097322663016
2021-05-27,-0.004623097322663016,0.003389164333992824,0.00018296465124911885,0.004058383932357006,4.868920925875243e-05
2021-05-28,4.868920925875243e-05,0.0055485771560484405,3.6566238567917485e-05,0.003408596992300594,-0.00025598707258409764
2021-05-31,-0.00025598707258409764,0.004084191214940111,0.0,0.002997459173851299,0.003504687261543158
2021-06-01,0.003504687261543158,0.0032302731202353044,-9.783024406404763e-05,0.003209929373448421,-0.0012347715654755192
2021-06-02,-0.0012347715654755192,0.005211821475795874,-2.4489575295332337e-05,0.0029127826666140726,-0.0006473941004048983
2021-06-03,-0.0006473941004048983,0.007786768205616373,-0.00013442340267493175,0.0018637288643524193,-0.0063144302989845795
2021-06-04,-0.0063144302989845795,0.006773202026664638,0.000223278514789423,0.0035095525926243883,0.0029137387666367726
2021-06-07,0.0029137387666367726,0.004679061284025251,0.00021900239168249497,0.003935611092243412,0.0020707212423165646
2021-06-08,0.0020707212423165646,0.002458264255244001,0.00032918040533589114,0.0036238793621135392,-0.001705667883123736
2021-06-09,-0.001705667883123736,0.0038754990779847616,8.510879185554278e-05,0.003649152873183653,0.0007514316319798007
2021-06-10,0.0007514316319798007,0.0038411759421611066,0.0003861944632538171,0.003710802560930251,-0.0007757186750589432
2021-06-11,-0.0007757186750589432,0.008215583813742756,-4.8670239930572934e-05,0.0019193157169123177,-0.005135737081496744
2021-06-14,-0.005135737081496744,0.002992880539238428,-4.842869077070225e-05,0.0027450421123071736,0.0009934254397854871
2021-06-15,0.0009934254397854871,0.0038208761011054126,-0.00015761309083400725,0.002476977918433997,0.00040016097426804237
2021-06-16,0.00040016097426804237,0.0020321554964141016,0.00013341086959407016,0.002542242938574383,-0.010903186645947914
2021-06-17,-0.010903186645947914,0.008391049375078695,0.0003119442747042121,0.004986036582783686,-0.0068737695746302375
2021-06-18,-0.0068737695746302375,0.0064071390604637166,1.2007713755130029e-05,0.005025848516167958,-0.003342081870940971
2021-06-21,-0.003342081870940971,0.006042959124336168,0.0003919067539132924,0.00501562639575791,0.0032705342094358175
2021-06-22,0.0032705342094358175,0.002947969179567138,8.33654585580598e-05,0.005640595872960488,0.002027168217937988
2021-06-23,0.002027168217937988,0.0045382826909800295,-5.971724980694252e-05,0.005959038743643064,-0.000298348979723717
2021-06-24,-0.000298348979723717,0.00308143475022457,0.00013128239722837656,0.004119182753815677,-0.00023858341510828802
2021-06-25,-0.00023858341510828802,0.0039029229355576063,0.00020288123332601096,0.0025356811299270354,0.0009907275906234155
2021-06-28,0.0009907275906234155,0.0034653303258876033,0.0,0.001526215526681982,-0.0011100406473405179
2021-06-29,-0.0011100406473405179,0.0041824019730800095,-0.00011930593919753666,0.0012342194592912918,-0.0022639479292535175
2021-06-30,-0.0022639479292535175,0.00542915352780816,0.0001666934304456134,0.0012020420029423382,-0.0038013635275334565
2021-07-01,-0.0038013635275334565,0.00387043065780028,0.00011865258924101183,0.0018435670803857976,-0.0008888767430043352
2021-07-02,-0.0008888767430043352,0.0035147221948563113,-7.104010052677341e-05,0.0017729053945071804,0.0008414202119713201
2021-07-05,0.0008414202119713201,0.0025299355259577154,2.3729391626849147e-05,0.001722811078943176,0.0006404732242416305
2021-07-06,0.0006404732242416305,0.006850125802847244,0.0001945700484334699,0.001968179278373298,-0.0033164595271548305
2021-07-07,-0.0033164595271548305,0.004979267836923988,0.0003546931848482978,0.00217042303716886,-0.002635657052069856
2021-07-08,-0.002635657052069856,0.006960260870795773,-1.4151191328149954e-05,0.0018781571660845362,0.004619447070696502
2021-07-09,0.004619447070696502,0.004171820695925253,8.995835350855691e-05,0.003177995574977728,0.0021040698794469346
2021-07-12,0.0021040698794469346,0.0038260962111536824,-5.9435650466971447e-05,0.0033061882027937617,-0.0006528392208572587
2021-07-13,-0.0006528392208572587,0.007119074554467582,2.361091226034296e-05,0.003321723230755802,-0.007600298375475396
2021-07-14,-0.007600298375475396,0.004705251592469397,8.25142319330419e-05,0.0046753052353965836,0.004910529098378265
2021-07-15,0.004910529098378265,0.003819060932104733,0.0,0.0051425753123971645,-0.0018206213531582575
2021-07-16,-0.0018206213531582575,0.002455576381737318,-0.00010626144290929904,0.0046950535325298685,0.00018548069676449624
2021-07-19,0.00018548069676449624,0.004991975020751125,0.00020911900142850886,0.004491589316218892,-0.0017080651561058448
2021-07-20,-0.0017080651561058448,0.003977300810753197,0.00011787032384113305,0.00449624914550684,-0.0008252343591270102
2021-07-21,-0.0008252343591270102,0.004167327585230169,-0.0001178386827880774,0.0027816685800258127,0.0007308234638374334
2021-07-22,0.0007308234638374334,0.005358930474212731,-0.00021233890137592148,0.00113117469194574,-0.0016966692097778924
2021-07-23,-0.0016966692097778924,0.0025066605479374658,-7.0673617791796e-05,0.0011010922063430049,5.893086054979372e-05
2021-07-26,5.893086054979372e-05,0.004499066499896381,3.533847270158674e-05,0.0010779315249080492,0.0029122406895437866
2021-07-27,0.0029122406895437866,0.00553463754691427,0.00011803423820883021,0.0017535604214440907,0.0012997004508067118
2021-07-28,0.0012997004508067118,0.0037500666719970654,6.15083852566619e-05,0.0016883416105378467,0.0019290801555133712
2021-07-29,0.0019290801555133712,0.0042439913101477815,-7.104178041569303e-05,0.0017831128074449558,0.003963210978191592
2021-07-30,0.003963210978191592,0.004666333686460934,8.209909029377615e-05,0.0014953473230255928,-0.0021847985485022245
2021-08-02,-0.0021847985485022245,0.0033213136662973166,0.00014236371387043535,0.002336055285656001,0.0006409929936695579
2021-08-03,0.0006409929936695579,0.0033978909524665707,-2.3791798274462184e-05,0.002231671368961956,-0.0004392010828315455
2021-08-04,-0.0004392010828315455,0.005702029918231802,2.3803382852404563e-05,0.002331791412009587,-0.0027026069039768293
2021-08-05,-0.0027026069039768293,0.002463863800880006,-0.00021304770174288324,0.002659128924524703,-0.00014200501231056276
2021-08-06,-0.00014200501231056276,0.0067011988289898535,0.00021306803156450637,0.0014177608778530564,-0.00731143358773178
2021-08-09,-0.00731143358773178,0.0025409399874902904,-0.00011757719160740296,0.0032236488370469725,-0.000939444477304895
2021-08-10,-0.000939444477304895,0.002836515709448824,-4.579893293544833e-05,0.002968456860759144,-0.001290369832655863
2021-08-11,-0.001290369832655863,0.0034486643708786235,0.0003048444017009036,0.0028568783739166127,0.0015827021925636149
2021-08-12,0.0015827021925636149,0.002204812088425178,-1.2893471700250945e-05,0.0033691986661327535,-0.00048022563504941196
2021-08-13,-0.00048022563504941196,0.006132498534802817,1.168108603627739e-05,0.003335328390253312,0.0049650586518873285
2021-08-16,0.0049650586518873285,0.0030149302214968064,-0.00014147854988124392,0.0025975642532067426,-0.0012495051770467507
2021-08-17,-0.0012495051770467507,0.006243942108159516,0.0,0.0026516414964683154,-0.00597801915977613
2021-08-18,-0.00597801915977613,0.0029154498174204387,1.1707544321199635e-05,0.0040129861579176265,-0.0005501958639484956
2021-08-19,-0.0005501958639484956,0.003256552269543235,-4.6751356222213375e-05,0.003883120350531218,-0.0022842612773609403
2021-08-20,-0.0022842612773609403,0.002231844327709792,-1.633453453416664e-05,0.003945713632900073,0.0017928718657227044
2021-08-23,0.0017928718657227044,0.004076589166088754,-0.0001871729567782427,0.002844173698306908,0.004008621033643521
2021-08-24,0.004008621033643521,0.003125143054288614,-0.0001878447880428826,0.0038316936873851537,0.0007284170260269493
2021-08-25,0.0007284170260269493,0.002722733915340867,-0.00016448919614290707,0.0023771471503754153,0.0018114856517439193
2021-08-26,0.0018114856517439193,0.0028446654903412642,0.00011887512138140816,0.0022899551385722277,-0.0015294540875914354
2021-08-27,-0.0015294540875914354,0.005750158512648919,0.0002938404469701672,0.0020096158950903505,0.0036169593109244688
2021-08-30,0.0036169593109244688,0.0023240696548014472,-8.142623197585904e-05,0.002257572785771376,-0.00017813762365744638
2021-08-31,-0.00017813762365744638,0.004157655835547452,-0.00021226377446413247,0.001956158729872172,0.001133153638000808
2021-09-01,0.001133153638000808,0.00549591251032963,-0.0001416953076551155,0.001956182400312831,0.002589813077556953
2021-09-02,0.002589813077556953,0.0031635361857074167,-0.00011828009269535367,0.0020676005690281763,0.0030001647486994007
2021-09-03,0.0030001647486994007,0.003319777125055344,0.00018994410603539365,0.001537305008970855,0.0007960521693053499
2021-09-06,0.0007960521693053499,0.0024663384567366765,0.0,0.0013114303478116843,-0.0009148019282188896
2021-09-07,-0.0009148019282188896,0.00416682812105062,9.497431276126845e-05,0.0015603803659276225,-0.0026565305038642366
2021-09-08,-0.0026565305038642366,0.004291851541392714,-0.00016584892813085642,0.002379670763117318,-0.002068043422056589
2021-09-09,-0.002068043422056589,0.0029806605039587653,-0.00010397744486169891,0.002298154753501575,0.0005769633095645054
2021-09-10,0.0005769633095645054,0.0028454776028514444,0.00020104233493853263,0.0015408633965936843,-0.0011819121036025907
2021-09-13,-0.0011819121036025907,0.0039733221241983595,-4.7229538483647224e-05,0.0012351422286726575,0.0
2021-09-14,0.0,0.003809222002939875,0.00010628277556913266,0.001358583666008958,-0.0005904704860359962
2021-09-15,-0.0005904704860359962,0.0027111699231404337,0.00011796111484546058,0.0010277674968075003,0.0012710625809982954
2021-09-16,0.0012710625809982954,0.00604195664269806,5.436321810886199e-05,0.000960847800008281,-0.004453323350837845
2021-09-17,-0.004453323350837845,0.005100254040183253,0.00022352670216951612,0.0021379641252560672,-0.0031955703633193186
2021-09-20,-0.0031955703633193186,0.00311419595907591,9.381171957390168e-05,0.002360962134518448,2.3374235536795343e-05
2021-09-21,2.3374235536795343e-05,0.0028162575867562716,0.00038703963176049683,0.002364432139846932,-0.0006215340073657035
2021-09-22,-0.0006215340073657035,0.0023361038530511054,-0.0002697084383667929,0.0023618488496704947,-0.003008212978931102
2021-09-23,-0.003008212978931102,0.005716336114647804,-0.00010524824665293749,0.0018804088902810102,0.004486492911866468
2021-09-24,0.004486492911866468,0.003957782971379145,-0.0001291407923983727,0.003110635902479356,-0.0014664840661050697
2021-09-27,-0.0014664840661050697,0.0035308075209596564,8.206887602472832e-05,0.002812766691460474,-0.002242493734973323
2021-09-28,-0.002242493734973323,0.0030798055805840953,6.431325672547473e-05,0.002962962066511699,-0.0008944087511727837
2021-09-29,-0.0008944087511727837,0.007008927993083083,-4.67172035285973e-05,0.0029666490515448066,-0.007277304997338633
2021-09-30,-0.007277304997338633,0.0035898619921704697,-5.794901781038403e-05,0.004187250668857892,-0.0023408694678413076
2021-10-01,-0.0023408694678413076,0.0038959257311544353,2.3174018649832237e-05,0.002547920672674372,0.0028282082737945743
2021-10-04,0.0028282082737945743,0.004439310238512728,0.0,0.003624837953174525,0.0009638080038769708
2021-10-05,0.0009638080038769708,0.003394942594401833,0.00016265290270780654,0.0038449086080417057,-0.0019267982057976168
2021-10-06,-0.0019267982057976168,0.0059860184028765456,8.111682550074475e-05,0.0038424409740626226,-0.0035190085597075326
2021-10-07,-0.0035190085597075326,0.0019082193632116104,0.0,0.0026130379212055406,0.0003814266910217661
2021-10-08,0.0003814266910217661,0.003562534830259141,4.6201856737117624e-05,0.0024922562504582028,0.0005434209268923678
2021-10-11,0.0005434209268923678,0.0029863025247933504,1.1543789044676215e-05,0.0019322930814228629,-0.0010635092731745039
2021-10-12,-0.0010635092731745039,0.0031301118264099844,6.934044237964016e-05,0.0016904555346998376,-0.0017084358360839192
2021-10-13,-0.0017084358360839192,0.004199601423893413,0.0002652778759905534,0.0016669583091381268,0.005667679663200196
2021-10-14,0.005667679663200196,0.0034772340599366833,0.0,0.0029023189324582834,-0.0006956887472967136
2021-10-15,-0.0006956887472967136,0.0026719340890700915,6.962877986844407e-05,0.0029768424940736266,0.0004753248849683281
2021-10-18,0.0004753248849683281,0.003372123634048365,9.283067561404974e-05,0.002977028411716626,0.0014506924609902151
2021-10-19,0.0014506924609902151,0.004833709591893755,-5.8093109089826725e-05,0.002849098040343086,0.0015574351739559725
2021-10-20,0.0015574351739559725,0.0030915392198427234,-0.00016282092321615282,0.0024012349709171803,0.0019794696195469387
2021-10-21,0.0019794696195469387,0.003156613633334898,0.00022148863277368834,0.0010738978825368072,-0.0025492392462915913
2021-10-22,-0.0025492392462915913,0.002726301089177127,-4.655218997805177e-05,0.0018354194202463753,0.0012679558513760646
2021-10-25,0.0012679558513760646,0.006473301930868561,-0.00010475721670232091,0.0018579150413090444,-0.0024414242352122696
2021-10-26,-0.0024414242352122696,0.0037141433939829323,0.0,0.0022585329767969595,-0.0011605601944855107
2021-10-27,-0.0011605601944855107,0.003367352203744029,0.0,0.0021003378423920605,0.00016238277643643726
2021-10-28,0.00016238277643643726,0.009480945517191343,0.00010431792980605806,0.0016570155457659255,0.00717141021851891
2021-10-29,0.00717141021851891,0.0124213836638412,-1.1631424640546905e-05,0.003720588936792694,-0.01092280404050203
2021-11-01,-0.01092280404050203,0.004030966171366091,-0.00023110976723915406,0.006475502101611026,0.003705045477995642
2021-11-02,0.003705045477995642,0.0030887622187495355,-0.0001855687708514411,0.006812106794911085,-0.0017384315163677048
2021-11-03,-0.0017384315163677048,0.003054501070362239,-0.00011580437357605655,0.006837145099877239,0.0031313349393210293
2021-11-04,0.0031313349393210293,0.007564040961420559,0.0,0.007016567806746306,-0.005213485594809396
2021-11-05,-0.005213485594809396,0.00437888733799427,-0.00011553001975357035,0.006096594368051783,0.0011677502279925879
2021-11-08,0.0011677502279925879,0.0037861208063428523,3.462375519356328e-05,0.0037039643158144463,0.0019571431965666247
2021-11-09,0.0019571431965666247,0.003348839141772426,0.0002434859284782832,0.0033580160886607312,0.00034775066237484683
2021-11-10,0.00034775066237484683,0.007312700150610734,0.00016235717529773107,0.0032370502298753132,-0.009497879778277242
2021-11-11,-0.009497879778277242,0.003197475563567004,2.2937493772626123e-05,0.004935670210578125,-0.003062046147157758
2021-11-12,-0.003062046147157758,0.002254403999815525,0.00026335207517061654,0.004700667220126465,-0.0008012042758382873
2021-11-15,-0.0008012042758382873,0.004129631848467447,-5.719644290236031e-05,0.004464612043198735,-0.006591516828806556
2021-11-16,-0.006591516828806556,0.004956007372080435,-7.949116426345721e-05,0.004090428079415495,-0.003993008800771305
2021-11-17,-0.003993008800771305,0.005606674012224626,0.00044160230846763997,0.003351906246269177,0.0
2021-11-18,0.0,0.003951080437229371,0.00027174153461923954,0.002629763378773605,0.0041634209432113425
2021-11-19,0.0041634209432113425,0.010353779020812614,-0.00014793567869941812,0.004090717121739142,-0.008185652960956939
2021-11-22,-0.008185652960956939,0.004636224525504045,0.0,0.005026423379042521,-0.0029835852011364673
2021-11-23,-0.0029835852011364673,0.004120524738895251,-0.00012362484587959106,0.004609502508973964,0.00024735570464733033
2021-11-24,0.00024735570464733033,0.0059346366260825895,9.001196872946703e-05,0.004587117652643541,-0.003737631248588486
2021-11-25,-0.003737631248588486,0.0024932598135063645,-0.0003584684229208326,0.004616228128513622,0.0005939027964335268
2021-11-26,0.0005939027964335268,0.010170237745817434,5.5940819292648545e-05,0.0035609761907468116,0.007425897335294688
2021-11-29,0.007425897335294688,0.003466967748037454,0.0001806434475260202,0.004414508435148651,2.2589292359688217e-05
2021-11-30,2.2589292359688217e-05,0.012014095559227703,-1.1294391047073438e-05,0.004043015770484878,0.00325785330087555
2021-12-01,0.00325785330087555,0.004793605916164661,2.2726507524999158e-05,0.0041425251675157974,-0.0009513667903634799
2021-12-02,-0.0009513667903634799,0.004090254139382683,-1.1373681679323545e-05,0.0033762420795893666,-0.0011765121921124223
2021-12-03,-0.0011765121921124223,0.005702878631528438,-5.651105987863406e-05,0.0036513473851405524,-0.0001244234477379464
2021-12-06,-0.0001244234477379464,0.003626958249012552,0.00019216711240245305,0.0017823765644170515,-0.0016039171174726395
2021-12-07,-0.0016039171174726395,0.006038051511651278,0.00019194733903117226,0.0019633715083386513,-0.0009025026753297686
2021-12-08,-0.0009025026753297686,0.006153340999770175,0.00030455132927157693,0.0005391508744948833,0.0061079038765980585
2021-12-09,0.0061079038765980585,0.005831444155568865,0.0001360855470528652,0.0032029169700605506,-0.0046183295368528
2021-12-10,-0.0046183295368528,0.004891426255196725,-6.776328490228734e-05,0.003929933235087737,0.0016389133221552789
2021-12-13,0.0016389133221552789,0.004642296271050834,5.6594723917145034e-05,0.004019675418059625,-0.0023388985305647886
2021-12-14,-0.0023388985305647886,0.005405578983416511,0.00018045091175253122,0.004111079598956856,-0.0021418552396564616
2021-12-15,-0.0021418552396564616,0.002555196662175118,0.00022521034455614218,0.004213483114735492,0.0026159220068292816
2021-12-16,0.0026159220068292816,0.0072216547227831225,-0.00020330822381765343,0.003009264654512555,0.0038349515063402
2021-12-17,0.0038349515063402,0.007119757983131055,-0.00011336813251221758,0.002814644922110558,-0.008026219874793954
2021-12-20,-0.008026219874793954,0.005976826596857152,9.002310699093972e-05,0.004708843459992701,0.0030177831235180014
2021-12-21,0.0030177831235180014,0.0036797058687669023,6.765594457391002e-05,0.004989158949340991,0.0008913322339791711
2021-12-22,0.0008913322339791711,0.006792905005046626,-0.00025963023333356564,0.004867810058615465,0.0036525342506323407
2021-12-23,0.0036525342506323407,0.004772106176021491,-0.00011331560405338044,0.005002440883666889,-0.00013596128702175948
2021-12-24,-0.00013596128702175948,0.0031711021790119384,0.00023779447988398316,0.004679985520935738,-0.0002717675050997526
2021-12-27,-0.0002717675050997526,0.002723518357905388,3.4003028059130316e-05,0.0018096353931120576,0.0005096876276717915
2021-12-28,0.0005096876276717915,0.004027116090367719,2.2621803946820875e-05,0.0015945897237595464,-0.0013473476208362394
2021-12-29,-0.0013473476208362394,0.008365148564671866,0.00012444230144709222,0.0018940437383640795,0.004002085556977272
2021-12-30,0.004002085556977272,0.00523212710731875,3.400053792189524e-05,0.002041095510058588,-0.003096529393978052
2021-12-31,-0.003096529393978052,0.006542863344281263,0.00015854941393567232,0.0026337167204764493,0.004267353279425674
2022-01-03,0.004267353279425674,0.00795797059539036,-3.406325116019433e-05,0.0032454482215971245,-0.0062811432323980785
2022-01-04,-0.0062811432323980785,0.004384343018306926,2.2677423148389703e-05,0.004579236208387002,-0.001648756778474241
2022-01-05,-0.001648756778474241,0.006021304349709378,-0.0001579188763865964,0.0045952814637985695,0.0026438305657729066
2022-01-06,0.0026438305657729066,0.003989800693307555,0.0001130738206600729,0.004288727910958177,-0.0014697139139755349
2022-01-07,-0.0014697139139755349,0.00613084288088728,9.033676299949713e-05,0.004131976083821034,0.005039876404767126
2022-01-10,0.005039876404767126,0.0062909002485408,4.546428643782878e-05,0.004362698279450221,-0.00207567089876734
2022-01-11,-0.00207567089876734,0.0047175890772541374,-0.00020396394834652453,0.003175589498964911,0.003177601119399733
2022-01-12,0.003177601119399733,0.006795042167751646,-0.0003183080939270844,0.0030923803573949687,0.006591516828806482
2022-01-13,0.006591516828806482,0.0037290254689803554,0.00016026823358563597,0.0038742833481737312,0.001350938248421149
2022-01-14,0.001350938248421149,0.00642737301560483,4.578332935349908e-05,0.0033691896445286044,-0.004059033506041391
2022-01-17,-0.004059033506041391,0.0036306963450556365,-0.00012555891737293557,0.004218521462402837,-1.1387453022310162e-05
2022-01-18,-1.1387453022310162e-05,0.008211862993742925,-0.00020535103432788273,0.003934040175513216,-0.0071176043295396296
2022-01-19,-0.0071176043295396296,0.0032905102979302434,-3.3984545974883e-05,0.005251251211026402,0.0012130690311104274
2022-01-20,0.0012130690311104274,0.003418095444574676,-1.1244645657044613e-05,0.003726862197957559,-0.0026169374328443096
2022-01-21,-0.0026169374328443096,0.005198055689254394,-0.00014707028822003468,0.0033069969280694347,0.002446780096805452
2022-01-24,0.002446780096805452,0.0044150073250609585,4.540924132720281e-05,0.0037933816622995114,-0.001529983310857574
2022-01-25,-0.001529983310857574,0.005138025483587581,2.2633594528327192e-05,0.0037330132574263544,-0.0017310860305209989
2022-01-26,-0.0017310860305209989,0.0036662684427264587,9.038099438498844e-05,0.00215986654400082,-0.005411465673910041
2022-01-27,-0.005411465673910041,0.009898787723734731,0.00011250490419567342,0.002820368827031874,-0.008620280849587833
2022-01-28,-0.008620280849587833,0.0041909756228500515,7.807423169628383e-05,0.0042082207546360354,0.00047941591723723085
2022-01-31,0.00047941591723723085,0.0064455511266887505,8.915537151492295e-05,0.003627067221050943,0.006904807091364752
2022-02-01,0.006904807091364752,0.005072127607851713,4.490595069666328e-05,0.005925703386908844,0.003938049490606719
2022-02-02,0.003938049490606719,0.005536687081274954,7.888725404043384e-05,0.006433105532111715,0.0023026608419609075
2022-02-03,0.0023026608419609075,0.015808598343172893,0.0,0.0058740236198814196,0.011947232126998369
2022-02-04,0.011947232126998369,0.006143223034271829,5.712819086486869e-05,0.004490710063128578,0.0016939655604672347
2022-02-07,0.0016939655604672347,0.0037804104659727674,4.579119589327904e-05,0.0042008063284659685,-0.001064746932719005
2022-02-08,-0.001064746932719005,0.004698799297597011,0.00018307249410276296,0.0049176450490439364,-0.0018977167042882913
2022-02-09,-0.0018977167042882913,0.0038275313596945466,1.1481369025917521e-05,0.005521318090352459,2.2753465781710023e-05
2022-02-10,2.2753465781710023e-05,0.009930000489507066,2.27537246438181e-05,0.005644400770787268,-0.0005251315768386432
2022-02-11,-0.0005251315768386432,0.004182523521995387,0.00033114426430432356,0.0013466267522364214,-0.004430837226841851
2022-02-14,-0.004430837226841851,0.006698972413756211,-6.817454066878805e-05,0.0017446536081324692,-0.005180328358145332
2022-02-15,-0.005180328358145332,0.005570491713744648,2.2669219396304698e-05,0.0023179546334529955,0.0044531689986751725
2022-02-16,0.0044531689986751725,0.0041998490359432235,0.00010214367342242613,0.0038783742441262504,0.0016253575664351733
2022-02-17,0.0016253575664351733,0.005215950757199442,0.00017063844773516242,0.0040596577598481015,-0.000773175879513556
2022-02-18,-0.000773175879513556,0.00535716551827063,0.00022742709980619392,0.004056797207453172,-0.0043439218417605854
2022-02-21,-0.0043439218417605854,0.0063173324580737015,-1.1270666531418668e-05,0.004037819291813077,-0.0006675169193645805
2022-02-22,-0.0006675169193645805,0.006601822302381444,0.0,0.0032545453311976984,0.0017205181805229717
2022-02-23,0.0017205181805229717,0.004625947775813837,-0.00012467449173576457,0.0024660452801799192,-0.002071050753779992
2022-02-24,-0.002071050753779992,0.0172882391049085,-2.256403811087125e-05,0.0022155396923002053,-0.010224378977160433
2022-02-25,-0.010224378977160433,0.008758519769679266,-1.1185043657888503e-05,0.004541908522333397,-0.0008614158561598332
2022-02-28,-0.0008614158561598332,0.009065981985101737,0.0,0.004573684677707784,0.003113275910922149
2022-03-01,0.003113275910922149,0.011596312902863063,0.0001122504102561159,0.0052049795013464645,-0.0074420147912893815
2022-03-02,-0.0074420147912893815,0.0074927975491591685,0.00015593240886957005,0.005326728644019816,-0.0018353165879163118
2022-03-03,-0.0018353165879163118,0.0068580757330925475,-0.00011112604471621937,0.005343523034699877,-0.004103040528148159
2022-03-04,-0.004103040528148159,0.016197158369079187,-0.00022131048762918934,0.003913204622537422,-0.017530288361510188
2022-03-07,-0.017530288361510188,0.011233891936576179,5.437570388307207e-05,0.007714458733668106,-0.0008479603892523628
2022-03-08,-0.0008479603892523628,0.006533885348431645,-0.0003912019804230114,0.006743422023451599,0.0030252121150615412
2022-03-09,0.0030252121150615412,0.017734218614979053,-0.00023971238013834203,0.00785367102340551,0.015983954438480188
2022-03-10,0.015983954438480188,0.012104440318595153,4.424592985889747e-05,0.01211499658505509,-0.005422450974016716
2022-03-11,-0.005422450974016716,0.009734753115162328,0.00016530197813532224,0.012221701714893934,-0.007461665202687137
2022-03-14,-0.007461665202687137,0.0077248930072710605,-4.383437367276986e-05,0.009285306013662889,0.0010172042215486929
2022-03-15,0.0010172042215486929,0.007203521290623023,-0.0001970239472862225,0.009227004853605428,0.002388587321219784
2022-03-16,0.002388587321219784,0.007563219637441452,0.0001866293799210986,0.009203825721441706,0.004782947654196474
2022-03-17,0.004782947654196474,0.008099061571817116,-4.423393369993062e-05,0.005250874956815404,0.007012538465957428
2022-03-18,0.007012538465957428,0.01014171377338382,5.552909778427085e-05,0.005533725354786076,-0.00509277099290486
2022-03-21,-0.00509277099290486,0.0036795419690266898,8.830989648417574e-05,0.004590541165956314,-0.002349456247391793
2022-03-22,-0.002349456247391793,0.00763792002392578,7.715447375292455e-05,0.005003083958799622,0.001135375310259787
2022-03-23,0.001135375310259787,0.006912899370142686,-3.3071359888914814e-05,0.0049692202880446705,-0.002126461945392862
2022-03-24,-0.002126461945392862,0.003940750538381864,0.0,0.00463786464142259,0.0002972667240242951
2022-03-25,0.0002972667240242951,0.005065560038737464,5.511643482210873e-05,0.0024554273253430277,-0.0025180276167579654
2022-03-28,-0.0025180276167579654,0.004679949953746511,0.0,0.0017010344504583845,0.0010877383591925164
2022-03-29,0.0010877383591925164,0.015090914374542417,0.0,0.001769219804764754,0.008845097393777262
2022-03-30,0.008845097393777262,0.007297964647937854,0.0,0.004586114349472264,0.006319893943473256
2022-03-31,0.006319893943473256,0.009770243717282913,0.0,0.0046478377494950755,-0.008048664804752047
2022-04-01,-0.008048664804752047,0.004126325463355687,0.0,0.006782610971075905,-0.0022672778283933112
2022-04-04,-0.0022672778283933112,0.006891128776411286,0.0,0.006749674952610734,-0.006485770491401886
2022-04-05,-0.006485770491401886,0.00638705138205639,0.0,0.007576737564378696,-0.006345887741704586
2022-04-06,-0.006345887741704586,0.00566052233806595,0.0,0.005821592981925058,-0.0007521699867265114
2022-04-07,-0.0007521699867265114,0.006226140602268625,0.0,0.0031057613523816476,-0.003068660384801401
2022-04-08,-0.003068660384801401,0.005062601429501073,0.0,0.002542979685265664,0.0018488313653010355
2022-04-11,0.0018488313653010355,0.005341062353280885,0.0,0.0036023072546988344,-0.0006420885703539645
2022-04-12,-0.0006420885703539645,0.004786252064910235,0.0,0.003083299818584777,-0.004774839201849918
2022-04-13,-0.004774839201849918,0.005863266571067056,0.0,0.002534399978880627,0.006484154387127226
2022-04-14,0.006484154387127226,0.015054856272027158,0.0,0.004418309114570734,-0.006960393910240724
2022-04-15,-0.006960393910240724,0.0022789808823171376,0.0,0.005335015356863424,-0.0005300335180195361
2022-04-18,-0.0005300335180195361,0.002976469642908515,0.0,0.00514130679959024,-0.0030992061418720638
2022-04-19,-0.0030992061418720638,0.0046514872873536705,0.0,0.0051818055304618795,0.0011758350863038487
2022-04-20,0.0011758350863038487,0.007632859417828264,0.0,0.0050010844070404676,0.0051189236431801914
2022-04-21,0.0051189236431801914,0.010167080681261003,0.0,0.004534034490971636,-0.0013553055318443394
2022-04-22,-0.0013553055318443394,0.00751110878356324,0.0,0.003121117701909064,-0.00222952123962869
2022-04-25,-0.00222952123962869,0.01034837283473015,0.0,0.0033154319963342367,-0.008997500540048975
2022-04-26,-0.008997500540048975,0.00879131883134006,0.0,0.005182709177903707,-0.0066102261513955
2022-04-27,-0.0066102261513955,0.013130066982023327,0.0,0.005432487730945312,-0.008352179109846734
2022-04-28,-0.008352179109846734,0.008467795081075728,0.0,0.0035168935570086706,-0.004833072313007454
2022-04-29,-0.004833072313007454,0.008207624458907005,0.0,0.0027504209374004454,0.003019304923759393
2022-05-02,0.003019304923759393,0.006047379740327451,0.0,0.004848384934248345,-0.0025570647412530415
2022-05-03,-0.0025570647412530415,0.007922172839013222,0.0,0.004407735879757522,0.0018513560381257603
2022-05-04,0.0018513560381257603,0.005683441287694155,0.0,0.00470534823344721,0.008883347273825875
2022-05-05,0.008883347273825875,0.012742206630620442,0.0,0.005321066081642611,-0.007819372198253615
2022-05-06,-0.007819372198253615,0.010722992747168852,0.0,0.006262131112559101,-0.0007164347743801674
2022-05-09,-0.0007164347743801674,0.00717529048811647,0.0,0.006134129145571234,0.003185736537216687
2022-05-10,0.003185736537216687,0.00553736931688817,0.0,0.006089895347409541,-0.0031120553998316533
2022-05-11,-0.0031120553998316533,0.006509166116436355,0.0,0.006331825166258661,-0.0019467323960849386
2022-05-12,-0.0019467323960849386,0.014858519182945873,0.0,0.00398781166628095,-0.012722865261767163
2022-05-13,-0.012722865261767163,0.006494871267151883,0.0,0.0058973411792477394,0.0020260788046566882
2022-05-16,0.0020260788046566882,0.004484288999382343,0.0,0.0062848966751558955,0.003678174850093924
2022-05-17,0.003678174850093924,0.01162292349300255,0.0,0.006399359471572458,0.010377817305916337
2022-05-18,0.010377817305916337,0.006799023031056207,0.0,0.008523425205138085,-0.007146940759466621
2022-05-19,-0.007146940759466621,0.012603624903829632,0.0,0.009157152025822698,0.010094047194697555
2022-05-20,0.010094047194697555,0.005460037515080066,0.0,0.007174254144172659,-0.0008670358678779666
2022-05-23,-0.0008670358678779666,0.01150146837454282,0.0,0.007464480229806189,0.010561954262868534
2022-05-24,0.010561954262868534,0.007894538315534232,0.0,0.008169939499097502,0.005086835283498354
2022-05-25,0.005086835283498354,0.008611050969027752,0.0,0.007554610794910176,-0.00465950711675043
2022-05-26,-0.00465950711675043,0.006006415023031957,0.0,0.006709016525152594,0.004326801286931803
2022-05-27,0.004326801286931803,0.006244936665417517,0.0,0.005849353414044277,-0.00013951174909253053
2022-05-30,-0.00013951174909253053,0.005379686161090879,0.0,0.005740574518100819,0.003913817743833619
2022-05-31,0.003913817743833619,0.008610899031811895,0.0,0.004095689800558336,-0.0036670195931451026
2022-06-01,-0.0036670195931451026,0.009772867103044949,0.0,0.004159522770718676,-0.007475100550259082
2022-06-02,-0.007475100550259082,0.008712749914348328,0.0,0.005038185470102938,0.009054299007338812
2022-06-03,0.009054299007338812,0.005467669166929733,0.0,0.006443467196930196,-0.002330222818458084
2022-06-06,-0.002330222818458084,0.006213393260025384,0.0,0.006557468077478321,-0.0032340634484176282
2022-06-07,-0.0032340634484176282,0.005249755591949371,0.0,0.006234634044555324,0.0006737905923230617
2022-06-08,0.0006737905923230617,0.0070127502422656345,0.0,0.006164568505431798,0.0017775409484932394
2022-06-09,0.0017775409484932394,0.011469620560094854,0.0,0.004858579177560133,-0.00922813318281883
2022-06-10,-0.00922813318281883,0.01265756140383373,0.0,0.004306991474417934,-0.01224298052450652
2022-06-13,-0.01224298052450652,0.007486329836939902,0.0,0.006125257080461034,-0.007159954992260149
2022-06-14,-0.007159954992260149,0.008079219316690358,0.0,0.0061816641711577615,0.0024401181740229456
2022-06-15,0.0024401181740229456,0.011581369879029996,0.0,0.006637486059226349,0.0014941669127022307
2022-06-16,0.0014941669127022307,0.014126298268215659,0.0,0.006567237945982297,0.008632159944394863
2022-06-17,0.008632159944394863,0.010063925406757712,0.0,0.008284155116159916,-0.005270130105696999
2022-06-20,-0.005270130105696999,0.005607306303410179,0.0,0.006358781423899453,0.002794688034567393
2022-06-21,0.002794688034567393,0.006429799934711896,0.0,0.004947721222079045,0.001126331054716773
2022-06-22,0.001126331054716773,0.012439257239190236,0.0,0.004954593592621476,0.002985212626758971
2022-06-23,0.002985212626758971,0.009104327210068349,0.0,0.004979744342022178,-0.004174658466384516
2022-06-24,-0.004174658466384516,0.00527076077359185,0.0,0.003933941653799496,0.004364781705743179
2022-06-27,0.004364781705743179,0.005998974447496071,0.0,0.0033315851783148258,0.0013957625433815856
2022-06-28,0.0013957625433815856,0.009381927118335673,0.0,0.0032448120630896647,-0.005434475183267472
2022-06-29,-0.005434475183267472,0.006487580696867506,0.0,0.0043795883591116825,-0.007339457036861056
2022-06-30,-0.007339457036861056,0.009082603732228597,0.0,0.00491919503637789,0.0029713085188302992
2022-07-01,0.0029713085188302992,0.010307859101160693,0.0,0.005243129208409606,-0.004182325010529268
2022-07-04,-0.004182325010529268,0.00435663337762457,0.0,0.004471361602521057,-7.300929283569905e-05
2022-07-05,-7.300929283569905e-05,0.020248535447533952,0.0,0.004189324546568194,-0.016965678829353473
2022-07-06,-0.016965678829353473,0.010890832515956284,0.0,0.0076984851773527155,-0.006971445470808471
2022-07-07,-0.006971445470808471,0.006468124387871664,0.0,0.007673654196972927,-0.0016284792512087165
2022-07-08,-0.0016284792512087165,0.010949262326433108,0.0,0.006684436414316882,-0.0003660231172386901
2022-07-11,-0.0003660231172386901,0.011162113308524728,0.0,0.007141049288210055,-0.011733736567112072
2022-07-12,-0.011733736567112072,0.007239743844527035,0.0,0.006949206501065663,-0.0014358094078833954
2022-07-13,-0.0014358094078833954,0.011694811380947301,0.0,0.004825273949435981,-4.0160580542073956e-05
2022-07-14,-4.0160580542073956e-05,0.009531259579916533,0.0,0.004906527772965083,-0.0007020012314786962
2022-07-15,-0.0007020012314786962,0.008711628750919426,0.0,0.004989984820890354,0.00702249344752808
2022-07-18,0.00702249344752808,0.011539298033415803,0.0,0.006709316292679674,0.004827628644534584
2022-07-19,0.004827628644534584,0.014050586623976898,0.0,0.0037572356629687904,0.008456116811406341
2022-07-20,0.008456116811406341,0.00937855877349009,0.0,0.004125261209652486,-0.004756441789894104
2022-07-21,-0.004756441789894104,0.011024667007572991,0.0,0.0055487038981329425,0.0037542692053991913
2022-07-22,0.0037542692053991913,0.011855636737066957,0.0,0.005155487478309944,-0.0020420728121366286
2022-07-25,-0.0020420728121366286,0.007431712739234186,0.0,0.005355622622582875,0.002420351548135624
2022-07-26,0.002420351548135624,0.013209620872933458,0.0,0.005147416997239701,-0.009373056494817926
2022-07-27,-0.009373056494817926,0.006363912066542635,0.0,0.005352868940474816,0.007840516682384753
2022-07-28,0.007840516682384753,0.011498014869852014,0.0,0.006559317451170173,-0.0016628379501900366
2022-07-29,-0.0016628379501900366,0.010322054703275869,0.0,0.006335098135622313,0.0015606629240480755
2022-08-01,0.0015606629240480755,0.006783133462932919,0.0,0.006329756024555203,0.005189064513554008
2022-08-02,0.005189064513554008,0.01066468398032029,0.0,0.0066882041482806106,-0.010351198843136136
2022-08-03,-0.010351198843136136,0.008312979328594865,0.0,0.00706082041684645,0.00019283970848837684
2022-08-04,0.00019283970848837684,0.007529881698435989,0.0,0.0057915376434859766,0.00883555172373451
2022-08-05,0.00883555172373451,0.010286895634266666,0.0,0.007223628693378547,-0.007534415937540125
2022-08-08,-0.007534415937540125,0.006075519708577587,0.0,0.008158649016598473,0.0026274810000368686
2022-08-09,0.0026274810000368686,0.005661886899735247,0.0,0.007764673542493295,0.001030518147346478
2022-08-10,0.001030518147346478,0.01627134771391878,0.0,0.005863630284450098,0.009034052397915944
2022-08-11,0.009034052397915944,0.008696987578757717,0.0,0.006805370420293919,0.0015463236906874298
2022-08-12,0.0015463236906874298,0.00850768317927688,0.0,0.005910787874874388,-0.005863386210464329
2022-08-15,-0.005863386210464329,0.008276671664516429,0.0,0.005299104956494412,-0.00924938057915025
2022-08-16,-0.00924938057915025,0.006987164507710242,0.0,0.007115913574715541,0.0008539974026696639
2022-08-17,0.0008539974026696639,0.004894294513999715,0.0,0.007105609663287258,0.0009361784420449659
2022-08-18,0.0009361784420449659,0.007908768417667847,0.0,0.004903853165062988,-0.008908664203253895
2022-08-19,-0.008908664203253895,0.007533770588025409,0.0,0.005051104764900782,-0.005433672462005448
2022-08-22,-0.005433672462005448,0.012008271170075727,0.0,0.0050245506159070415,-0.009587811226055044
2022-08-23,-0.009587811226055044,0.011659568496839105,0.0,0.005108455921592933,0.0027571059008813115
2022-08-24,0.0027571059008813115,0.008650555864535527,0.0,0.005643295849633604,0.00021927184316001224
2022-08-25,0.00021927184316001224,0.007403544567960751,0.0,0.005492104214918131,0.00021940310248669677
2022-08-26,0.00021940310248669677,0.014139905363351048,0.0,0.00502939662889183,-0.0032752411283479355
2022-08-29,-0.0032752411283479355,0.011688202258140695,0.0,0.004786960196334182,0.0075519840269269055
2022-08-30,0.0075519840269269055,0.006874817865122099,0.0,0.004009045889572725,0.0011022011823750134
2022-08-31,0.0011022011823750134,0.010544991742801699,0.0,0.003946574282623426,0.0013944510247493138
2022-09-01,0.0013944510247493138,0.012792044331995253,0.0,0.003911115590976579,-0.008676090547837427
2022-09-02,-0.008676090547837427,0.008246454188798047,0.0,0.006030536989021021,-0.0043199709658942095
2022-09-05,-0.0043199709658942095,0.006325735277178617,0.0,0.0061723382326796085,0.004310029151858244
2022-09-06,0.004310029151858244,0.01207547120090692,0.0,0.0051964099000454626,-0.005468817444529394
2022-09-07,-0.005468817444529394,0.007818736918513997,0.0,0.005286774775772034,0.009827376612399016
2022-09-08,0.009827376612399016,0.009568035310663182,0.0,0.007668978714680022,0.0016306906812627682
2022-09-09,0.0016306906812627682,0.01028136898065138,0.0,0.006309368489432892,0.005914473623920646
2022-09-12,0.005914473623920646,0.013114504951643752,0.0,0.005703609430067708,0.005757313715473667
2022-09-13,0.005757313715473667,0.018919622481947,0.0,0.0058071003946246974,-0.014670914986609497
2022-09-14,-0.014670914986609497,0.005922408406675618,0.0,0.009595430646956326,0.00019959706297365223
2022-09-15,0.00019959706297365223,0.006054596259256749,0.0,0.008452649876702889,0.00042938969546703256
2022-09-16,0.00042938969546703256,0.008993645811881636,0.0,0.008403334262992702,0.003401793701857639
2022-09-19,0.003401793701857639,0.006113158524511044,0.0,0.007990782734448988,0.0007219640016474552
2022-09-20,0.0007219640016474552,0.009289198172255004,0.0,0.007209011238388621,-0.005880143867171973
2022-09-21,-0.005880143867171973,0.010524024040360106,0.0,0.003414657117583387,-0.014147680973100527
2022-09-22,-0.014147680973100527,0.009678774947473705,0.0,0.007055452649424011,0.0011016046308961233
2022-09-23,0.0011016046308961233,0.015067061012821225,0.0,0.007145231884624333,-0.015526806604905349
2022-09-26,-0.015526806604905349,0.012133978282453474,0.0,0.007905576153100925,-0.006856387846966306
2022-09-27,-0.006856387846966306,0.007847622091291001,0.0,0.00675915548166436,-0.002863768255198798
2022-09-28,-0.002863768255198798,0.015224595580375398,0.0,0.0071482862986037895,0.011601697507510717
2022-09-29,0.011601697507510717,0.015352651493988262,0.0,0.010007961580659983,0.012425726247878358
2022-09-30,0.012425726247878358,0.011590504496382265,0.0,0.012093319943937048,-0.0037577051702841185
2022-10-03,-0.0037577051702841185,0.009255843410032083,0.0,0.009166119342461579,0.004013323097089272
2022-10-04,0.004013323097089272,0.01763914150026861,0.0,0.007675761885031479,0.015366962792935222
2022-10-05,0.015366962792935222,0.01589996535712045,0.0,0.00776118777596736,-0.0073711760409446
2022-10-06,-0.0073711760409446,0.01382441808486053,0.0,0.009869078176936134,-0.012381194971008931
2022-10-07,-0.012381194971008931,0.008616785927158458,0.0,0.010846518421515091,-0.005535011240227534
2022-10-10,-0.005535011240227534,0.007167977303854173,0.0,0.01099472742773668,-0.0025667468761050396
2022-10-11,-0.0025667468761050396,0.008662081289819589,0.0,0.010604367554860147,-0.0010190096651594642
2022-10-12,-0.0010190096651594642,0.006529668067474371,0.0,0.004448581685007734,0.0008054917847734313
2022-10-13,0.0008054917847734313,0.016391979146936308,0.0,0.005160836741144873,0.004456053379512562
2022-10-14,0.004456053379512562,0.009673879650861361,0.0,0.0037346160628536768,-0.0012278291632679555
2022-10-17,-0.0012278291632679555,0.012584976498411157,0.0,0.0027202587137411843,0.010928647456163097
2022-10-18,0.010928647456163097,0.005993639521554873,0.0,0.005089280059975678,0.001773901881606993
2022-10-19,0.001773901881606993,0.010827524971233638,0.0,0.004705697100302394,-0.009923054996403871
2022-10-20,-0.009923054996403871,0.009175219534856527,0.0,0.007668026527243949,0.001270565200929725
2022-10-21,0.001270565200929725,0.015303477554405759,0.0,0.007459523897170757,0.00826791765473566
2022-10-24,0.00826791765473566,0.008185411630264008,0.0,0.008072722115220931,0.002675640869900312
2022-10-25,0.002675640869900312,0.012455747944148247,0.0,0.006622703441079111,0.007781101042108333
2022-10-26,0.007781101042108333,0.013643036193210896,0.0,0.007345996961762239,0.012785248640600487
2022-10-27,0.012785248640600487,0.011735726070199853,0.0,0.004642953833373219,-0.012376571094321305
2022-10-28,-0.012376571094321305,0.006774480960581707,0.0,0.009740228781660039,-0.0012850891507327354
2022-10-31,-0.0012850891507327354,0.009500876047339658,0.0,0.009586991064874114,-0.0069244643938310545
2022-11-01,-0.0069244643938310545,0.00905364323407643,0.0,0.010329414447819039,-0.0008498484807726496
2022-11-02,-0.0008498484807726496,0.004654490826967421,0.0,0.009380791434619059,-0.0064492786516353135
2022-11-03,-0.0064492786516353135,0.011044011950555106,0.0,0.004732260496226489,-0.006622268577274553
2022-11-04,-0.006622268577274553,0.019456672351229453,0.0,0.0030746445715003753,0.01821134690851107
2022-11-07,0.01821134690851107,0.008616214165392875,0.0,0.010774775056641652,0.00900614640617105
2022-11-08,0.00900614640617105,0.011790239212587933,0.0,0.010765412970288872,0.006190521830417323
2022-11-09,0.006190521830417323,0.007565369207897235,0.0,0.010651521494828228,-0.006100333328057607
2022-11-10,-0.006100333328057607,0.02447216525215116,0.0,0.010566191762969478,0.017088145716665497
2022-11-11,0.017088145716665497,0.016891040763484022,0.0,0.00982480636083051,0.01328688092947409
2022-11-14,0.01328688092947409,0.007422828860357491,0.0,0.00885431466302989,-0.0008982339897683712
2022-11-15,-0.0008982339897683712,0.015663024444927582,0.0,0.009618317231284841,0.003732208964276908
2022-11-16,0.003732208964276908,0.009738737405346604,0.0,0.009663335660051457,0.003579922982457949
2022-11-17,0.003579922982457949,0.009257145124517101,0.0,0.007506880024203541,-0.0032068688117481065
2022-11-18,-0.0032068688117481065,0.006548859371232402,0.0,0.006323912062819778,-0.0029797984214465644
2022-11-21,-0.0029797984214465644,0.01028053171256652,0.0,0.0034170504847597046,-0.008282004908750605
2022-11-22,-0.008282004908750605,0.004567810265594798,0.0,0.005105311702457859,0.006362364906543442
2022-11-23,0.006362364906543442,0.008139714755630514,0.0,0.005851339940562163,0.010145862095391856
2022-11-24,0.010145862095391856,0.006197347835889476,0.0,0.007588495561936646,-0.0007809388137343784
2022-11-25,-0.0007809388137343784,0.007004507757404362,0.0,0.007374123053474436,-0.00390593444818525
2022-11-28,-0.00390593444818525,0.014879762508835031,0.0,0.007506174150086946,-0.002123004481568896
2022-11-29,-0.002123004481568896,0.0066394199253347564,0.0,0.00602038093828038,-0.0020359552381959117
2022-11-30,-0.0020359552381959117,0.009906223638460016,0.0,0.005637352073988868,0.009721073718734909
2022-12-01,0.009721073718734909,0.012803957636802163,0.0,0.0054512502254192696,0.009837653378816175
2022-12-02,0.009837653378816175,0.010544753778357074,0.0,0.006869600513099606,0.0014961831121075887
2022-12-05,0.0014961831121075887,0.009645901280527834,0.0,0.006022352018129556,-0.004492329102575546
2022-12-06,-0.004492329102575546,0.005245610165876664,0.0,0.006626439934509073,-0.002662687988950827
2022-12-07,-0.002662687988950827,0.009784283679777017,0.0,0.006748088331242715,0.004217558881531055
2022-12-08,0.004217558881531055,0.006799173617442024,0.0,0.00570037027900228,0.004404086803714652
2022-12-09,0.004404086803714652,0.0064767941968502,0.0,0.004029194238625842,-0.0035522143897896534
2022-12-12,-0.0035522143897896534,0.006856035046488622,0.0,0.0043647166298242755,0.001853566131702255
2022-12-13,0.001853566131702255,0.01324587936382145,0.0,0.0037648897060240344,0.00802275589918932
2022-12-14,0.00802275589918932,0.004681139245859707,0.0,0.004269871827380385,0.004665415530993445
2022-12-15,0.004665415530993445,0.011071945425447541,0.0,0.004306622334487171,-0.003357472785711803
2022-12-16,-0.003357472785711803,0.006001378004582145,0.0,0.005044988445407202,-0.005232043416178128
2022-12-19,-0.005232043416178128,0.00772836274100947,0.0,0.005502897775065789,0.002787749794717641
2022-12-20,0.002787749794717641,0.007052659324704332,0.0,0.005546725389816459,0.0011683215286929897
2022-12-21,0.0011683215286929897,0.004372730119956667,0.0,0.0041698118536761634,-0.0015928200295245159
2022-12-22,-0.0015928200295245159,0.006920940454228006,0.0,0.0032621782076340112,-0.0006363550446384674
2022-12-23,-0.0006363550446384674,0.004076464256652094,0.0,0.00304120101596599,0.00606216291441548
2022-12-26,0.00606216291441548,0.005516715475801624,0.0,0.0030287983661656634,-0.0025889456317026356
2022-12-27,-0.0025889456317026356,0.00531523421504168,0.0,0.0034130469344989625,-0.0002871907082003092
2022-12-28,-0.0002871907082003092,0.0056769495630555385,0.0,0.003401979115832751,-0.0007444128462590291
2022-12-29,-0.0007444128462590291,0.005443751120119168,0.0,0.0033106737846418997,0.0029593483845724387
2022-12-30,0.0029593483845724387,0.005508958627235407,0.0,0.003428292293030615,0.004583966492703552
2023-01-02,0.004583966492703552,0.005519827746646013,0.0,0.002916853699043155,-0.002994245842760573
2023-01-03,-0.002994245842760573,0.015084319551069578,0.0,0.0030371909777894596,-0.012331112219669753
2023-01-04,-0.012331112219669753,0.008111248767002704,0.0,0.006648428167676682,0.0056266257915620664
2023-01-05,0.0056266257915620664,0.011037100843585383,0.0,0.0074418089430364305,-0.007965313943903736
2023-01-06,-0.007965313943903736,0.013019397109398827,0.0,0.0077929781287914964,0.01266446764454612
2023-01-09,0.01266446764454612,0.010013790986458253,0.0,0.010142935525625434,0.007186750031592487
2023-01-10,0.007186750031592487,0.004069351008541317,0.0,0.010651645087470697,0.0005367494741383354
2023-01-11,0.0005367494741383354,0.004455690143543623,0.0,0.0077826098817892365,0.0025161245552818563
2023-01-12,0.0025161245552818563,0.00931838777142624,0.0,0.007705029356442327,0.00871525666027755
2023-01-13,0.00871525666027755,0.008026362454774737,0.0,0.0048645698666613295,-0.0032852201698865342
2023-01-16,-0.0032852201698865342,0.006729036516107475,0.0,0.004896658979655705,0.0005088817702902599
2023-01-17,0.0005088817702902599,0.007578119952171763,0.0,0.004400450202345444,-0.003405693577534443
2023-01-18,-0.003405693577534443,0.010879732381512502,0.0,0.004995942775160194,0.00042104731419264534
2023-01-19,0.00042104731419264534,0.004641033635184153,0.0,0.004925388711900541,0.0033312026121230954
2023-01-20,0.0033312026121230954,0.0047964815605427745,0.0,0.002861110120466044,0.002875225962125885
2023-01-23,0.002875225962125885,0.006628383917646667,3.25872606194147e-05,0.002674661404735725,0.0008477594599432104
2023-01-24,0.0008477594599432104,0.005289728654339423,0.0,0.0026714381341390405,0.0012731397801450267
2023-01-25,0.0012731397801450267,0.005925568111461379,0.0,0.0012819792842418307,0.0031079443693967086
2023-01-26,0.0031079443693967086,0.00740804206909574,0.0,0.001141232272376759,-0.0025307945071393893
2023-01-27,-0.0025307945071393893,0.005759219478204845,0.0,0.002261551756359554,-0.002111230865447573
2023-01-30,-0.002111230865447573,0.005558005701542101,0.0,0.002387061199515436,-0.0019115507750811752
2023-01-31,-0.0019115507750811752,0.0059195436015513575,0.0,0.002492614178777226,0.0009444879359144774
2023-02-01,0.0009444879359144774,0.00658261059401549,0.0,0.002440106274868881,0.013889426300071808
2023-02-02,0.013889426300071808,0.012612778394176386,0.0,0.006975164220381148,-0.009830096693875398
2023-02-03,-0.009830096693875398,0.011887451106168618,0.0,0.008636519224520465,-0.010533224660065373
2023-02-06,-0.010533224660065373,0.0075952015630525345,0.0,0.009924317339861337,-0.005584813467052059
2023-02-07,-0.005584813467052059,0.007127718594590439,0.0,0.010097930540163804,-9.654286024440955e-05
2023-02-08,-9.654286024440955e-05,0.004040997032580496,0.0,0.01002677939885534,-0.0012975112698280708
2023-02-09,-0.0012975112698280708,0.0073561493180949,0.0,0.00476821667146526,0.0024677288529569175
2023-02-10,0.0024677288529569175,0.007678036702411464,0.0,0.005115049629875543,-0.006029713504830647
2023-02-13,-0.006029713504830647,0.0063476904843032065,0.0,0.0036437691644768803,0.004923821832562189
2023-02-14,0.004923821832562189,0.008245005625836542,0.0,0.00413472491568959,0.000493805176462593
2023-02-15,0.000493805176462593,0.0073228575356208275,0.0,0.0041399344519681865,-0.0041033356099456205
2023-02-16,-0.0041033356099456205,0.006219383076802317,0.0,0.004548679307482696,-0.0024348106615187685
2023-02-17,-0.0024348106615187685,0.0063457539522649,0.0,0.0042832759163261075,0.0017506575018656283
2023-02-20,0.0017506575018656283,0.00317580674350182,0.0,0.0035439708634909116,-0.00017083247061335562
2023-02-21,-0.00017083247061335562,0.004753364799992323,0.0,0.0023514418089095723,-0.0028695678084155025
2023-02-22,-0.0028695678084155025,0.004359327285060029,0.0,0.002336605525260716,-0.004347163411922486
2023-02-23,-0.004347163411922486,0.004560744528955755,0.0,0.002404371795973105,-0.0007315422531570732
2023-02-24,-0.0007315422531570732,0.0072187770766005644,0.0,0.002379598785234497,-0.004093047633147317
2023-02-27,-0.004093047633147317,0.008064628161843277,0.0,0.001911954946287784,0.005333744882631879
2023-02-28,0.005333744882631879,0.0059046272217481354,0.0,0.0039959654917565614,-0.003199469102332789
2023-03-01,-0.003199469102332789,0.011854085872810534,0.0,0.004030081939987048,0.008625932198623705
2023-03-02,0.008625932198623705,0.008363913303577594,0.0,0.005552792627861201,-0.006508235473883866
2023-03-03,-0.006508235473883866,0.0035791805841402656,0.0,0.006561197676354289,0.00249404754925224
2023-03-06,0.00249404754925224,0.006660269170500378,0.0,0.006175916696165586,0.005829571489454962
2023-03-07,0.005829571489454962,0.011669280238054342,0.0,0.006259307991534152,-0.01295549318169404
2023-03-08,-0.01295549318169404,0.004420147311880198,0.0,0.008993728344938563,-0.00011604393253258556
2023-03-09,-0.00011604393253258556,0.0045474459079032315,0.0,0.00750132283570314,0.0033286223856131797
2023-03-10,0.0033286223856131797,0.011608848610482449,0.0,0.007394918756124405,0.00930472022571737
2023-03-13,0.00930472022571737,0.007943681006622115,0.0,0.008568639475268272,0.0038642763226350934
2023-03-14,0.0038642763226350934,0.006292576986616672,0.0,0.00833817784966603,0.00024672420948644856
2023-03-15,0.00024672420948644856,0.022349455956882373,0.0,0.0037869661030568743,-0.013542768888188825
2023-03-16,-0.013542768888188825,0.007509156663337447,0.0,0.008573325250662733,0.0029041044625179304
2023-03-17,0.0029041044625179304,0.005419158445159422,0.0,0.008542091756791808,0.006079118908904215
2023-03-20,0.006079118908904215,0.009188136778970209,0.0,0.007806237320394537,0.003766032493777598
2023-03-21,0.003766032493777598,0.00768104709663917,0.0,0.007793910709251296,0.0051261462943097014
2023-03-22,0.0051261462943097014,0.003893966476305545,0.0,0.008147118094130126,0.008884978951823826
2023-03-23,0.008884978951823826,0.005554382148598064,0.0,0.0023221292783918083,-0.003255851136334388
2023-03-24,-0.003255851136334388,0.011083049431159614,0.0,0.004530010337204442,-0.0052627456329634136
2023-03-27,-0.0052627456329634136,0.004447321580945953,0.0,0.005927817800825557,0.002676531691747025
2023-03-28,0.002676531691747025,0.004160549698206268,0.0,0.005859487992000723,0.0029980508706151767
2023-03-29,0.0029980508706151767,0.004673562708453644,0.0,0.005614565635548366,0.00037945700938650024
2023-03-30,0.00037945700938650024,0.00894385629321812,0.0,0.003653025058938853,0.00561102204353324
2023-03-31,0.00561102204353324,0.005984925033476422,0.0,0.004101165947767016,-0.00933429102172971
2023-04-03,-0.00933429102172971,0.01169744093651914,0.0,0.005784076794984225,0.010032490718915488
2023-04-04,0.010032490718915488,0.008043153760506825,0.0,0.007239288255282131,0.0043744645083256635
2023-04-05,0.0043744645083256635,0.005828364424070979,0.0,0.007315475495170204,-0.005192595096162725
2023-04-06,-0.005192595096162725,0.004092108074161955,0.0,0.008051894100674794,0.001538549661100185
2023-04-07,0.001538549661100185,0.004060599953997989,0.0,0.007678598206822313,-0.0006003677951654333
2023-04-10,-0.0006003677951654333,0.00785693368116622,0.0,0.005675883374888399,-0.004062541073859795
2023-04-11,-0.004062541073859795,0.005397103309616291,0.0,0.003944051056188802,0.004422717649457876
2023-04-12,0.004422717649457876,0.007631354789862582,0.0,0.003959869819230374,0.007517639083118104
2023-04-13,0.007517639083118104,0.007941043267225547,0.0,0.004465500611517717,0.004962212603613521
2023-04-14,0.004962212603613521,0.008810044429807607,0.0,0.004679789164863289,-0.0061715209978287396
2023-04-17,-0.0061715209978287396,0.008039408760094291,0.0,0.0060497313223483095,-0.005587493587279635
2023-04-18,-0.005587493587279635,0.005556323584625777,0.0,0.006417075027482705,0.004566272411435851
2023-04-19,0.004566272411435851,0.006218869537770813,0.0,0.006436348841867579,-0.002115996750198505
2023-04-20,-0.002115996750198505,0.004991751164126963,0.0,0.00537310752055419,0.0017100195037914891
2023-04-21,0.0017100195037914891,0.004811975467780641,0.0,0.0046371354664046065,0.0019436539865792446
2023-04-24,0.0019436539865792446,0.005956629800761003,0.0,0.003974826500084246,0.006097313856667734
2023-04-25,0.006097313856667734,0.008935927068210106,0.0,0.003139797603846087,-0.007360557750447326
2023-04-26,-0.007360557750447326,0.011373121541216898,0.0,0.005062592807956427,0.006255217206481515
2023-04-27,0.006255217206481515,0.006464243737976525,0.0,0.005528003815999953,-0.0013799111710280244
2023-04-28,-0.0013799111710280244,0.007080343704200607,0.0,0.005700691587092097,-0.0019178010282847264
2023-05-01,-0.0019178010282847264,0.006232148506239619,0.0,0.005820025782687583,-0.0037915711025151917
2023-05-02,-0.0037915711025151917,0.005621481412009164,0.0,0.004995830955721152,0.0037915711025152355
2023-05-03,0.0037915711025152355,0.004741776809747114,0.0,0.0042341620659125095,0.0052549776984911626
2023-05-04,0.0052549776984911626,0.009445802865780995,0.0,0.003910970194199194,-0.004164264686122795
2023-05-05,-0.004164264686122795,0.006926794007203866,0.0,0.004394572211986615,-0.0003857253962110418
2023-05-08,-0.0003857253962110418,0.003711943652024594,0.0,0.00429410341084374,-0.002047395993579254
2023-05-09,-0.002047395993579254,0.005189809318521851,0.0,0.003951988019913688,-0.002865913186300644
2023-05-10,-0.002865913186300644,0.005645134022329157,0.0,0.003673144760903364,0.0017668981432014084
2023-05-11,0.0017668981432014084,0.00886369898999369,0.0,0.002300553423353174,-0.006568885442957101
2023-05-12,-0.006568885442957101,0.007288690092858998,0.0,0.0030991986565519136,-0.005462812705340129
2023-05-15,-0.005462812705340129,0.004006743482080133,0.0,0.0032574835657487844,0.0019335633003228461
2023-05-16,0.0019335633003228461,0.004311122639401626,0.0,0.003968356081424006,-0.0007390751916854932
2023-05-17,-0.0007390751916854932,0.005875948994068208,0.0,0.003998290111418862,-0.0025176532621469594
2023-05-18,-0.0025176532621469594,0.007759134980461652,0.0,0.003462137380941426,-0.005824982238710198
2023-05-19,-0.005824982238710198,0.00583711267258159,0.0,0.0032630106857847946,0.004384526476817772
2023-05-22,0.004384526476817772,0.00315494036256205,0.0,0.003944947639643456,-0.0010816775529980448
2023-05-23,-0.0010816775529980448,0.005322439326573633,0.0,0.0036922309737754204,-0.003830587378759216
2023-05-24,-0.003830587378759216,0.004613534058961776,0.0,0.003860044935860112,-0.0011517220146606885
2023-05-25,-0.0011517220146606885,0.004401760216492001,0.0,0.0038425593043167395,-0.0030611228585489007
2023-05-26,-0.0030611228585489007,0.005174344278303677,0.0,0.0032120791209450106,-0.00012872774100575668
2023-05-29,-0.00012872774100575668,0.003679982692897747,0.0,0.001535434117359514,-0.0014359146269737272
2023-05-30,-0.0014359146269737272,0.006758778763970547,0.0,0.0014988110694192905,0.0023693153366323217
2023-05-31,0.0023693153366323217,0.008120906962153044,0.0,0.0020041136706561748,-0.0035357396735581593
2023-06-01,-0.0035357396735581593,0.008399231679178687,0.0,0.00239029877934576,0.0061149472576090295
2023-06-02,0.0061149472576090295,0.005690497510580435,0.0,0.003718063417129317,-0.005793991984985513
2023-06-05,-0.005793991984985513,0.004482735989904011,0.0,0.004746023119296366,0.0012310444535194906
2023-06-06,0.0012310444535194906,0.006135298409429729,0.0,0.0047582499424519645,-0.0012845298458358555
2023-06-07,-0.0012845298458358555,0.006672815422657887,0.0,0.004596018603304305,0.0008775787233301165
2023-06-08,0.0008775787233301165,0.007533579186582102,0.0,0.004319615943909327,0.007005755705541979
2023-06-09,0.007005755705541979,0.0036881443957175516,0.0,0.004630271188816838,-0.002950108908663662
2023-06-12,-0.002950108908663662,0.005149495140795299,0.0,0.003773493561097698,0.001118733030584114
2023-06-13,0.001118733030584114,0.005756232189334196,0.0,0.0037719293876458298,0.0024462092295930112
2023-06-14,0.0024462092295930112,0.007656371916530343,0.0,0.003582793325685293,0.004964585042939019
2023-06-15,0.004964585042939019,0.01238174908504545,0.0,0.003807526821655851,0.0094453390353827
2023-06-16,0.0094453390353827,0.004647289239192619,0.0,0.004600312835516239,-0.00035019805065028125
2023-06-19,-0.00035019805065028125,0.0035004148639838795,0.0,0.003843627503866073,-0.0016290790607261115
2023-06-20,-0.0016290790607261115,0.004639036941518038,0.0,0.004425998219021389,-0.0003603890756642699
2023-06-21,-0.0003603890756642699,0.005003128046652692,0.0,0.004680537537936316,0.0065958385047388485
2023-06-22,0.0065958385047388485,0.005462901018957107,0.0,0.004951758524727131,-0.0030732684689762355
2023-06-23,-0.0030732684689762355,0.010389541166943074,0.0,0.0037274867506996968,-0.004777632503592381
2023-06-26,-0.004777632503592381,0.00308563205507292,0.0,0.004371905194134196,0.00034915070130469645
2023-06-27,0.00034915070130469645,0.006679906218867367,0.0,0.004350486177885005,0.004275092385421326
2023-06-28,0.004275092385421326,0.005736116241105316,0.0,0.004793325633366146,-0.0037840835446616475
2023-06-29,-0.0037840835446616475,0.007174613942822392,0.0,0.0037134304130343795,-0.004389391468142812
2023-06-30,-0.004389391468142812,0.008950544294006072,0.0,0.0039032936394489464,0.0036256293054996442
2023-07-03,0.0036256293054996442,0.005458652016999571,0.0,0.004035108034448174,0.0005127715237786305
2023-07-04,0.0005127715237786305,0.002516993969460721,0.0,0.004039154038487447,-0.002583028033271871
2023-07-05,-0.002583028033271871,0.003777480011674573,0.0,0.0033506098944949356,-0.002609042610231512
2023-07-06,-0.002609042610231512,0.006190401994561863,0.0,0.0031713023308669653,0.0031316333957207934
2023-07-07,0.0031316333957207934,0.00881965837862073,0.0,0.0029929417324413427,0.007235687276283276
2023-07-10,0.007235687276283276,0.004397923032760777,0.0,0.004166342882186712,0.0032964262291078506
2023-07-11,0.0032964262291078506,0.004267337344184185,0.0,0.0042471755735204965,0.0007375598559580265
2023-07-12,0.0007375598559580265,0.01026813057789108,0.0,0.0036252007913587536,0.011777095963888725
2023-07-13,0.011777095963888725,0.005881766513112702,0.0,0.004336212461611402,0.007056971456513566
2023-07-14,0.007056971456513566,0.003446759927770034,0.0,0.0042136499752278836,0.00038176749039734993
2023-07-17,0.00038176749039734993,0.004064861967756109,0.0,0.00479442819986199,0.0008760804247069806
2023-07-18,0.0008760804247069806,0.004953653840829606,0.0,0.005078993158065918,-0.0007750081239521136
2023-07-19,-0.0007750081239521136,0.005649465002086967,0.0,0.005370897400718978,-0.0021089211406578354
2023-07-20,-0.0021089211406578354,0.008613528699846973,0.0,0.003530700424991862,-0.006099333142796828
2023-07-21,-0.006099333142796828,0.003358103714486793,0.0,0.002794052087391513,-0.0010575594390251743
2023-07-24,-0.0010575594390251743,0.0068525384137325075,0.0,0.0026142638815129906,-0.0056025324565005105
2023-07-25,-0.0056025324565005105,0.006043234925854968,0.0,0.0025403713252358153,-0.0011498495492447674
2023-07-26,-0.0011498495492447674,0.004352199805928825,0.0,0.00245773524641576,0.002522653382695378
2023-07-27,0.002522653382695378,0.015082949280490528,0.0,0.0035869057787495076,-0.0090322881585568
2023-07-28,-0.0090322881585568,0.009087317995215654,0.0,0.004493465052713844,0.004136542263487061
2023-07-31,0.004136542263487061,0.0035617031165062463,0.0,0.0055025598188914076,-0.002422420040456656
2023-08-01,-0.002422420040456656,0.004350791419560128,0.0,0.005127811377658789,0.000935235248612383
2023-08-02,0.000935235248612383,0.008004154176701757,0.0,0.005215827523404199,-0.005806247203498307
2023-08-03,-0.005806247203498307,0.0036921253684393716,0.0,0.00523051838154643,0.000678808663551108
2023-08-04,0.000678808663551108,0.009559202747752385,0.0,0.0037682514630094873,0.004654296286017525
2023-08-07,0.004654296286017525,0.0041706610130413605,0.0,0.003930965819784422,4.3987404008198875e-05
2023-08-08,4.3987404008198875e-05,0.007164155431165467,0.0,0.003763679652143954,-0.004030051842362894
2023-08-09,-0.004030051842362894,0.0035062566660808724,0.0,0.004126200115930524,0.0017110349162026246
2023-08-10,0.0017110349162026246,0.008231312477344887,0.0,0.003139418070443226,0.0003623075742100826
2023-08-11,0.0003623075742100826,0.004784915450644941,0.0,0.003140914992260804,-0.0033984892951348677
2023-08-14,-0.0033984892951348677,0.0075708915357352025,0.0,0.0025104828480825227,-0.003157967124503774
2023-08-15,-0.003157967124503774,0.004474711955168963,0.0,0.002565536623818117,-0.0005235270892915599
2023-08-16,-0.0005235270892915599,0.0033877463025373043,0.0,0.0022272282587864536,-0.0026897159765402793
2023-08-17,-0.0026897159765402793,0.005048937167977834,0.0,0.0016928231419872327,-2.170477883410121e-05
2023-08-18,-2.170477883410121e-05,0.004520781783924374,0.0,0.0015698160800142694,8.703551240746353e-05
2023-08-21,8.703551240746353e-05,0.003948982309760597,0.0,0.0015440719008780308,0.0020903019933335067
2023-08-22,0.0020903019933335067,0.008991708779068495,0.0,0.0017075094013690555,-0.004751376251991785
2023-08-23,-0.004751376251991785,0.006225391848323939,0.0,0.0026739643132884373,0.001758781883683745
2023-08-24,0.001758781883683745,0.005651417100078751,0.0,0.002734327967970703,-0.006152814519424532
2023-08-25,-0.006152814519424532,0.006765226782906493,0.0,0.003814188981934874,-0.00016206242353233513
2023-08-28,-0.00016206242353233513,0.0022184919818969994,0.0,0.0037915740983304907,0.0026055993913910217
2023-08-29,0.0026055993913910217,0.006759067010896764,0.0,0.003916580507415403,0.004024426701277785
2023-08-30,0.004024426701277785,0.008220992996631298,0.0,0.003971826561232685,0.005810180468786455
2023-08-31,0.005810180468786455,0.009380337884511895,0.0,0.004666980118201514,-0.008122741160144649
2023-09-01,-0.008122741160144649,0.008755378602379956,0.0,0.005461114102097772,-0.006312829592228983
2023-09-04,-0.006312829592228983,0.0032529637591848797,0.0,0.006359595138579797,0.0017254962677647017
2023-09-05,0.0017254962677647017,0.008484096184895517,0.0,0.006267148946764404,-0.006348504572645787
2023-09-06,-0.006348504572645787,0.004012000325414263,0.0,0.006077947292102099,-0.00018239543948600666
2023-09-07,-0.00018239543948600666,0.0043432081515185315,0.0,0.004333065810534811,-0.0024634271506725662
2023-09-08,-0.0024634271506725662,0.004392364993863926,0.0,0.003617392232127451,0.0018952427901441611
2023-09-11,0.0018952427901441611,0.004235566546787595,0.0,0.0034350925937799543,0.003005598219411332
2023-09-12,0.003005598219411332,0.0052521221560846345,0.0,0.003730934596206193,0.00026886842534049965
2023-09-13,0.00026886842534049965,0.0044635027749034585,0.0,0.0020931791957614406,-0.0017727594378958128
2023-09-14,-0.0017727594378958128,0.00930921669646447,0.0,0.002331025122701492,-0.009082696335297987
2023-09-15,-0.009082696335297987,0.004979322213284124,0.0,0.004792451423318145,0.002918822702197699
2023-09-18,0.002918822702197699,0.00392180963964875,0.0,0.00497283436382666,0.0022856390003425054
2023-09-19,0.0022856390003425054,0.004013528713397593,0.0,0.0048389191791244,-0.0009939536517845262
2023-09-20,-0.0009939536517845262,0.004792120125632313,0.0,0.004783790290286113,-0.0027202094957808733
2023-09-21,-0.0027202094957808733,0.005117603153838973,0.0,0.004824355580745639,0.0007992186092448136
2023-09-22,0.0007992186092448136,0.005280674183811903,0.0,0.0023303179925652953,-0.00122531937458651
2023-09-25,-0.00122531937458651,0.007334928015943393,0.0,0.0019406094689914282,-0.005352496698744066
2023-09-26,-0.005352496698744066,0.003853045818425372,0.0,0.0022996935459955346,-0.0020949525340855537
2023-09-27,-0.0020949525340855537,0.006118769614242654,0.0,0.002243445823004896,-0.006090472631852323
2023-09-28,-0.006090472631852323,0.008261911021959858,0.0,0.0028841496260690143,0.005424924814573403
2023-09-29,0.005424924814573403,0.0056254631549318285,0.0,0.004572261201895727,0.00026406078697280267
2023-10-02,0.00026406078697280267,0.009298225858608929,0.0,0.004671998532745806,-0.008028972380780758
2023-10-03,-0.008028972380780758,0.004237654420686696,0.0,0.00532188309037853,-0.0008067501641140518
2023-10-04,-0.0008067501641140518,0.00751730090217194,0.0,0.005353583598715286,0.003314779770723716
2023-10-05,0.003314779770723716,0.003422521292902275,0.0,0.0051380175630212814,0.003758088703719646
2023-10-06,0.003758088703719646,0.010830146998651318,0.0,0.004739374715876501,0.0019741653150437614
2023-10-09,0.0019741653150437614,0.005201903878996088,0.0,0.004850634936654295,0.0010784244414369746
2023-10-10,0.0010784244414369746,0.006008200848211288,0.0,0.0018340191807097788,0.0024468013261512104
2023-10-11,0.0024468013261512104,0.003845010714995508,0.0,0.001066046229766163,0.0018362293444184133
2023-10-12,0.0018362293444184133,0.008765307787198431,0.0,0.0009909663404181579,-0.008273875947999566
2023-10-13,-0.008273875947999566,0.005921578792013766,0.0,0.004546973208089506,-0.001442402272883807
2023-10-16,-0.001442402272883807,0.003639651810722243,0.0,0.00439506043384589,0.003108649372107452
2023-10-17,0.003108649372107452,0.0058358188573932645,0.0,0.004703165743287795,0.0017746511949465053
2023-10-18,0.0017746511949465053,0.006466895733328072,0.0,0.004607772602392764,-0.0032722255890128117
2023-10-19,-0.0032722255890128117,0.005361891780302816,0.0,0.004497755876155574,0.004541865427760706
2023-10-20,0.004541865427760706,0.003332772935320873,0.0,0.0032323281109825205,0.000328189985652953
2023-10-23,0.000328189985652953,0.007132204980284816,0.0,0.002993985140585246,0.007515330568956494
2023-10-24,0.007515330568956494,0.009957854972034033,0.0,0.004103791013316103,-0.007006876982751212
2023-10-25,-0.007006876982751212,0.0037658530701867882,0.0,0.00583380114477048,-0.0026558561409556923
2023-10-26,-0.0026558561409556923,0.0041061759937329615,0.0,0.005742033023380411,-0.000264123396465434
2023-10-27,-0.000264123396465434,0.005813174761634107,0.0,0.0052900733109219064,-0.00019015336292734387
2023-10-30,-0.00019015336292734387,0.007345583609636828,0.0,0.005276889776961809,0.00496607740248526
2023-10-31,0.00496607740248526,0.009559171914272675,0.0,0.004347738493928694,-0.0033910961552048305
2023-11-01,-0.0033910961552048305,0.005472712947546153,0.0,0.003272980716914625,0.0007514310744385675
2023-11-02,0.0007514310744385675,0.008107137625304538,0.0,0.003005455361430193,0.0030218690662464926
2023-11-03,0.0030218690662464926,0.011442823880400643,0.0,0.0031848351829954842,0.010590070261934276
2023-11-06,0.010590070261934276,0.0031310335543095705,0.0,0.0051769000546664015,-0.0009869601713545283
2023-11-07,-0.0009869601713545283,0.005300372018936841,0.0,0.00534738846400852,-0.0023773226566195147
2023-11-08,-0.0023773226566195147,0.005180026483021922,0.0,0.005105773628071609,0.001337967170313203
2023-11-09,0.001337967170313203,0.0043438995413684406,0.0,0.005070795183736251,-0.004008444256324299
2023-11-10,-0.004008444256324299,0.0032688868396573683,0.0,0.005755061958352158,0.0021144041770807375
2023-11-13,0.0021144041770807375,0.0037383665309811943,0.0,0.0025436392286294763,0.0010910067705588759
2023-11-14,0.0010910067705588759,0.016223176080403308,0.0,0.0026688745765608007,0.016357010041172345
2023-11-15,0.016357010041172345,0.0049981414497042975,0.0,0.007648578397752984,-0.002184097901422437
2023-11-16,-0.002184097901422437,0.005804634416427991,0.0,0.008035856446142773,-7.600105306852202e-05
2023-11-17,-7.600105306852202e-05,0.006181470832224485,0.0,0.007384354550867477,0.004896069984269191
2023-11-20,0.004896069984269191,0.0043196999872559,0.0,0.007362342032783526,0.0035620486609204824
2023-11-21,0.0035620486609204824,0.004049279649475552,0.0,0.007197945123481193,-0.002536177693585343
2023-11-22,-0.002536177693585343,0.006222056456971037,0.0,0.003361031526472433,-0.0025080369331155557
2023-11-23,-0.0025080369331155557,0.003583106563789312,0.0,0.003433642214314583,0.0014168049098633336
2023-11-24,0.0014168049098633336,0.004449943599653728,0.0,0.003417686531392912,0.0031240227376338517
2023-11-27,0.0031240227376338517,0.00305355289334597,0.0,0.0029709598270298647,0.0016424521405810828
2023-11-28,0.0016424521405810828,0.006579101955139328,0.0,0.0025945835848408807,0.004327051344560341
2023-11-29,0.004327051344560341,0.005058026277950989,0.0,0.0025821881882016912,-0.002934399365846547
2023-11-30,-0.002934399365846547,0.008245266394095061,0.0,0.0027531630809710717,-0.007467027019537532
2023-12-01,-0.007467027019537532,0.007521022944050526,0.0,0.004878668158922231,-0.00035937594202298576
2023-12-04,-0.00035937594202298576,0.007574746494797966,0.0,0.004509048033395446,-0.004638469420250361
2023-12-05,-0.004638469420250361,0.006065751799151085,0.0,0.004478177703781835,-0.004077545141317587
2023-12-06,-0.004077545141317587,0.0028251532739526327,0.0,0.002586930465495524,-0.002500922451081591
2023-12-07,-0.002500922451081591,0.003635504043508685,0.0,0.002634021172653231,0.002360648944021793
2023-12-08,0.002360648944021793,0.006400897106473322,0.0,0.0028771734359253716,-0.0024467931186417952
2023-12-11,-0.0024467931186417952,0.0033561134326255994,0.0,0.0027569873587643475,7.529351741870235e-05
2023-12-12,7.529351741870235e-05,0.005592547639626018,0.0,0.0025378284813502958,0.0029760816224084843
2023-12-13,0.0029760816224084843,0.0031703641000726274,0.0,0.002580391809706986,0.00806654911765591
2023-12-14,0.00806654911765591,0.011383003933005315,0.0,0.003909967111356883,0.009823959841428425
2023-12-15,0.009823959841428425,0.009430279560993998,0.0,0.0051965192932937635,-0.008985279259387994
2023-12-18,-0.008985279259387994,0.0032569223413252864,0.0,0.007459646373690241,0.002618234905509399
2023-12-19,0.002618234905509399,0.006583787041100025,0.0,0.007348120383558328,0.005224244187125721
2023-12-20,0.005224244187125721,0.004133606337856232,0.0,0.007422354350058646,-0.003223207515872975
2023-12-21,-0.003223207515872975,0.0058029219577679005,0.0,0.00734548381693055,0.005509994507837824
2023-12-22,0.005509994507837824,0.004212871309648858,0.0,0.006232384971097797,0.0018507322966524104
2023-12-25,0.0018507322966524104,0.0038554509678682507,0.0,0.003522006718649074,-0.0005732601708578364
2023-12-26,-0.0005732601708578364,0.0027573270910363464,0.0,0.0037532689979159336,0.002062891339460544
2023-12-27,0.002062891339460544,0.00844255172153204,0.0,0.0032567429914305934,0.005925594861729413
2023-12-28,0.005925594861729413,0.006161437253752037,0.0,0.0027302158999867763,-0.003648070996618757
2023-12-29,-0.003648070996618757,0.003904715212341373,0.0,0.003539714776156846,-0.0011173031398486696
2024-01-01,-0.0011173031398486696,0.0014351481254009073,0.0,0.0036348750892592242,-0.0015466483428338857
2024-01-02,-0.0015466483428338857,0.009427243346658228,0.0,0.003733463486519246,-0.008825030908954975
2024-01-03,-0.008825030908954975,0.006241903050472452,0.0,0.005314427550810527,-0.0012793338874625213
2024-01-04,-0.0012793338874625213,0.004865997969210012,0.0,0.00326217798799438,0.0017937674187858852
2024-01-05,0.0017937674187858852,0.01064439124178648,0.0,0.003946131338334388,-0.0004706370138586311
2024-01-08,-0.0004706370138586311,0.004899328500787612,0.0,0.0040005016945606825,0.0008647516893451855
2024-01-09,0.0008647516893451855,0.004994038285159383,0.0,0.00421813413432657,-0.001761655404589585
2024-01-10,-0.001761655404589585,0.004241731132256521,0.0,0.001481676653126838,0.0038995772423958907
2024-01-11,0.0038995772423958907,0.005462919274574051,0.0,0.002165324036830845,0.0005927674404054035
2024-01-12,0.0005927674404054035,0.0045081048515130265,0.0,0.00210225595525168,-0.0032781369315876235
2024-01-15,-0.0032781369315876235,0.0022660823012515957,0.0,0.002744783531016186,0.0
2024-01-16,0.0,0.0072708057111329355,0.0,0.0027086780737075647,-0.006132515484610715
2024-01-17,-0.006132515484610715,0.00363530171086558,0.0,0.0038429823583697883,0.0006419301064366271
2024-01-18,0.0006419301064366271,0.005402528568221515,0.0,0.002989486904388104,-0.0006093855084178445
2024-01-19,-0.0006093855084178445,0.0022417055634032265,0.0,0.002808361249054637,0.001208331125892878
2024-01-22,0.001208331125892878,0.0027135462034487516,0.0,0.002960811009188169,-0.0011103749904406092
2024-01-23,-0.0011103749904406092,0.008635385567253838,0.0,0.0029102977357577265,-0.002054265784688464
2024-01-24,-0.002054265784688464,0.007330935434256054,0.0,0.001318735683173495,0.002195704525871863
2024-01-25,0.002195704525871863,0.006821334859434513,0.0,0.0017376776954185508,-0.0031940891678824117
2024-01-26,-0.0031940891678824117,0.006444549509064681,0.0,0.002246680047854537,-0.00032535760494948154
2024-01-29,-0.00032535760494948154,0.004850705822056283,0.0,0.0020342692577039333,-0.0008346524768681695
2024-01-30,-0.0008346524768681695,0.003965071458098172,0.0,0.002030796180546918,0.0008237687543271816
2024-01-31,0.0008237687543271816,0.007193410188956743,0.0,0.0020092396553466276,-0.003647544052697876
2024-02-01,-0.003647544052697876,0.007892874146873244,0.0,0.0019159530208248893,0.006525183225310071
2024-02-02,0.006525183225310071,0.01056858806469781,0.0,0.003744060310266344,-0.008737607110913186
2024-02-05,-0.008737607110913186,0.005827629814852577,0.0,0.005628281967837625,-0.0035510454839929734
2024-02-06,-0.0035510454839929734,0.0035890972500974097,0.0,0.005717707944565873,0.0014296890422369148
2024-02-07,0.0014296890422369148,0.0025989071336188674,0.0,0.005790984345943692,0.0017226241286986182
2024-02-08,0.0017226241286986182,0.004335045735031198,0.0,0.005813379728811815,0.00014004449588271426
2024-02-09,0.00014004449588271426,0.0028354259449329474,0.0,0.004410218097626584,0.0019417861621720967
2024-02-12,0.0019417861621720967,0.004424394324295949,0.0,0.0022828135397079696,-0.0024050255479935757
2024-02-13,-0.0024050255479935757,0.008687501590783086,0.0,0.0018017322528350041,-0.005896552843757327
2024-02-14,-0.005896552843757327,0.0036344093035713025,0.0,0.003288853866896597,0.002165564317311469
2024-02-15,0.002165564317311469,0.005691465456551301,0.0,0.003381790112641095,0.003881700407994871
2024-02-16,0.003881700407994871,0.0042749379494460595,0.0,0.004001929191245801,0.0010241725388866125
2024-02-19,0.0010241725388866125,0.00248732929938622,4.322036127800508e-05,0.003906949901976955,-0.0008841038873163796
2024-02-20,-0.0008841038873163796,0.007058368250319683,0.0,0.0037530074846165297,0.0034974498351770826
2024-02-21,0.0034974498351770826,0.002829872401627786,0.0,0.0019404243169666123,0.0006706143712432586
2024-02-22,0.0006706143712432586,0.007500871451342166,0.0,0.0020103092007184844,0.00048705682179849387
2024-02-23,0.00048705682179849387,0.002371263641042616,0.0,0.001593024136046257,-0.0005195577476647977
2024-02-26,-0.0005195577476647977,0.004221553267624575,4.3300422074445e-05,0.0017216478757072528,0.0028497835192925793
2024-02-27,0.0028497835192925793,0.0029942586696728693,0.0,0.0016993598581026095,-0.0005640750300104818
2024-02-28,-0.0005640750300104818,0.004471552892637113,0.0,0.0013862348322822122,-0.0005529550220347515
2024-02-29,-0.0005529550220347515,0.0046320726930538045,0.0,0.0014725996454085515,-0.0031275423260024677
2024-03-01,-0.0031275423260024677,0.003911686249553998,0.0,0.0021250719206004688,0.0034852552521659795
2024-03-04,0.0034852552521659795,0.002574346839886386,0.0,0.0027294560459914245,0.0011500159935793875
2024-03-05,0.0011500159935793875,0.0030090126517998165,0.0,0.002441540125310525,7.59911547539199e-05
2024-03-06,7.59911547539199e-05,0.006551352640575619,0.0,0.002416097087892655,0.004002993860566666
2024-03-07,0.004002993860566666,0.006568162817465578,0.0,0.002873957286741723,0.004632161004990791
2024-03-08,0.004632161004990791,0.0046557417240177135,0.0,0.0019577295695390874,-0.0006567834304138422
2024-03-11,-0.0006567834304138422,0.003276607648947407,0.0,0.0023609550142819425,-0.0010609555545411638
2024-03-12,-0.0010609555545411638,0.0035578429471611523,0.0,0.002704722391033637,-0.00032786603029042014
2024-03-13,-0.00032786603029042014,0.0026369943260932077,0.0,0.0027595710388997672,0.0025165550941543685
2024-03-14,0.0025165550941543685,0.006497842104885172,0.0,0.002462016646376636,-0.006584324557311425
2024-03-15,-0.006584324557311425,0.0025488344969578835,0.0,0.0033119555104306215,-7.623792150198477e-05
2024-03-18,-7.623792150198477e-05,0.0024537277876020215,0.0,0.0033467474949570608,-0.000794052298820581
2024-03-19,-0.000794052298820581,0.003934564541055356,0.0,0.0033497840266610464,-0.0009782543487731165
2024-03-20,-0.0009782543487731165,0.003438788640420367,0.0,0.0033271285636834002,0.006780030280211767
2024-03-21,0.006780030280211767,0.008049987373017627,0.0,0.004753132600483961,-0.0068669447570795595
2024-03-22,-0.0068669447570795595,0.005570340682242446,0.0,0.004846850869339801,-0.0050598547354209515
2024-03-25,-0.0050598547354209515,0.003793505441913477,0.0,0.005261621644372712,0.0028355898951227965
2024-03-26,0.0028355898951227965,0.0035160389649314516,0.0,0.005602663377729935,-0.000541735721696503
2024-03-27,-0.000541735721696503,0.0025423576796380614,0.0,0.005599823516027592,-0.0017533000294245103
2024-03-28,-0.0017533000294245103,0.00488803620094649,0.0,0.003815620927574098,-0.0017503055199580492
2024-03-29,-0.0017503055199580492,0.003558010659233622,0.0,0.002837790330391631,-0.00016180108386803512
2024-04-01,-0.00016180108386803512,0.006476322389062024,0.0,0.0018789376261992932,-0.005156421839743476
2024-04-02,-0.005156421839743476,0.004974336160273013,0.0,0.0019691817395204032,0.002914025833319365
2024-04-03,0.002914025833319365,0.006236912336510757,0.0,0.0029267565810074557,0.006460427276889821
2024-04-04,0.006460427276889821,0.003761934846363738,0.0,0.004439697192289976,-0.00011923458450640673
2024-04-05,-0.00011923458450640673,0.005239484400678285,0.0,0.004294116991574723,-0.0006067326380173935
2024-04-08,-0.0006067326380173935,0.0033959379945507373,0.0,0.004323216177332831,0.003058958337697158
2024-04-09,0.003058958337697158,0.0035559798531783916,0.0,0.00285286630387273,-0.0004019198697015849
2024-04-10,-0.0004019198697015849,0.012397142392318823,0.0,0.0030640976723754804,-0.010886717095524747
2024-04-11,-0.010886717095524747,0.005153591177879354,0.0,0.005300495205008705,-0.0013847416017447754
2024-04-12,-0.0013847416017447754,0.009872048551204195,0.0,0.005230454459742192,-0.007225148247919505
2024-04-15,-0.007225148247919505,0.003936506799365075,0.0,0.005600121383055388,-0.0022446258334513653
2024-04-16,-0.0022446258334513653,0.004699487576463857,0.0,0.004465896564473634,-0.000403625498250325
2024-04-17,-0.000403625498250325,0.004191840831934893,0.0,0.004465512139730624,0.004503013980535367
2024-04-18,0.004503013980535367,0.004118706523026455,0.0,0.004197389706474352,-0.002365888034312739
2024-04-19,-0.002365888034312739,0.006441938001946259,0.0,0.0042222210101167616,0.0013207774304029281
2024-04-22,0.0013207774304029281,0.0043297063984607176,4.2615495262521516e-05,0.00285872198319139,-0.00039422626838334047
2024-04-23,-0.00039422626838334047,0.006630998044480489,0.0,0.00257498383977545,0.004709463664304997
2024-04-24,0.004709463664304997,0.003420919931006956,0.0,0.0030768950657516364,-0.0004173729458229782
2024-04-25,-0.0004173729458229782,0.004969746679621632,0.0,0.0026562615101949727,0.002775201791036396
2024-04-26,0.002775201791036396,0.0072110323550969024,0.0,0.002189437896163763,-0.002122318925900117
2024-04-29,-0.002122318925900117,0.004148383395287974,0.0,0.0027646331090570614,0.0008247938079739085
2024-04-30,0.0008247938079739085,0.004870740646716169,0.0,0.0026730821377472765,-0.004597165828774006
2024-05-01,-0.004597165828774006,0.003617891553331881,0.0,0.0028148056130948853,0.005143796890728481
2024-05-02,0.005143796890728481,0.005128700050712166,0.0,0.003861971102265758,0.0010728188714235368
2024-05-03,0.0010728188714235368,0.00786334191920499,0.0,0.0036710800785580053,0.0023316917706926814
2024-05-06,0.0023316917706926814,0.0033234828167417194,0.0,0.0035460781074781395,0.0008717944924890549
2024-05-07,0.0008717944924890549,0.0031579506755649634,0.0,0.0035457083171289492,-0.0015815538797213848
2024-05-08,-0.0015815538797213848,0.002116505728548148,0.0,0.0024504664965494132,-0.0003331609149222311
2024-05-09,-0.0003331609149222311,0.005369731569992863,0.0,0.0014869969371576544,0.003552685995199825
2024-05-10,0.003552685995199825,0.002897124395962661,0.0,0.0020458956917567164,-0.0013687557229370368
2024-05-13,-0.0013687557229370368,0.003791974031286774,0.0,0.002098036210722491,0.0021457068323342014
2024-05-14,0.0021457068323342014,0.0048109849497677435,0.0,0.0022663333126968417,0.0019447012704893634
2024-05-15,0.0019447012704893634,0.00561061933635982,0.0,0.001995774857287805,0.006934418446712236
2024-05-16,0.006934418446712236,0.0038235228758391735,0.0,0.0030030359092903846,-0.0020233852741519107
2024-05-17,-0.0020233852741519107,0.003915838485675213,0.0,0.003563287894771199,0.0007065954020106566
2024-05-20,0.0007065954020106566,0.00274876384000456,0.0,0.0032487016575756932,-0.0013476122728719713
2024-05-21,-0.0013476122728719713,0.0027151519462119585,0.0,0.0035550282415518107,-0.0005211701182829347
2024-05-22,-0.0005211701182829347,0.0038995266515608373,0.0,0.0036040405038200757,-0.0027643117547025264
2024-05-23,-0.0027643117547025264,0.004458948731615137,0.0,0.0013455702946744935,-0.00115750095218525
2024-05-24,-0.00115750095218525,0.0046655388141672825,0.0,0.0012647896605733568,0.003227302320858273
2024-05-27,0.003227302320858273,0.002346132902840822,0.0,0.002245567375942285,0.0013134725606132052
2024-05-28,0.0013134725606132052,0.002797857459956535,0.0,0.002312553999592874,-0.0009228747019577188
2024-05-29,-0.0009228747019577188,0.0045537782826058065,0.0,0.002342815801543659,-0.004622998667696261
2024-05-30,-0.004622998667696261,0.005275667534062455,0.0,0.0029482599114201515,0.003104909521282527
2024-05-31,0.003104909521282527,0.006547736203958875,0.0,0.0032834100678692216,0.0016266164009212727
2024-06-03,0.0016266164009212727,0.005791394255704896,0.0,0.003007721040916879,0.004993990868639649
2024-06-04,0.004993990868639649,0.005272696233722829,0.0,0.003740194494225146,-0.0023423607924120534
2024-06-05,-0.0023423607924120534,0.0026629066675751896,0.0,0.0039547871596465325,-0.0006743892561967788
2024-06-06,-0.0006743892561967788,0.0032226815038493384,0.0,0.0029225944620111153,0.0018284745320394033
2024-06-07,0.0018284745320394033,0.00888771004688523,0.0,0.002782469861557745,-0.01066294302103243
2024-06-10,-0.01066294302103243,0.00456349061522131,0.0,0.005884699619990439,-0.0013572604550408907
2024-06-11,-0.0013572604550408907,0.004871469961741884,0.0,0.004741637386436337,-0.002225800503826526
2024-06-12,-0.002225800503826526,0.01086802339094071,0.0,0.004743763026540659,0.006757078068328593
2024-06-13,0.006757078068328593,0.005917166286671399,0.0,0.006385295194179168,-0.006896604999001071
2024-06-14,-0.006896604999001071,0.007227044581243127,0.0,0.006563673939063444,-0.0034198826115549425
2024-06-17,-0.0034198826115549425,0.003599056766652223,0.0,0.005037614228590717,0.0035917077512609224
2024-06-18,0.0035917077512609224,0.004668181217329394,0.0,0.0055183585331237345,0.0001503782682153156
2024-06-19,0.0001503782682153156,0.0025126263859284043,0.0,0.005427549301146412,0.0008597736998856827
2024-06-20,0.0008597736998856827,0.00409034709795578,0.0,0.004073989206267388,-0.0042057311718622144
2024-06-21,-0.0042057311718622144,0.0047454751805076694,0.0,0.0032100367228368384,-0.001743605181274369
2024-06-24,-0.001743605181274369,0.005855307560358042,0.0,0.0029166497934899394,0.004198394017140161
2024-06-25,0.004198394017140161,0.0049886368950096925,0.0,0.003122775864756809,-0.002154984774998893
2024-06-26,-0.002154984774998893,0.004922706002306559,0.0,0.003235823160958679,-0.0027592942995265965
2024-06-27,-0.0027592942995265965,0.004525441937689227,0.0,0.0032298403661372467,0.0026522078836921812
2024-06-28,0.0026522078836921812,0.003263082218940438,0.0,0.003160344696523561,0.002498179976998341
2024-07-01,0.002498179976998341,0.005349575759487072,0.0,0.0031315460865331394,0.00017177131184862907
2024-07-02,0.00017177131184862907,0.0033016784623935294,0.0,0.0025263118580439127,0.001052856180220774
2024-07-03,0.001052856180220774,0.00730367323091133,0.0,0.0022029604320117397,0.0041682348697401434
2024-07-04,0.0041682348697401434,0.003004500842327158,0.0,0.0015455806557783155,0.0016094691090687886
2024-07-05,0.0016094691090687886,0.0025579283041267257,0.0,0.0015241016948841224,0.0014172852076074353
2024-07-08,0.0014172852076074353,0.002958312416334298,0.0,0.0014944307126245461,0.0004547759228130968
2024-07-09,0.0004547759228130968,0.0025835217254442716,0.0,0.0014266634078109479,-0.0014935765778125393
2024-07-10,-0.0014935765778125393,0.0015588452508239548,0.0,0.0020512880580842835,0.0017101581900879357
2024-07-11,0.0017101581900879357,0.006037549072211142,0.0,0.0013440717138606556,0.003635807059775768
2024-07-12,0.003635807059775768,0.004425962003695099,0.0,0.001873243069939057,0.0011749830043506
2024-07-15,0.0011749830043506,0.0034509298192664218,0.0,0.0018675600890866214,0.0014706445837827978
2024-07-16,0.0014706445837827978,0.00313256877528666,0.0,0.001835282164520415,8.714869009948449e-05
2024-07-17,8.714869009948449e-05,0.004660884998482547,0.0,0.0012885550552837206,0.003451186130679682
2024-07-18,0.003451186130679682,0.0033594826194092253,0.0,0.001532577864855621,-0.0035383348207792247
2024-07-19,-0.0035383348207792247,0.0022190532396722936,0.0,0.002577867597066581,-0.00021806902047437983
2024-07-22,-0.00021806902047437983,0.0025559732325541895,0.0,0.0025658650777009005,-0.0008607103043199634
2024-07-23,-0.0008607103043199634,0.0051344106002486475,0.0,0.002499685843563734,-0.003598023824621103
2024-07-24,-0.003598023824621103,0.0036648194254106305,0.0,0.002899379388545239,-0.001030279115602503
2024-07-25,-0.001030279115602503,0.003234519785822904,0.0,0.0015984283460721898,0.0010845501051682765
2024-07-26,0.0010845501051682765,0.0023783011575885704,0.0,0.0017101399826542905,0.0002279279649853626
2024-07-29,0.0002279279649853626,0.006341276806903091,0.0,0.0017668887628971308,-0.0031643268838695902
2024-07-30,-0.0031643268838695902,0.003494260593788515,0.0,0.002052434034481495,-0.000313732752850657
2024-07-31,-0.000313732752850657,0.003990773244967391,0.0,0.0016092205343047647,0.0007249515519942542
2024-08-01,0.0007249515519942542,0.005493207473898812,0.0,0.0016918972147410578,-0.003360575274130169
2024-08-02,-0.003360575274130169,0.013280589641383195,0.0,0.0019399704662668331,0.011358892636365312
2024-08-05,0.011358892636365312,0.010418595747930687,0.0,0.006030182659868693,0.0036727188635252233
2024-08-06,0.0036727188635252233,0.005338246419960254,0.0,0.005595412800760295,-0.002264177736969658
2024-08-07,-0.002264177736969658,0.002696503241368189,0.0,0.0058933885113930775,0.00017476919764680034
2024-08-08,0.00017476919764680034,0.005908253534130902,0.0,0.00592879201905405,-0.0011357816835573652
2024-08-09,-0.0011357816835573652,0.0019884741016755907,0.0,0.005501864098436504,-0.0001747493716200307
2024-08-12,-0.0001747493716200307,0.002417541127035529,0.0,0.002233358715992125,0.0020538861067455733
2024-08-13,0.0020538861067455733,0.0042782897261857515,0.0,0.0016073004241369366,0.0055381610934357155
2024-08-14,0.0055381610934357155,0.005475698977369952,0.0,0.0026412134521471976,0.0014746939005726885
2024-08-15,0.0014746939005726885,0.006024751706300389,0.0,0.002566767278995024,-0.0036826722529141836
2024-08-16,-0.0036826722529141836,0.0028832338630870634,0.0,0.0033626480978878014,0.0047515321311987135
2024-08-19,0.0047515321311987135,0.004417504150702254,0.0,0.003628272647268024,0.005561019879638232
2024-08-20,0.005561019879638232,0.004041501465213636,0.0,0.003958698735470079,0.0037320558476400963
2024-08-21,0.0037320558476400963,0.0038383328073433465,0.0,0.0037130135319951196,0.0024622620655040902
2024-08-22,0.0024622620655040902,0.005217682156961122,0.0,0.0036797771931780603,-0.0034299728738610585
2024-08-23,-0.0034299728738610585,0.008019942196624765,0.0,0.0035726965183249283,0.006345743377981108
2024-08-26,0.006345743377981108,0.004310014150059016,0.0,0.003869780569799187,-0.00207885092799286
2024-08-27,-0.00207885092799286,0.002534693341505056,0.0,0.0040760921640232645,0.0011842694816812614
2024-08-28,0.0011842694816812614,0.006843431951955949,0.0,0.0038665150977613212,-0.004750552482151741
2024-08-29,-0.004750552482151741,0.007539736499801925,0.0,0.004439458082523148,-0.004008112199441631
2024-08-30,-0.004008112199441631,0.0037634377946153402,0.0,0.004539751419573773,-0.0032191761828710523
2024-09-02,-0.0032191761828710523,0.0031787080204876694,0.0,0.0023227177907582416,0.0020453785580929677
2024-09-03,0.0020453785580929677,0.0033221474883550345,0.0,0.003133516383270948,-0.0016808504021881394
2024-09-04,-0.0016808504021881394,0.004811261586737535,0.0,0.002694013395124364,0.002854648026966245
2024-09-05,0.002854648026966245,0.00414622592740861,0.0,0.0030972936935863096,0.00276294806597193
2024-09-06,0.00276294806597193,0.007418560628005951,0.0,0.002811940957189279,-0.002153233494915558
2024-09-09,-0.002153233494915558,0.005089011193652729,0.0,0.002474674852181882,-0.004491381464581687
2024-09-10,-0.004491381464581687,0.00308814747764548,0.0,0.0032384628373791874,-0.001499998659979876
2024-09-11,-0.001499998659979876,0.004734847358121966,0.0,0.0032235326809723725,-0.0009143102407975252
2024-09-12,-0.0009143102407975252,0.0037215986537069506,0.0,0.002626827978529928,0.006063349541865301
2024-09-13,0.006063349541865301,0.002574897525470334,0.0,0.0039643535320338505,0.0009531874092985786
2024-09-16,0.0009531874092985786,0.004353416954975451,0.0,0.003902844576963127,0.003699262354885196
2024-09-17,0.003699262354885196,0.002971573238253073,0.0,0.003188272513484309,-0.000578565328448507
2024-09-18,-0.000578565328448507,0.002848436757159031,0.0,0.0029797463180229813,-0.0007449134913267066
2024-09-19,-0.0007449134913267066,0.009911104761757673,0.0,0.002941250286860183,0.004232548367000081
2024-09-20,0.004232548367000081,0.0039718771022833645,0.0,0.002343175888404032,-0.00010050347335537372
2024-09-23,-0.00010050347335537372,0.007464974221325965,0.0,0.002450937390807998,-0.004409974978158182
2024-09-24,-0.004409974978158182,0.005354679384924227,0.0,0.003072017976356415,0.007125781740235711
2024-09-25,0.007125781740235711,0.006318165893344494,0.0,0.004507076009079549,-0.005390814663425928
2024-09-26,-0.005390814663425928,0.005637342127806956,0.0,0.005403367068796833,0.004138093124158308
2024-09-27,0.004138093124158308,0.006555712194987723,0.0,0.005386281586132454,-0.0006591266714528767
2024-09-30,-0.0006591266714528767,0.006470065913049418,0.0,0.005401724730482652,-0.0029778807029176247
2024-10-01,-0.0029778807029176247,0.007605282732639561,0.0,0.005129904917497313,-0.006549189271602771
2024-10-02,-0.006549189271602771,0.004343569646450476,0.0,0.004248794804264868,-0.0013930498135306555
2024-10-03,-0.0013930498135306555,0.003523030902802903,0.0,0.003878928700693798,-0.0011704967526167996
2024-10-04,-0.0011704967526167996,0.007595615747721207,0.0,0.00239758011341466,-0.005546439110082104
2024-10-07,-0.005546439110082104,0.002686693653813212,0.0,0.0024300280051507187,0.00010970371752365722
2024-10-08,0.00010970371752365722,0.0032620403272640816,0.0,0.0029427933004762125,0.0
2024-10-09,0.0,0.0036339263924086585,0.0,0.00230677100372961,-0.0029590431965937944
2024-10-10,-0.0029590431965937944,0.0036927349125271897,0.0,0.002376883264475373,-0.00086421555971023
2024-10-11,-0.00086421555971023,0.0024523584693262207,0.0,0.0024045960447154867,-0.0007759235067422933
2024-10-14,-0.0007759235067422933,0.0031122089744182735,0.0,0.001233472116097903,-0.001484810288522294
2024-10-15,-0.001484810288522294,0.002974339641197538,0.0,0.0011075345345248242,-0.002299151620178001
2024-10-16,-0.002299151620178001,0.0030697924341467203,0.0,0.0009407710914295543,-0.001989764157045954
2024-10-17,-0.001989764157045954,0.005161812137913174,0.0,0.0006718942901242532,-0.003036945137003784
2024-10-18,-0.003036945137003784,0.0032696426509434386,0.0,0.0008506548352306653,0.0036018577389630843
2024-10-21,0.0036018577389630843,0.004458686541645905,0.0,0.002656124458818049,-0.004684178358743221
2024-10-22,-0.004684178358743221,0.003311421749285813,0.0,0.003132239536852265,-0.0019021563077478245
2024-10-23,-0.0019021563077478245,0.004244813112627047,0.0,0.003117670641593921,-0.0015536373352375663
2024-10-24,-0.0015536373352375663,0.0035859514830019774,0.0,0.003110209978440302,0.004040108121261029
2024-10-25,0.004040108121261029,0.002826665679877744,0.0,0.0037821873719079005,-0.0025512817216714694
2024-10-28,-0.0025512817216714694,0.004119878721228658,0.0,0.0032387296497125807,0.0018695482944515605
2024-10-29,0.0018695482944515605,0.005163566006977476,0.0,0.0028441524387032248,0.0003570095333019306
2024-10-30,0.0003570095333019306,0.005243467891622438,0.0,0.002642599938096324,0.0035555281178905286
2024-10-31,0.0035555281178905286,0.003990849390938246,0.0,0.0026703335754950366,0.0024788833789448966
2024-11-01,0.0024788833789448966,0.00510712500772015,0.0,0.00236633902655698,-0.0010661677399955972
2024-11-04,-0.0010661677399955972,0.004179137593416162,0.0,0.0018161077416515975,-4.3521069384201406e-05
2024-11-05,-4.3521069384201406e-05,0.004455799390911024,0.0,0.0019021939631197347,0.005539332429711126
2024-11-06,0.005539332429711126,0.022927364644427482,0.0,0.002679093344987935,-0.01858962293453205
2024-11-07,-0.01858962293453205,0.010428663090818278,0.0,0.009437321583808816,0.005769485943921089
2024-11-08,0.005769485943921089,0.008055746872641805,0.0,0.009957456811430032,-0.0074639193703969955
2024-11-11,-0.0074639193703969955,0.009301416907387004,0.0,0.010265461522543267,-0.004724823568674232
2024-11-12,-0.004724823568674232,0.006315825950096006,0.0,0.010146017036554197,-0.004479643966715406
2024-11-13,-0.004479643966715406,0.008409990843205263,0.0,0.008704132650340812,-0.004966864548694718
2024-11-14,-0.004966864548694718,0.007729216200265634,0.0,0.005140852765990827,-0.003227449035962479
2024-11-15,-0.003227449035962479,0.0063832497007055705,0.0,0.0015456920602700687,0.00034760225258057047
2024-11-18,0.00034760225258057047,0.005249681259651686,0.0,0.0022050864903885824,0.005789229842806905
2024-11-19,0.005789229842806905,0.006847479367437046,0.0,0.004478911375734383,0.0011979117760981743
2024-11-20,0.0011979117760981743,0.009787821340765761,0.0,0.004183581026722616,-0.005806694288349814
2024-11-21,-0.005806694288349814,0.00837377835536354,0.0,0.0044336084699766465,-0.0073132804671590685
2024-11-22,-0.0073132804671590685,0.01516968181528322,0.0,0.005375383535050129,0.0010054927377039545
2024-11-25,0.0010054927377039545,0.007643364267835114,0.0,0.005429204275908707,-0.0034002086829324754
2024-11-26,-0.0034002086829324754,0.01115837190631472,0.0,0.003879921563339397,0.00448025683300722
2024-11-27,0.00448025683300722,0.0102928702465896,0.0,0.004886081242063879,0.006768694192798784
2024-11-28,0.006768694192798784,0.0034123641459221344,0.0,0.005733007937932905,5.281773593727609e-05
2024-11-29,5.281773593727609e-05,0.0049704916907932755,0.0,0.003955882608103798,-0.0016992399754420314
2024-12-02,-0.0016992399754420314,0.007920437267193091,-6.330251480544086e-05,0.004261625063495833,-0.004167117568172117
2024-12-03,-0.004167117568172117,0.004614224097563136,0.0,0.0044786788894059055,0.0009139811661724639
2024-12-04,0.0009139811661724639,0.006291396737256399,0.0,0.004068381869375736,0.0003153593821823031
2024-12-05,0.0003153593821823031,0.007545662927509261,0.0,0.0020607590577595325,0.006773005972460674
2024-12-06,0.006773005972460674,0.007590789069308786,0.0,0.00406657775512774,-0.0019036466409963375
2024-12-09,-0.0019036466409963375,0.005649809944834415,0.0,0.0040942325389029584,-0.0009714799294295593
2024-12-10,-0.0009714799294295593,0.00636015281533466,0.0,0.0033955260976085075,-0.0021088709645177175
2024-12-11,-0.0021088709645177175,0.0056117832962524665,0.0,0.0036777156357869416,-0.002482680792263937
2024-12-12,-0.002482680792263937,0.006198358593952543,0.0,0.003903718038106815,-0.0031261282522741423
2024-12-13,-0.0031261282522741423,0.006553971961952023,0.0,0.0007921256295447269,0.003430831714411384
2024-12-16,0.003430831714411384,0.004667627217284557,0.0,0.002625266409071869,0.0006939144774902469
2024-12-17,0.0006939144774902469,0.005027321339048812,0.0,0.0027410767675641228,-0.0021222625439105583
2024-12-18,-0.0021222625439105583,0.004520389686964406,0.0,0.002742780844906906,-0.013892921674058333
2024-12-19,-0.013892921674058333,0.006951632499737113,0.0,0.006603836381089183,0.0014189884036627928
2024-12-20,0.0014189884036627928,0.008569194053883091,0.0,0.006889351768350639,0.006551310157174737
2024-12-23,0.006551310157174737,0.005970247142934351,0.0,0.0076178183500481686,-0.002615307224549931
2024-12-24,-0.002615307224549931,0.002286505732589364,0.0,0.007525994174125569,-0.000312110508902009
2024-12-25,-0.000312110508902009,0.0030252170560862266,0.0,0.0075699911782931405,-0.0002911159457427181
2024-12-26,-0.0002911159457427181,0.0032605147128949665,0.0,0.003443810836470341,0.0022696037204858978
2024-12-27,0.0022696037204858978,0.003670685683399656,0.0,0.003493401865958393,0.0005943154668251187
2024-12-30,0.0005943154668251187,0.00808328368840674,0.0,0.0017678486202864563,-0.002229418304886993
2024-12-31,-0.002229418304886993,0.007277319532476168,0.0,0.001632221166538196,-0.005230906422146218
2025-01-02,-0.005230906422146218,0.013885674079345722,0.0,0.0028785489025399164,-0.008113997132924225
2025-01-03,-0.008113997132924225,0.0038840925304705104,0.0,0.00422383363043884,0.003610662579582495
2025-01-06,0.003610662579582495,0.013459842457019013,0.0,0.004628912853902124,0.007831709997193506
2025-01-07,0.007831709997193506,0.00739057293353018,0.0,0.006502453425755898,-0.003939010992033952
2025-01-08,-0.003939010992033952,0.007892060223986513,0.0,0.006638203489861406,-0.0029853923848209975
2025-01-09,-0.0029853923848209975,0.003582507406156016,0.0,0.006364974609622632,-0.0016592591806951788
2025-01-10,-0.0016592591806951788,0.008812660521443338,0.0,0.0049979905328132925,-0.00517668789558367
2025-01-13,-0.00517668789558367,0.00648048117377804,0.0,0.005203016909272263,0.0020304839862355754
2025-01-14,0.0020304839862355754,0.006259465233264107,0.0,0.0027651639027289347,0.004042511093745486
2025-01-15,0.004042511093745486,0.007725075179273435,0.0,0.003745615781479438,-0.0011228832625102638
2025-01-16,-0.0011228832625102638,0.004636246298616177,0.0,0.003555474358470682,0.0006487944949134601
2025-01-17,0.0006487944949134601,0.006135339188062998,0.0,0.0034967487102040384,-0.0023871600836967814
2025-01-20,-0.0023871600836967814,0.014587712266495405,0.0,0.002538800542429764,0.013846491055079109
2025-01-21,0.013846491055079109,0.008586625044528961,0.0,0.006524585638762822,-0.0014162053621803994
2025-01-22,-0.0014162053621803994,0.005508681219241639,0.0,0.006760140407826323,0.00040591449116566636
2025-01-23,0.00040591449116566636,0.0038274640931902303,0.0,0.0066216085613952855,0.0005623270136915117
2025-01-24,0.0005623270136915117,0.010190456472708083,0.0,0.006626847337380678,0.004938921534779492
2025-01-27,0.004938921534779492,0.007585258280293657,0.0,0.006151269607441921,-0.002153932561904579
2025-01-28,-0.002153932561904579,0.0038784723272374715,0.0,0.002758017857181607,-0.001534281748592857
2025-01-29,-0.001534281748592857,0.005896310256749653,0.0,0.0027786068201511205,-0.0003649282085415779
2025-01-30,-0.0003649282085415779,0.007114311295285598,0.0,0.002802515563972243,-0.0026861791364861222
2025-01-31,-0.0026861791364861222,0.0048356602425855925,0.0,0.0030857266050207683,-0.01448189426502745
2025-02-03,-0.01448189426502745,0.011073730138797653,0.0,0.005787906300858528,0.007736208334642574
2025-02-04,0.007736208334642574,0.010676730038312272,0.0,0.00796238469453792,0.004388368698745603
2025-02-05,0.004388368698745603,0.006364771194853999,0.0,0.008519543420966596,0.0027005333349387236
2025-02-06,0.0027005333349387236,0.004879159147924827,0.0,0.008692561535991418,-0.0014550635639053737
2025-02-07,-0.0014550635639053737,0.007830877651949014,0.0,0.0086312630890494,-0.0071612243912707796
2025-02-10,-0.0071612243912707796,0.0035410359593762365,0.0,0.005746521320150251,-0.0009790906251212763
2025-02-11,-0.0009790906251212763,0.00575070710726971,0.0,0.004462430346874809,0.006137893242324767
2025-02-12,0.006137893242324767,0.007471865206015124,0.0,0.004980235478610617,0.0026050744738818675
2025-02-13,0.0026050744738818675,0.006395462882982714,0.0,0.004966734058255452,0.0066834911027321
2025-02-14,0.0066834911027321,0.00626853943441393,0.0,0.005717372095661586,0.002629322305061365
2025-02-17,0.002629322305061365,0.0037850922258944857,0.0,0.003109601354922324,-0.0003670411630294712
2025-02-18,-0.0003670411630294712,0.004167119536176733,0.0,0.002898230085191154,-0.0035378371130214345
2025-02-19,-0.0035378371130214345,0.0054908889647231705,0.0,0.0038137300699028947,-0.002619032156404236
2025-02-20,-0.002619032156404236,0.005668298981808731,0.0,0.004169446403089094,0.007604926965780966
2025-02-21,0.007604926965780966,0.005479473827015012,0.0,0.004514013379730253,-0.002454161343461908
2025-02-24,-0.002454161343461908,0.007092929842644504,0.0,0.004554971372319277,-0.0012876277983211192
2025-02-25,-0.0012876277983211192,0.005783300355576342,0.0,0.004578187072614437,0.0059808628323626345
2025-02-26,0.0059808628323626345,0.004841726932446091,0.0,0.004942312795957916,-0.0033620277203350937
2025-02-27,-0.0033620277203350937,0.00810626752546762,0.0,0.005103590975596949,-0.008969571024957386
2025-02-28,-0.008969571024957386,0.00376763592256335,0.0,0.005358083515454542,0.0018000872765831179
2025-03-03,0.0018000872765831179,0.01053954271679376,0.0,0.005603756779795104,0.006812887153838506
2025-03-04,0.006812887153838506,0.008373612512871869,0.0,0.006636251877676167,0.013448043458163524
2025-03-05,0.013448043458163524,0.01721822078198293,0.0,0.008708181983310158,0.01568010434631488
2025-03-06,0.01568010434631488,0.006351312596136846,0.0,0.009890197966986246,-0.000647444013491739
2025-03-07,-0.000647444013491739,0.00959601484708147,0.0,0.007099335914192278,0.00671099553549719
2025-03-10,0.00671099553549719,0.006188555962630478,0.0,0.006436430771134107,-0.001952945686590632
2025-03-11,-0.001952945686590632,0.008621923112158451,0.0,0.007984723510243109,0.006874012208263975
2025-03-12,0.006874012208263975,0.005252597627429285,0.0,0.007074370533949302,-0.002561529979828587
2025-03-13,-0.002561529979828587,0.0069999632065008855,0.0,0.004714192371273394,-0.0028155966319873735
2025-03-14,-0.0028155966319873735,0.007260740062013515,0.0,0.005068719722920818,0.002358530074516342
2025-03-17,0.002358530074516342,0.005491091847773989,0.0,0.004195052044667109,0.0034771243239103676
2025-03-18,0.0034771243239103676,0.005258486960609603,0.0,0.004142489987677101,0.0018579471337151732
2025-03-19,0.0018579471337151732,0.006376909005337072,0.0,0.002937721661778308,-0.002523804174013747
2025-03-20,-0.002523804174013747,0.009091969779666342,0.0,0.0029280430717051466,-0.005072068371072948
2025-03-21,-0.005072068371072948,0.005124042769385574,0.0,0.0036468678378381134,-0.001930652964778494
2025-03-24,-0.001930652964778494,0.006108785156291257,0.0,0.0034587421717011866,-0.0029753684650424346
2025-03-25,-0.0029753684650424346,0.004819319118350374,0.0,0.00252333856838702,-0.0014897398063046796
2025-03-26,-0.0014897398063046796,0.0031056889006763027,0.0,0.0013912103507162353,-0.004219871121378601
2025-03-27,-0.004219871121378601,0.0071404204639303505,0.0,0.001509301334696623,0.005471904928493531
2025-03-28,0.005471904928493531,0.007350778436200856,0.0,0.0037834188414181034,0.002119260589161071
2025-03-31,0.002119260589161071,0.005794316787483016,0.0,0.003970931178794375,-0.00046531882945168224
2025-04-01,-0.00046531882945168224,0.004726663496972905,0.0,0.003683579197938574,-0.0021182604350527302
2025-04-02,-0.0021182604350527302,0.008393686140667782,0.0,0.003768944518372311,0.010385541263550277
2025-04-03,0.010385541263550277,0.023001841572326175,0.0,0.004990149052453731,0.012304011200254634
2025-04-04,0.012304011200254634,0.01292496549068,0.0,0.006512502781017922,-0.005374859221748646
2025-04-07,-0.005374859221748646,0.013347978361070763,0.0,0.007896829675356114,-0.006318140368247303
2025-04-08,-0.006318140368247303,0.00915855227599198,0.0,0.008899134512193912,0.0059447461760063994
2025-04-09,0.0059447461760063994,0.011164182552634731,0.0,0.008746351420985158,-0.002588063832890867
2025-04-10,-0.002588063832890867,0.02495402326875402,0.0,0.008048078395201165,0.02753679368654884
2025-04-11,0.02753679368654884,0.019627565675913585,0.0,0.014101324745394099,0.007548715960574773
2025-04-14,0.007548715960574773,0.011028219028330849,0.0,0.01314176700333377,-0.0003062899835378224
2025-04-15,-0.0003062899835378224,0.008130437703280653,0.0,0.011900846712212566,-0.004152990399168905
2025-04-16,-0.004152990399168905,0.008633713994962515,0.0,0.013058231046437626,0.009177768277881679
2025-04-17,0.009177768277881679,0.004865422405795789,0.0,0.012247030747201806,0.01012583360643525
2025-04-22,0.01012583360643525,0.00804121595602375,0.0,0.00634031873990143,-0.014129519405897227
2025-04-23,-0.014129519405897227,0.00899284938723211,0.0,0.010045474227627678,-0.0021091061414329868
2025-04-24,-0.0021091061414329868,0.006355254161229491,0.0,0.01009784826684438,0.003927005358487813
2025-04-25,0.003927005358487813,0.005992800211584592,0.0,0.009956146262796442,-0.0025327013127678976
2025-04-28,-0.0025327013127678976,0.006803451739968306,0.0,0.009000101041163017,0.005801755768966518
2025-04-29,0.005801755768966518,0.004222687137375672,0.0,0.0077979863647553785,-0.0017440288024670055
2025-04-30,-0.0017440288024670055,0.006303219822135343,0.0,0.003897154502625721,-0.005667270687163898
2025-05-01,-0.005667270687163898,0.006532832477931085,0.0,0.004760426580410388,-0.0025109355398079715
2025-05-02,-0.0025109355398079715,0.009153889907230648,0.0,0.004262815219573075,0.002363767033181694
2025-05-05,0.002363767033181694,0.004564349164130663,0.0,0.004474789040012992,-0.0008714538758396441
2025-05-06,-0.0008714538758396441,0.007069186758496164,0.0,0.0028982106842598745,0.002594115160183952
2025-05-07,0.002594115160183952,0.004465268655478779,0.0,0.0034695275234453604,-0.0032274857133955054
2025-05-08,-0.0032274857133955054,0.008900467750341734,0.0,0.002704251518096307,-0.007277214631164086
2025-05-09,-0.007277214631164086,0.0081345100516547,0.0,0.004129525807062109,0.00048270107969245125
2025-05-12,0.00048270107969245125,0.014946746906352474,0.0,0.003785517807696792,-0.012010660324811337
2025-05-13,-0.012010660324811337,0.007377054023869827,0.0,0.005895369160310117,0.008076757706772984
2025-05-14,0.008076757706772984,0.007342436554985679,0.0,0.007650883187080309,-0.00032425159137525964
2025-05-15,-0.00032425159137525964,0.0047351393372531995,0.0,0.007719353531551145,0.0009621084651180851
2025-05-16,0.0009621084651180851,0.007013868830193952,0.0,0.007231368939852263,-0.00045882807253922446
2025-05-19,-0.00045882807253922446,0.010054550946982916,0.0,0.0072095678790263466,0.004091755806354839
2025-05-20,0.004091755806354839,0.0052144241858783,0.0,0.0036306141142107306,0.004842086185194891
2025-05-21,0.004842086185194891,0.00663532024370413,0.0,0.002491018686196508,0.003822646550956263
2025-05-22,0.003822646550956263,0.006835878425158877,0.0,0.002278857845153152,-0.004364242923425007
2025-05-23,-0.004364242923425007,0.00856507721555689,0.0,0.003920146921943439,0.008030940913750891
2025-05-26,0.008030940913750891,0.004360702483782845,0.0,0.004593454798232368,0.0013771138296125233
2025-05-27,0.0013771138296125233,0.0073632786310732995,0.0,0.004634454047233257,-0.004522343467707766
2025-05-28,-0.004522343467707766,0.00540921807814245,0.0,0.005402060278022891,-0.009163703876655521
2025-05-29,-0.009163703876655521,0.012669501849419791,0.0,0.006612988790281523,0.012798111458263317
2025-05-30,0.012798111458263317,0.006682539759037155,0.0,0.008945539188173191,-0.0022049726468498553
2025-06-02,-0.0022049726468498553,0.008437973252626485,0.0,0.008282304520140307,0.008780564361130163
2025-06-03,0.008780564361130163,0.0076402156404704324,0.0,0.009269668888186065,-0.006040683214396712
2025-06-04,-0.006040683214396712,0.006606191153678929,0.0,0.009522848246319007,0.003295512803373095
2025-06-05,0.003295512803373095,0.007713402017741666,0.0,0.0077103908744164265,0.0027794126788183034
2025-06-06,0.0027794126788183034,0.007542953275300103,0.0,0.005663427120398292,-0.004023623614523134
2025-06-09,-0.004023623614523134,0.004625067048320038,0.0,0.005995251532022324,0.0017697730981871202
2025-06-10,0.0017697730981871202,0.006449458000601454,0.0,0.004284031536651004,0.0008232114164616173
2025-06-11,0.0008232114164616173,0.00742565718030146,0.0,0.0029270711096069913,0.006264395784009404
2025-06-12,0.006264395784009404,0.010936505830458835,0.0,0.0037207203830271663,0.007868715947294892
2025-06-13,0.007868715947294892,0.010273662549960184,0.0,0.004714024391485725,-0.003763006263429779
2025-06-16,-0.003763006263429779,0.00778373192909345,0.0,0.0046238781021129645,-0.00046212368991705013
2025-06-17,-0.00046212368991705013,0.005329221315522837,0.0,0.004826465974248769,-0.005965765260147934
2025-06-18,-0.005965765260147934,0.0041507069677290094,0.0,0.00608307612491104,-0.0004477590782102726
2025-06-19,-0.0004477590782102726,0.003345754367225947,0.0,0.005257061839743447,0.003069228728114232
2025-06-20,0.003069228728114232,0.0033401607580501986,0.0,0.003468628766805193,-0.0010355737465834497
2025-06-23,-0.0010355737465834497,0.008365065674726302,0.0,0.0032329553149262388,0.008500688032483909
2025-06-24,0.008500688032483909,0.004566605659372102,0.0,0.005365372517716931,0.00113727887091598
2025-06-25,0.00113727887091598,0.0034829899345615095,0.0,0.003842302277191506,0.006138461676132699
2025-06-26,0.006138461676132699,0.006403507384679461,0.0,0.003817347727312732,0.000724660809128604
2025-06-27,0.000724660809128604,0.005695371395595903,0.0,0.004031033473658635,0.00300939240114897
2025-06-30,0.00300939240114897,0.00533590114194363,0.0,0.003342364731125008,0.005079122744651285
2025-07-01,0.005079122744651285,0.005303103472513336,0.0,0.0023760540769137578,0.0015571728454564678
2025-07-02,0.0015571728454564678,0.00514813185712422,0.0,0.002289999897252825,-0.00044854130647288505
2025-07-03,-0.00044854130647288505,0.007838252112915523,0.0,0.002139894130126598,-0.0024396416038004946
2025-07-04,-0.0024396416038004946,0.0025663712602065716,0.0,0.002928266689726904,0.0007889830282926394
2025-07-07,0.0007889830282926394,0.006028371342008049,0.0,0.002778523092870541,-0.0037627227491737413
2025-07-08,-0.0037627227491737413,0.006828623787012756,0.0,0.0022165418049194595,-0.0010205990022102564
2025-07-09,-0.0010205990022102564,0.0032395623957388493,0.0,0.0017678672660337575,0.0005630181784848145
2025-07-10,0.0005630181784848145,0.007256612204391952,0.0,0.0019491921624154806,-0.0024255019929678916
2025-07-11,-0.0024255019929678916,0.004086899247405872,0.0,0.0019469061590933433,-0.0017655424559013418
2025-07-14,-0.0017655424559013418,0.003595328450647426,0.0,0.0016098710548196973,-0.00135412649091044
2025-07-15,-0.00135412649091044,0.007709270007357149,0.0,0.0011164524934619627,-0.005062042569506137
2025-07-16,-0.005062042569506137,0.0131555082856235,0.0,0.002037029154860409,0.002440486181770333
2025-07-17,0.002440486181770333,0.005703746156300245,0.0,0.002696062840762996,-0.0017437986838320166
2025-07-18,-0.0017437986838320166,0.004899950450400332,0.0,0.002663022879852374,0.0013133100172195624
2025-07-21,0.0013133100172195624,0.008752249892559653,0.0,0.002928167252997278,0.00546982615089336
2025-07-22,0.00546982615089336,0.005926143389102445,0.0,0.004034096239085075,0.003807995889234174
2025-07-23,0.003807995889234174,0.0034239084406850672,0.0,0.002722978452235667,0.0029862395798766583
2025-07-24,0.0029862395798766583,0.004616395981398936,0.0,0.0027430086093674973,-0.0015412344485053924
2025-07-25,-0.0015412344485053924,0.0045325590021574385,0.0,0.002667579651261671,5.870991801312067e-05
2025-07-28,5.870991801312067e-05,0.013669376741030042,0.0,0.0028490349119952357,-0.013708151840823465
2025-07-29,-0.013708151840823465,0.006983608764949659,0.0,0.007064182417782077,-0.003958249450338446
2025-07-30,-0.003958249450338446,0.00981636563193576,0.0,0.006376346085343486,-0.010582197162934038
2025-07-31,-0.010582197162934038,0.004700740682950274,0.0,0.005940433024876528,-0.0004913783030475
2025-08-01,-0.0004913783030475,0.01648661035541538,0.0,0.006149917649633276,0.01416251795155252
2025-08-04,0.01416251795155252,0.003269574958341767,0.0,0.010884415105052697,-0.00022019763958905744
2025-08-05,-0.00022019763958905744,0.00501725140036421,0.0,0.009059250601111601,-0.00042849539230508055
2025-08-06,-0.00042849539230508055,0.007025927003866549,0.0,0.008829529941939642,0.007228292232798729
2025-08-07,0.007228292232798729,0.006952838444550961,0.0,0.006543702821793646,0.0011553279826671148
2025-08-08,0.0011553279826671148,0.004153205832639938,0.0,0.006294687853477542,-0.0024606864217705483
2025-08-11,-0.0024606864217705483,0.0073553289419078524,0.0,0.0036846485991060005,-0.002536113858242713
2025-08-12,-0.002536113858242713,0.00819596271883518,0.0,0.00401569153444449,0.005031817232866984
2025-08-13,0.005031817232866984,0.005030306488936114,0.0,0.00439358443725458,0.003064079840358529
2025-08-14,0.003064079840358529,0.006588986377978007,0.0,0.0033507229747524146,-0.005268555868744071
2025-08-15,-0.005268555868744071,0.005785535843219124,0.0,0.004301482055853548,0.004730015176767789
2025-08-18,0.004730015176767789,0.004211422642539655,0.0,0.004642946065123947,-0.003272595167235942
2025-08-19,-0.003272595167235942,0.004491366670099402,0.0,0.004792612488090194,-0.002214521376242774
2025-08-20,-0.002214521376242774,0.004183706276378545,0.0,0.004283080249763144,0.0007919897481926959
2025-08-21,0.0007919897481926959,0.005086350818757713,0.0,0.0039017208144861925,-0.003326823261899247
2025-08-22,-0.003326823261899247,0.012636660718034123,0.0,0.0034465439701489024,0.008279447377107845
2025-08-25,0.008279447377107845,0.004484091279752688,0.0,0.004895022286158457,-0.007814853701171973
2025-08-26,-0.007814853701171973,0.00533507102517887,0.0,0.005969682931525503,0.0018025532981323705
2025-08-27,0.0018025532981323705,0.005846978741778599,0.0,0.006011469354369229,0.0007335605601103757
2025-08-28,0.0007335605601103757,0.004994365475588963,0.0,0.006009471263166919,0.0028811150967894125
2025-08-29,0.0028811150967894125,0.004543532775063631,0.0,0.005804958084204612,0.0008765237913418433
2025-09-01,0.0008765237913418433,0.0040360749754583,0.0,0.004285604286255211,0.0020599100288224465
2025-09-02,0.0020599100288224465,0.008756595936923395,0.0,0.0008864142118946461,-0.0068420207751402635
2025-09-03,-0.0068420207751402635,0.006224255983450886,0.0,0.0038938021582609022,0.0020966619985556645
2025-09-04,0.0020966619985556645,0.0030612913591002927,0.0,0.004009104294253137,-0.00030316941098454533
2025-09-05,-0.00030316941098454533,0.009086950510342659,0.0,0.00372224684416754,0.004814272494272918
2025-09-08,0.004814272494272918,0.004276328712059705,0.0,0.00441743697580353,0.004766795744852672
2025-09-09,0.004766795744852672,0.005243264054181104,0.0,0.004824207939492755,-0.005656694013072186
2025-09-10,-0.005656694013072186,0.0035499723030857216,0.0,0.004354504895164846,5.85702811199617e-05
2025-09-11,5.85702811199617e-05,0.006558151506796042,0.0,0.004338344779338799,0.0026719411332327635
2025-09-12,0.0026719411332327635,0.003878067660725016,0.0,0.0043641421780144535,-0.0007038362821512996
2025-09-15,-0.0007038362821512996,0.004882435451678331,0.0,0.003940182797546913,0.0031711723364202106
2025-09-16,0.0031711723364202106,0.008008603041424835,0.0,0.0035231554934424827,0.009111157584802068
2025-09-17,0.009111157584802068,0.0032549212684412315,0.0,0.0038651677456468625,-0.0038034942077854283
2025-09-18,-0.0038034942077854283,0.008205809818586745,0.0,0.0048307099946811,-0.002987527682998781
2025-09-19,-0.002987527682998781,0.00538546930258252,0.0,0.005300302461455788,-0.004599757369383353
2025-09-22,-0.004599757369383353,0.005087821364685464,0.0,0.0058621713491816396,0.005449052770066296
2025-09-23,0.005449052770066296,0.0032452262061865166,0.0,0.006229886990062277,0.0011335600994045562
2025-09-24,0.0011335600994045562,0.007215944154051,0.0,0.004210198911106836,-0.005925077887075103
2025-09-25,-0.005925077887075103,0.007356774322421597,0.0,0.004651948109803559,-0.006998753739016789
2025-09-26,-0.006998753739016789,0.003673455286447537,0.0,0.005298183948214534,0.003891255553779332
2025-09-29,0.003891255553779332,0.00423068558447239,0.0,0.005679076560123985,0.0019806111702517447
2025-09-30,0.0019806111702517447,0.003945006670021323,0.0,0.004935414057533375,0.00037549924772429627
2025-10-01,0.00037549924772429627,0.0052800763534328575,0.0,0.004857462125899325,-0.00015258036072495198
2025-10-02,-0.00015258036072495198,0.006265313806162644,0.0,0.00412456340320349,-0.0007623361800018725
2025-10-03,-0.0007623361800018725,0.0034538323040429796,0.0,0.0018790372474028025,-0.0010781815879537045
2025-10-06,-0.0010781815879537045,0.006618632076767949,0.0,0.0012046137827901122,-0.00018739398387827448
2025-10-07,-0.00018739398387827448,0.004767236593890383,0.0,0.0005682053097768837,-0.004766464102914459
2025-10-08,-0.004766464102914459,0.004374531406144678,0.0,0.001928028084082626,-0.001944386427629532
2025-10-09,-0.001944386427629532,0.008628762055091627,0.0,0.001803148210205891,-0.005648764894055418
2025-10-10,-0.005648764894055418,0.005974871158723905,0.0,0.0023704846317041768,0.00310463988763602
2025-10-13,0.00310463988763602,0.006059814610503707,0.0,0.003544382892553516,-0.003069907661501375
2025-10-14,-0.003069907661501375,0.005364129117951787,0.0,0.0034311417984221834,0.003058297376041747
2025-10-15,0.003058297376041747,0.00396036328280383,0.0,0.0038747667359639976,0.003789498902146715
2025-10-16,0.003789498902146715,0.003000620800448546,0.0,0.004312212800605626,0.0045641461050320116
2025-10-17,0.0045641461050320116,0.006007028289328154,0.0,0.00305788997501984,-0.003608682608285511
2025-10-20,-0.003608682608285511,0.002694451693549978,0.0,0.003953192166126342,-0.0011185328701258219
2025-10-21,-0.0011185328701258219,0.0049692610154,0.0,0.0035313420121913723,-0.0037888849174725417
2025-10-22,-0.0037888849174725417,0.0033505934368035224,0.0,0.003994239856140658,0.0006962863606300936
2025-10-23,0.0006962863606300936,0.0029926400893828128,0.0,0.0034578072711057587,0.0008245819701885108
2025-10-24,0.0008245819701885108,0.003954679305387493,0.0,0.0022364844432434506,0.001174058159415402
2025-10-27,0.001174058159415402,0.0026531734159566736,0.0,0.002071889465829945,0.001722954597345136
2025-10-28,0.001722954597345136,0.00349348355742333,0.0,0.002224199682425687,0.0005245090468156377
2025-10-29,0.0005245090468156377,0.003953442190187749,0.0,0.00047471068026744154,-0.004687056236158744
2025-10-30,-0.004687056236158744,0.007503084419870683,0.0,0.0026091971283351313,-0.0026652573638042587
2025-10-31,-0.0026652573638042587,0.004669391448366342,0.0,0.0027660424342963296,-0.003846199871322375
2025-11-03,-0.003846199871322375,0.0031104120264441233,0.0,0.002787685873155235,-0.0007721360257439083
2025-11-04,-0.0007721360257439083,0.0051577368795624615,0.0,0.0021525463971553515,-0.0029215895313422433
2025-11-05,-0.0029215895313422433,0.0024228915088675192,0.0,0.0014698187985816478,0.0009768165584818885
2025-11-06,0.0009768165584818885,0.004269723154418958,0.0,0.0019332842275208428,0.004551545936366607
2025-11-07,0.004551545936366607,0.005149057392713864,0.0,0.003346139446986053,-0.0004619064573929637
2025-11-10,-0.0004619064573929637,0.0033356027810422326,-0.0009234824957199563,0.002767629862026041,0.0011550883736828707
2025-11-11,0.0011550883736828707,0.005033162284619985,-1.1552333463056412e-05,0.00271919439697164,0.002615376763782096
2025-11-12,0.002615376763782096,0.0029976478063203334,-0.00011582677170214127,0.0019000189586131171,0.00040556416479594736
2025-11-13,0.00040556416479594736,0.00599296746447097,-2.313754106142287e-05,0.0019751315757017213,0.003425554234844353
2025-11-14,0.003425554234844353,0.003919201844634115,0.00010474985233019092,0.0015883709177992574,-0.0014297542332628143
2025-11-17,-0.0014297542332628143,0.002930932099628292,5.7989798516563205e-05,0.0019038927655958978,-0.0021349466482304767
2025-11-18,-0.0021349466482304767,0.0028628354690864166,4.628473463624519e-05,0.0024331228095704786,-0.0008109940862881721
2025-11-19,-0.0008109940862881721,0.005371592535910462,1.1528701732310957e-05,0.0021851485731083455,-0.003502886982433731
2025-11-20,-0.003502886982433731,0.003778009043463697,0.0,0.002612405674235352,-0.0005307664626685978
2025-11-21,-0.0005307664626685978,0.005190841398742937,-6.923949611008377e-05,0.0011904209203113599,-0.0023387457189911476
2025-11-24,-0.0023387457189911476,0.004214523864155895,-2.299682384857648e-05,0.001211515444935304,0.001082257967005073
2025-11-25,0.001082257967005073,0.0061928417347409314,-5.763483006280981e-05,0.0017610994544334675,0.003878233380834474
2025-11-26,0.003878233380834474,0.004553724767914861,-8.101359760669753e-05,0.0029083905134429868,0.0032202570718964044
2025-11-27,0.0032202570718964044,0.0033265588364030916,-0.0001275963336909181,0.002583197174681256,-0.00019719223599180802
2025-11-28,-0.00019719223599180802,0.004255620455794319,-3.4734357695443194e-05,0.0025356395323419103,0.00013913811257868804
2025-12-01,0.00013913811257868804,0.005331270040171537,-5.80524383051565e-05,0.00183334692151178,0.0005338681523857639
2025-12-02,0.0005338681523857639,0.002658563868179105,0.0,0.0018894437994714866,0.0017426145067616567
2025-12-03,0.0017426145067616567,0.004121611265716955,-9.307948875578249e-05,0.0013994784829520664,0.003342812053854932
2025-12-04,0.003342812053854932,0.0024505316109688343,1.1648411698193331e-05,0.001446450635517266,-0.002062849287251466
2025-12-05,-0.002062849287251466,0.003683746219803479,-0.00015130782994493157,0.0020024579901483613,-0.00022118438593955202
2025-12-08,-0.00022118438593955202,0.004776165320023661,-8.14105176039748e-05,0.0020356564926618504,0.00010465908031026407
2025-12-09,0.00010465908031026407,0.0034198790646712165,0.0,0.0020516635552841863,-0.0011284787545329754
2025-12-10,-0.0011284787545329754,0.0030176730087417792,-1.1584219996024459e-05,0.0020471220983484663,0.00625216328712096
2025-12-11,0.00625216328712096,0.0065281038139454895,-5.85761075290265e-05,0.0032766004143636187,0.0032583302689056003
2025-12-12,0.0032583302689056003,0.0022633598805168573,-0.0001643760290000333,0.0030567932111915572,-0.00015263535945028118
2025-12-15,-0.00015263535945028118,0.003586239872536193,1.1679714600776962e-05,0.003046421575683189,0.001444786011798567
2025-12-16,0.001444786011798567,0.004989816927813468,-3.5291146891474913e-05,0.002931404737353014,-0.0004348603030375916
2025-12-17,-0.0004348603030375916,0.004544654402636934,-1.1769109152501377e-05,0.002761696984850795,-0.0006107669323483436
2025-12-18,-0.0006107669323483436,0.0038708949087919945,1.167505341571833e-05,0.001645657936134391,-0.001419763619046865
2025-12-19,-0.001419763619046865,0.0028469321797171447,2.3485225810446167e-05,0.0010503897040220242,-0.0014997716425493423
2025-12-22,-0.0014997716425493423,0.005308375199982976,-0.0002341262170364283,0.0011878689465853033,0.004929457555550721
2025-12-23,0.004929457555550721,0.0033400219554315883,0.00012939877297132212,0.0026898309539147326,0.0025094133829199968
2025-12-24,0.0025094133829199968,0.0029586265262320634,-1.172319909933491e-05,0.0028363447142241913,-0.0008608228780450154
2025-12-26,-0.0008608228780450154,0.003085589321767136,0.0001295903014254225,0.0028690514059372943,-0.0010718568594031668
2025-12-29,-0.0010718568594031668,0.002930630966609014,-0.0001884070442569261,0.0028073847223376853,1.1847204477791841e-05
2025-12-30,1.1847204477791841e-05,0.002985680358646359,-1.1745738777793366e-05,0.0025689001177598837,-0.0021756559939025886
2025-12-31,-0.0021756559939025886,0.0032262932191420577,7.053225363844943e-05,0.0017618815608845318,0.0002701996718946847
2026-01-02,0.0002701996718946847,0.00459825224819788,-5.883793456126074e-05,0.0009706213340971446,-0.0039052493947448214
2026-01-05,-0.0039052493947448214,0.0050081544319971905,-0.00015213723797205566,0.0017150168542342805,0.0008782538878940032
2026-01-06,0.0008782538878940032,0.0052245733124360715,-0.0001288093377612815,0.0019991535693643504,-0.0022817823442597422
2026-01-07,-0.0022817823442597422,0.002654001870101197,3.508603013011437e-05,0.001976504826638942,-0.0009814279491846623
2026-01-08,-0.0009814279491846623,0.002752062796484563,-5.839255107051309e-05,0.0019375853089778237,-0.0016217000708161422
2026-01-09,-0.0016217000708161422,0.0035330655711855808,-2.3313946627831903e-05,0.0017537313384460085,-0.002933539348951269
2026-01-12,-0.002933539348951269,0.006504059204076025,-0.00010469968265042812,0.0014614515036766285,0.0037149851574289623
2026-01-13,0.0037149851574289623,0.0034465208898645083,-8.163248625580699e-05,0.002638120835241908,-0.0020979446034860723
2026-01-14,-0.0020979446034860723,0.0022382726187380074,-6.982595318076287e-05,0.0026138360916666205,0.00032606295146563285
2026-01-15,0.00032606295146563285,0.004544996261378995,0.00010482544056116005,0.0026542285485638252,-0.0032092523812510473
2026-01-16,-0.0032092523812510473,0.003539000786786909,-4.641231758264935e-05,0.0029019941871430287,0.001370854039887487
2026-01-19,0.001370854039887487,0.0034438094441164675,9.301806601595726e-05,0.002760668050422623,0.0012212971236849435
2026-01-20,0.0012212971236849435,0.009757038835398737,-6.984627674301923e-05,0.0020637556230591477,0.007594187300257657
2026-01-21,0.007594187300257657,0.003888373373292484,0.0001523908590696655,0.003898105595881835,-0.004691796358141447
2026-01-22,-0.004691796358141447,0.006662685864793845,-8.169269719385204e-05,0.004803910706453165,0.006969632403706176
2026-01-23,0.006969632403706176,0.0039715097091602624,5.872268723130441e-05,0.005013982645645118,0.008795761610489736
2026-01-26,0.008795761610489736,0.005715954459344006,2.3724890194472723e-05,0.005656904662365462,0.0015190121488507834
2026-01-27,0.0015190121488507834,0.011618015446991016,0.00018994410603539365,0.005622096459604125,0.011815434779079346
2026-01-28,0.011815434779079346,0.008456790901098478,-0.000420609217053096,0.006532907470298024,-0.0033233987290885356
2026-01-29,-0.0033233987290885356,0.007190813482235168,9.575265317961019e-05,0.006041793598727211,-0.001005613006019161
2026-01-30,-0.001005613006019161,0.008317142514999942,-0.00017949308443625624,0.006479911927255072,-0.009787839779129372
2026-02-02,-0.009787839779129372,0.007113512676040564,-0.00010673103658067961,0.007900118823663154,-0.0042683305772816425
2026-02-03,-0.0042683305772816425,0.0037072066533306107,-3.536128983436671e-05,0.008016371890669474,0.0014758521488129476
2026-02-04,0.0014758521488129476,0.003910676015377977,-1.1904503685604076e-05,0.0042151435868824265,-0.0012280419667084874
2026-02-05,-0.0012280419667084874,0.003386386896394656,-5.898682452510556e-05,0.004325135181020629,-0.0020160851725848647
2026-02-06,-0.0020160851725848647,0.005010023792526979,3.532515948936392e-05,0.004233457966361018,0.004059767058934511
2026-02-09,0.004059767058934511,0.009080879036026042,-3.558274762921124e-05,0.003227599822315296,0.006596919769340201
2026-02-10,0.006596919769340201,0.003216953919969108,-5.948066768150966e-05,0.0036038559931183965,-0.001213452657763082
2026-02-11,-0.001213452657763082,0.007422896981211035,0.00014269510848588656,0.0038522859209424733,-0.001140744974614744
2026-02-12,-0.001140744974614744,0.0031448362200815214,5.942718418222396e-05,0.0038384778812673654,-0.0006412181154458063
2026-02-13,-0.0006412181154458063,0.002585381625530071,-0.00010685905581788806,0.003586327202849946,-8.296867967237648e-05
2026-02-16,-8.296867967237648e-05,0.00195547008779676,3.566120290159638e-05,0.0033254752733959956,-0.00148244195255782
2026-02-17,-0.00148244195255782,0.003967544981069181,-8.298772717154616e-05,0.0005543504333963253,0.00016597545472382783
2026-02-18,0.00016597545472382783,0.0036737881327138233,2.373811308957778e-05,0.0006928684177729413,-0.005330892187443716
2026-02-19,-0.005330892187443716,0.005492762555496175,-0.0001885541084575364,0.002246870124634201,-0.001672717262548906
2026-02-20,-0.001672717262548906,0.005148963294315508,0.0,0.0021980803299873476,0.005558699440544002
2026-02-23,0.005558699440544002,0.00502805332836963,0.000414164673688306,0.003962817052809792,-0.003461568540809141
2026-02-24,-0.003461568540809141,0.0024834755882033456,5.8931688771758204e-05,0.004172261518631637,-0.0015791679800708249
2026-02-25,-0.0015791679800708249,0.003104543104919708,-2.358773498521717e-05,0.004128530008175075,0.003385308042882381
2026-02-26,0.003385308042882381,0.004034696635489389,-2.3608910527475525e-05,0.0038287918253093337,-0.0010274385937266125
2026-02-27,-0.0010274385937266125,0.0028346345355568436,-3.544934979731758e-05,0.0037495741754456705,-0.0036992518169130916
2026-03-02,-0.0036992518169130916,0.010456036423793058,-5.879299402428643e-05,0.00285176895033052,-0.005301246967732741
2026-03-03,-0.005301246967732741,0.014969653147527332,0.0002339428078643379,0.0032892934391963377,-0.007295832625916373
2026-03-04,-0.007295832625916373,0.006727607355917059,0.00011611999065701225,0.004143568913460444,0.0020109002290502544
2026-03-05,0.0020109002290502544,0.007302576955830054,3.4834909168808054e-05,0.003647581759453965,-0.002370782230656385
2026-03-06,-0.002370782230656385,0.0064515194836976975,8.12385228761929e-05,0.0035069679280421828,-0.0073325559743644625
2026-03-09,-0.0073325559743644625,0.007421782500247507,-0.00020737626515036176,0.003950638989779911,0.008122175820435926
2026-03-10,0.008122175820435926,0.00476694116298588,4.648637887508478e-05,0.00658029192907623,-0.0005110465032664094
2026-03-11,-0.0005110465032664094,0.0066349330983224005,-0.00016259748663703232,0.0056934236536672934,-0.005881166978062398
2026-03-12,-0.005881166978062398,0.004845015278089316,0.00012693764531597506,0.006072295170958468,-0.0018682859083653618
2026-03-13,-0.0018682859083653618,0.008192694644655591,-4.614340459695909e-05,0.00606038560513986,-0.0075411874205572795
2026-03-16,-0.0075411874205572795,0.007486086470814271,-0.0002744110402241979,0.006111138514001578,0.005618921196097824
2026-03-17,0.005618921196097824,0.006537388173322317,0.00014940272089227147,0.005148879144947922,0.0034673611974540487
2026-03-18,0.0034673611974540487,0.005559079997673558,3.460856780035381e-05,0.0057193571017464355,-0.006521516092985272
2026-03-19,-0.006521516092985272,0.007981203473480976,0.00013758644260841016,0.005854806536496203,0.009815664723191437
2026-03-20,0.009815664723191437,0.004727264602332224,0.00016199150064702506,0.007659278150917431,-0.001503916726087853
2026-03-23,-0.001503916726087853,0.013227202773867398,-0.0003121523336374589,0.006345753857034229,0.004054317443303668
2026-03-24,0.004054317443303668,0.0040755857184525445,-5.802414934286367e-05,0.006169622347310009,0.0006502102683339267
2026-03-25,0.0006502102683339267,0.005883039400321848,6.96952521212915e-05,0.006114799556383861,-0.004588832859259411
2026-03-26,-0.004588832859259411,0.004337687346251584,-0.00027738902197125154,0.005529971320341467,-0.0022865769599887727
2026-03-27,-0.0022865769599887727,0.0038460842870777,-2.304538452619206e-05,0.0032675304418501223,-0.0037419809916972168
2026-03-30,-0.0037419809916972168,0.006919466558453077,1.1410688952502904e-05,0.003541049147649767,-0.002788683495005311
2026-03-31,-0.002788683495005311,0.00781600749291506,0.0001833204218325675,0.001996581985889963,0.00991608744961027
2026-04-01,0.00991608744961027,0.006105993429496241,0.00026621157948254607,0.005999120503010005,0.0014130283252829924
2026-04-02,0.0014130283252829924,0.007625314233090435,-8.124506102018292e-05,0.0056140704573358164,-0.004221539738742763
2026-04-03,-0.004221539738742763,0.0024093364135766887,-0.0001846400350609534,0.005913109357869907,-0.002754691613357004
2026-04-06,-0.002754691613357004,0.0054828003523458915,-0.0001611292968373405,0.0057667706243110925,0.002708418724149226
2026-04-07,0.002708418724149226,0.005043345169344809,5.763919167541326e-05,0.005547483541335896,0.012519593943219736
2026-04-08,0.012519593943219736,0.004833608933842719,-0.0003271249944807854,0.006572678831902164,-0.002334659504696524
2026-04-09,-0.002334659504696524,0.004737653595185562,0.00010491275982524356,0.006854444854208618,0.0027319920379856345
2026-04-10,0.0027319920379856345,0.005394940542983089,-5.8524185221501294e-05,0.006153205691319577,-0.0013785918865961036
2026-04-13,-0.0013785918865961036,0.0041121825117170765,0.00025686039387352085,0.005879980858352215,0.007994343068552939
2026-04-14,0.007994343068552939,0.004554296888255025,0.00045906400598708644,0.0063079232990579884,0.0025924501900808916
2026-04-15,0.0025924501900808916,0.0030994956386411806,0.0001061936780710863,0.004092431851991204,0.0008262849973659788
2026-04-16,0.0008262849973659788,0.004595889218961292,0.00011802030777170921,0.0034670148500828483,-0.002241097490693044
2026-04-17,-0.002241097490693044,0.006642912614522685,0.00031818886573746925,0.004064748377583141,-0.0035286546942598735
2026-04-20,-0.0035286546942598735,0.004420843329016066,0.00017608497897605004,0.0045392059346300705,0.0036699832731723094
2026-04-21,0.0036699832731723094,0.0038295618870735973,4.7142139316351976e-05,0.0030821384466442276,-0.0034116213946593916
2026-04-22,-0.0034116213946593916,0.004035304422127252,-0.00012919831078029488,0.003117473505317382,-0.003259636998088752
2026-04-23,-0.003259636998088752,0.003179515213036277,9.359579672378047e-05,0.0030749353263087175,-0.0018946143927692446
2026-04-24,-0.0018946143927692446,0.0040515657909088,-1.1733180536714448e-05,0.0030651080631836003,0.0019297471030217711
2026-04-27,0.0019297471030217711,0.004314322865564957,4.674314347353316e-05,0.003212750322760945,0.0014527001495128822
2026-04-28,0.0014527001495128822,0.0043113138967804405,2.3489631920518406e-05,0.0025648898198516335,-0.00048057391518446503
2026-04-29,-0.00048057391518446503,0.003272553845352691,-0.000128879362914826,0.0021946166277611572,-0.002831679949436621
2026-04-30,-0.002831679949436621,0.007037660389577994,-0.00025702858433245543,0.0020620066395812334,0.0037930034813586453
2026-05-01,0.0037930034813586453,0.005557731683613702,-9.38007272149713e-05,0.0025241652892322485,-0.00021111912782637615
2026-05-04,-0.00021111912782637615,0.004060787176264655,4.6866034710550896e-05,0.0024595661445930344,-0.0029623965157234036
2026-05-05,-0.0029623965157234036,0.003335062889538863,0.0,0.002738905103370156,0.002036381673895108
2026-05-06,0.002036381673895108,0.007170399710864276,5.851030325737543e-05,0.0029734794268632568,0.00269835650450373
2026-05-07,0.00269835650450373,0.002826943620141907,-5.875167604611342e-05,0.0026880137049849905,-0.0013500463548999234
2026-05-08,-0.0013500463548999234,0.0050646447920185056,5.87363394820326e-05,0.002348512754609804,0.0031725334606293554
2026-05-11,0.0031725334606293554,0.003425092188502634,0.0,0.0027160083858441884,0.0009418770087463499
2026-05-12,0.0009418770087463499,0.004829818398342289,0.00036515004710911404,0.001799680327597756,-0.003785844789707131
2026-05-13,-0.003785844789707131,0.003944070526201805,-7.028884448999451e-05,0.002908010148993038,-0.0016533716024022492
2026-05-14,-0.0016533716024022492,0.004192351855158874,-0.00015229461286019023,0.0026650524152793792,-0.004617111554950343
2026-05-15,-0.004617111554950343,0.003962746280178731,-3.4957872696729766e-05,0.003250953772907811,-0.004096754388778186
2026-05-18,-0.004096754388778186,0.004311872912960108,-0.00023232116965089228,0.0022993106097753155,0.0035020685475766573
2026-05-19,0.0035020685475766573,0.005321239155466604,9.318611087101396e-05,0.0033445118937069987,-0.004128979988276858
2026-05-20,-0.004128979988276858,0.0052176494028816425,0.00015089430814137965,0.003390186232165106,0.001568182992025284
2026-05-21,0.001568182992025284,0.0051687641592156825,2.327772043232162e-05,0.0038010073884122363,-0.0003602971829184201
2026-05-22,-0.0003602971829184201,0.0027351821731444992,0.00046490157325565956,0.003399015537757082,0.0018145243857003743
2026-05-25,0.0018145243857003743,0.0021191384641345338,0.0001280084153758243,0.0029174812639555805,-0.0004190825165361714
2026-05-26,-0.0004190825165361714,0.002534587443471673,0.00010470111060012689,0.002379080368958162,-4.650727306984463e-05
2026-05-27,-4.650727306984463e-05,0.0031798806907043834,-0.00015128292426512551,0.001089935510479938,-0.0016278874035307446
2026-05-28,-0.0016278874035307446,0.006046086066328613,2.3189992841050416e-05,0.0012418127049775099,0.00300191025882984
2026-05-29,0.00300191025882984,0.005117999195712293,-4.6646920152441316e-05,0.0018472191919637665,-0.0003378538109447853
2026-06-01,-0.0003378538109447853,0.005138558303495132,6.989983956809882e-05,0.0017239713413464593,-0.0011525491439393647
2026-06-02,-0.0011525491439393647,0.002224976848130807,-1.1577081231168018e-05,0.0018097550797428667,-0.0011512121904492345
2026-06-03,-0.0011512121904492345,0.0034944997708045516,4.6466933391651214e-05,0.001878026144126737,-0.0010919540194247353
2026-06-04,-0.0010919540194247353,0.004119243663489953,1.150066298241559e-05,0.001793360537223621,0.00027874633324924685
2026-06-05,0.00027874633324924685,0.009852386659981982,-0.00015087962823240485,0.0006423992476680352,-0.007784965054036914
2026-06-08,-0.007784965054036914,0.004636010434256508,-0.00018432634410314993,0.0031921375955093743,0.0005071209329366034
2026-06-09,0.0005071209329366034,0.004353226950072071,4.61205435895495e-05,0.0034049345213507795,0.0005996697912695685
2026-06-10,0.0005996697912695685,0.003471792345997217,0.0,0.003580096318140337,2.3045118985227128e-05
2026-06-11,2.3045118985227128e-05,0.003772535515684208,-0.00020767056546647846,0.0036458550186213847,0.0034897975011416765
2026-06-12,0.0034897975011416765,0.0028934330593033664,0.00020837223789601277,0.004224861213748656,0.002341085559131887
2026-06-15,0.002341085559131887,0.0024039977931589983,-0.0002900517389033127,0.0014651239913597372,-0.0007654955137831619
2026-06-16,-0.0007654955137831619,0.0037118331814711236,0.0001159921742303089,0.0017417365329001344,0.0013575097887165686
2026-06-17,0.0013575097887165686,0.0027479856011838424,5.801673736665007e-05,0.0017160041269757074,-0.008876927683615553
2026-06-18,-0.008876927683615553,0.006587753545170067,-0.00035665070195672205,0.00494175010781077,-0.004248703523925016
2026-06-19,-0.004248703523925016,0.005020111552717153,-0.00046980992871241216,0.0045821197435727155,0.00036676063195235133
2026-06-22,0.00036676063195235133,0.004105697131856638,-8.017524999372297e-05,0.004177564417678936,-0.003112998368053633
2026-06-23,-0.003112998368053633,0.005455166071061957,0.00016005438927773317,0.004073883510418377,-0.0041736184660603835
2026-06-24,-0.0041736184660603835,0.005177851070810651,2.2837665889976505e-05,0.003306485178279965,-0.002227949277312208
2026-06-25,-0.002227949277312208,0.004763345641101254,6.81439304810111e-05,0.0018951459192996822,0.0006587077601488826
2026-06-26,0.0006587077601488826,0.006959165592614494,-0.00019312421159741836,0.0021347752328289915,0.002104199930307686
2026-06-29,0.002104199930307686,0.003883483963915669,0.00010251329295818883,0.002637147270030476,0.0031930047645433632
2026-06-30,0.0031930047645433632,0.0044785239897072535,0.0002740403888554821,0.0030577753368130284,-0.0007648905000915559
2026-07-01,-0.0007648905000915559,0.004796233703171834,6.852231931755949e-05,0.002170811380984411,-0.00309968584463599
2026-07-02,-0.00309968584463599,0.008464203857532264,1.1315488389051636e-05,0.0024685625956072112,0.003921663867690867
2026-07-03,0.003921663867690867,0.003863264361328868,-9.141256200610085e-05,0.0029352088957207193,0.001314511522510873
2026-07-06,0.001314511522510873,0.0030139694429899312,0.00016011474890338076,0.002886548790703324,0.00035461372043094004
2026-07-07,0.00035461372043094004,0.0021141774602552454,-4.5840500686811816e-05,0.0025898980015926828,-0.003324001833910087
2026-07-08,-0.003324001833910087,0.0035632718836968915,0.0002508414795820368,0.0030721098388188646,0.0015977890680048963
2026-07-09,0.0015977890680048963,0.002587693686952102,1.1376212819092333e-05,0.0026385633855145006,0.0009942344924563729
2026-07-10,0.0009942344924563729,0.00386934216491296,-3.430168698615891e-05,0.002016709130533472,-0.0025349492820355857
2026-07-13,-0.0025349492820355857,0.005165388385653065,6.847096188320861e-05,0.0022048710110857002,-0.001766211714203348
2026-07-14,-0.001766211714203348,0.0072514060921444815,5.686263401334272e-05,0.0021834258530993044,0.0035354657321266347
2026-07-15,0.0035354657321266347,0.003416740620397457,-6.844490565942991e-05,0.002495963078029177,0.003983729845319621
2026-07-16,0.003983729845319621,0.0034911842194149836,-0.00025227604318949236,0.002973001563303246,-0.002234266260989724
2026-07-17,-0.002234266260989724,0.0024470661663025875,-0.00019453583416715752,0.0032677774866427607,-0.0014866558668283599
2026-07-20,-0.0014866558668283599,0.0038736877770515032,4.569270135250396e-05,0.0030767418503579716,-0.0008339405392515748
2026-07-21,-0.0008339405392515748,0.0022142938204715154,0.00018263507006858684,0.0029372485303937965,-0.001255195474598867
2026-07-22,-0.001255195474598867,0.0018837140066368893,0.00018244620738227927,0.0024837508110272027,0.0006958539290638861
2026-07-23,0.0006958539290638861,0.006367475908732461,-7.990697783225189e-05,0.0010869981185334199,-0.003065008547571583
2026-07-24,-0.003065008547571583,0.002847676200030366,5.69001788530852e-05,0.0013501046700605543,0.0015940436307042747
2026-07-27,0.0015940436307042747,0.004226787557763551,-0.000250700932404565,0.001806215346313414,-0.0022423339881133446
2026-07-28,-0.0022423339881133446,0.004167598962650772,7.958788783497562e-05,0.0019603540046183978,0.0015019039596392875
2026-07-29,0.0015019039596392875,0.002563726474004004,0.0002391764038026535,0.002193391750673652,0.007061792467471613
2026-07-30,0.007061792467471613,0.008673087294732776,-5.738067211062328e-05,0.004011940656982747,0.004897021853883186
2026-07-31,0.004897021853883186,0.00581091618861352,-0.00021884938590820943,0.003565207790103287,0.0017761862751214232
2026-08-03,0.0017761862751214232,0.004536639935133222,0.00034636762321152724,0.0035537507630617575,-0.003181073963794826
2026-08-04,-0.003181073963794826,0.0024207860240837544,-6.898888502049311e-05,0.003883004969992431,0.0021771437570203187
2026-08-05,0.0021771437570203187,0.0027613932538648033,2.2948392992456253e-05,0.003855117683785255,0.0021590052287816575
2026-08-06,0.0021590052287816575,0.0036303207907654772,0.00013864722194397642,0.002932564891977151,-0.002827611146293087
2026-08-07,-0.002827611146293087,0.005288986883659887,0.00012672748965464017,0.0027689602691077187,0.0027466383880118683
2026-08-10,0.0027466383880118683,0.0018601794511497734,5.766651567461519e-05,0.002950811675383762,-0.0008662513316416914
2026-08-11,-0.0008662513316416914,0.0017884885882802836,-2.3022788947423627e-05,0.0024183721139109603,-0.00023098256958744009
2026-08-12,-0.00023098256958744009,0.0025759028542602204,2.302916793879887e-05,0.0022810119441474958,-0.001188281208593318
2026-08-13,-0.001188281208593318,0.0029977993392331236,0.00010371114244408624,0.002039308143150767,0.00046132411172506035
2026-08-14,0.00046132411172506035,0.004644936763671545,0.00010376666803801238,0.0015654405993878004,0.0033393060236811527
2026-08-17,0.0033393060236811527,0.0034609392903951776,-0.00013882204959633987,0.0018111064639759183,0.0007641592211595729
2026-08-18,0.0007641592211595729,0.0018633546125925722,-0.0001736976662463142,0.0016907263909654846,-0.00028955401421692617
2026-08-19,-0.00028955401421692617,0.009138383620214846,0.00021994773564012102,0.0016983610161121086,0.008115303380805234
2026-08-20,0.008115303380805234,0.00348882936371964,-0.00014008498012314615,0.003434553263919352,0.0012031339673619055
2026-08-21,0.0012031339673619055,0.0036252844620289744,2.345923325804021e-05,0.003340385832100056,-0.0005375522831178441
2026-08-24,-0.0005375522831178441,0.002649297090793826,-0.0002920812816398234,0.0035752483679619388,-0.001132467741018807
2026-08-25,-0.001132467741018807,0.002028685409402753,-1.1646645674098656e-05,0.0038121645305556557,0.0005485763682370979
2026-08-26,0.0005485763682370979,0.003039572336011611,0.0,0.0037329586409788514,-0.0017029889500295855
2026-08-27,-0.0017029889500295855,0.002130856672298014,-3.487720360513687e-05,0.0011931431730495985,0.00012815208243442414
2026-08-28,0.00012815208243442414,0.005218002076482971,0.00025645576496089996,0.0009130977851797042,-0.005799725563798464
2026-08-31,-0.005799725563798464,0.0032068010721773518,-8.115351127792095e-05,0.002523362476990239,0.0024715546870549185
2026-09-01,0.0024715546870549185,0.0031310594758671697,3.4888817036359455e-05,0.003129325606923445,-0.0019034925164829416
2026-09-02,-0.0019034925164829416,0.003264504654545637,0.00045224281890961243,0.003042186224856561,-0.000880922078398651
2026-09-03,-0.000880922078398651,0.003802547413511468,3.4677389148632027e-05,0.0030413171905153327,0.0037026654659747943
2026-09-04,0.0037026654659747943,0.0039180746270248016,-2.316817160685212e-05,0.003764734231031183,-0.0012318780032317745
2026-09-07,-0.0012318780032317745,0.0023722797996866586,3.489976121378085e-05,0.002490171416837307,0.0011737495100274712
2026-09-08,0.0011737495100274712,0.002288606822515019,-3.485639013486245e-05,0.0022834342692305077,-2.3272848363381098e-05
2026-09-09,-2.3272848363381098e-05,0.002748893706641,-0.00013951672268350216,0.0019924616249701117,0.0005581939915127752
2026-09-10,0.0005581939915127752,0.004292775177606989,-0.00018625129418012857,0.0018319041329408856,-0.0020569982453986784
2026-09-11,-0.0020569982453986784,0.004134659200705305,-0.00015091466607204234,0.0013171147749493535,-0.0013806441098248665
2026-09-14,-0.0013806441098248665,0.0062005838758908485,-5.79873396364749e-05,0.0013443735883481443,-0.003922672963384257
2026-09-15,-0.003922672963384257,0.0021794824549804335,2.3122826493019745e-05,0.0017691596977652696,-0.0009465004899253249
2026-09-16,-0.0009465004899253249,0.0021480698987524456,5.7657148277446196e-05,0.0016373758589722973,-0.0058899426308765025
2026-09-17,-0.0058899426308765025,0.0035832850566299623,0.00014906159799022556,0.0020495414397059325,0.0005392648859466297
2026-09-18,0.0005392648859466297,0.0033732884254053896,0.00010326399408884013,0.0025620956777038274,0.00032134253739370984
2026-09-21,0.00032134253739370984,0.002365340789553206,3.4373286203701354e-05,0.0028183604920190707,-0.0013192633242774497
2026-09-22,-0.0013192633242774497,0.004327244316072866,2.287619010779469e-05,0.0026018318925031493,-0.0014549104745716452
2026-09-23,-0.0014549104745716452,0.005773477740392186,6.873164292350849e-05,0.002586685209095977,-0.0057873808127576086
2026-09-24,-0.0057873808127576086,0.003470430434967751,-9.111209856611549e-05,0.0025438232546668676,-0.0006257844445499598
2026-09-25,-0.0006257844445499598,0.0037751652355301926,0.00010240170248876624,0.0023518442350053473,0.00028439125008519034
2026-09-28,0.00028439125008519034,0.003319591456819118,-2.2734975664670633e-05,0.0023436608919762012,-0.00046634347638912035
2026-09-29,-0.00046634347638912035,0.003908240774885122,0.00017067726794758488,0.002415569908299197,-0.002805159870504069
2026-09-30,-0.002805159870504069,0.004273667786003158,3.3953355237977806e-05,0.0024687859615728593,-0.0012014521312761672
2026-10-01,-0.0012014521312761672,0.010568566392312484,3.388892578314729e-05,0.0011583155104105834,-0.006852019179587389
2026-10-02,-0.006852019179587389,0.0055054187392566565,8.997249639341698e-05,0.0028364605666663096,0.0010130432423282728
